txn_id,account_id,merchant_id,txn_type,amount,currency,txn_timestamp,location_id,channel,counterparty_account_id,is_fraud_label
1,663,,DEBIT,491.12,GBP,2025-06-01 00:00:00,11,MOBILE,,0
2,645,147.0,CREDIT,116.54,GBP,2025-02-16 00:00:00,34,ATM,,0
3,614,,CASH_WITHDRAWAL,42.15,GBP,2025-06-19 00:00:00,19,ONLINE,,0
4,222,121.0,TRANSFER_OUT,345.28,GBP,2025-06-03 00:00:00,10,MOBILE,639.0,0
5,676,43.0,CASH_WITHDRAWAL,1372.75,EUR,2025-02-28 00:00:00,25,ATM,,0
6,136,52.0,CASH_DEPOSIT,1719.89,GBP,2025-04-18 00:00:00,10,ONLINE,,0
7,182,158.0,CASH_DEPOSIT,82.88,GBP,2025-05-09 00:00:00,49,ONLINE,,0
8,96,34.0,CASH_DEPOSIT,1080.88,GBP,2025-08-29 00:00:00,50,ATM,,0
9,535,12.0,CASH_WITHDRAWAL,1061.98,GBP,2025-07-25 00:00:00,31,ATM,,0
10,359,190.0,CASH_WITHDRAWAL,1154.36,GBP,2025-03-07 00:00:00,31,MOBILE,,0
11,86,140.0,TRANSFER_OUT,519.32,GBP,2025-07-10 00:00:00,1,ONLINE,533.0,0
12,8,53.0,CASH_WITHDRAWAL,1609.55,GBP,2025-01-28 00:00:00,10,ATM,,0
13,668,67.0,CASH_DEPOSIT,850.01,GBP,2025-03-12 00:00:00,44,ATM,,0
14,774,142.0,CASH_DEPOSIT,967.52,GBP,2025-05-23 00:00:00,31,BRANCH,,0
15,315,199.0,CASH_WITHDRAWAL,799.27,GBP,2025-08-10 00:00:00,43,ONLINE,,0
16,766,180.0,CREDIT,205.06,GBP,2025-07-21 00:00:00,22,ONLINE,,0
17,165,163.0,DEBIT,1609.72,GBP,2025-05-01 00:00:00,39,ATM,,0
18,91,57.0,TRANSFER_IN,164.68,GBP,2025-04-09 00:00:00,26,BRANCH,729.0,0
19,612,199.0,CREDIT,1282.38,GBP,2025-02-21 00:00:00,43,BRANCH,,0
20,200,154.0,CASH_DEPOSIT,1034.05,GBP,2025-02-13 00:00:00,44,ONLINE,,0
21,369,1.0,CREDIT,178.25,GBP,2025-04-13 00:00:00,23,ATM,,0
22,416,133.0,DEBIT,1475.17,GBP,2025-01-24 00:00:00,36,BRANCH,,0
23,744,,CASH_DEPOSIT,699.45,USD,2025-02-27 00:00:00,39,MOBILE,,0
24,466,,CASH_DEPOSIT,14.28,GBP,2025-05-10 00:00:00,7,ONLINE,,0
25,516,30.0,CASH_DEPOSIT,1913.64,USD,2025-06-27 00:00:00,29,ATM,,0
26,577,63.0,TRANSFER_IN,1922.67,GBP,2025-04-28 00:00:00,38,ONLINE,494.0,0
27,120,98.0,CASH_WITHDRAWAL,1578.37,GBP,2025-06-29 00:00:00,15,BRANCH,,0
28,423,,CASH_DEPOSIT,1073.63,GBP,2025-03-09 00:00:00,16,BRANCH,,0
29,96,192.0,TRANSFER_IN,156.68,USD,2025-03-22 00:00:00,23,MOBILE,588.0,0
30,276,192.0,CASH_WITHDRAWAL,1860.86,GBP,2025-07-08 00:00:00,13,MOBILE,,0
31,754,68.0,CREDIT,462.27,GBP,2025-08-03 00:00:00,40,BRANCH,,0
32,160,31.0,DEBIT,1353.25,GBP,2025-06-07 00:00:00,1,ONLINE,,0
33,494,81.0,TRANSFER_OUT,1796.75,USD,2025-05-06 00:00:00,12,BRANCH,408.0,0
34,228,33.0,DEBIT,1053.84,GBP,2025-08-29 00:00:00,35,ONLINE,,0
35,515,176.0,CREDIT,917.11,GBP,2025-05-13 00:00:00,30,BRANCH,,0
36,706,173.0,CREDIT,761.96,GBP,2025-04-03 00:00:00,40,BRANCH,,0
37,192,61.0,TRANSFER_IN,945.33,GBP,2025-04-04 00:00:00,12,ATM,435.0,0
38,216,193.0,TRANSFER_IN,733.33,GBP,2025-04-26 00:00:00,12,MOBILE,590.0,0
39,703,26.0,CASH_WITHDRAWAL,543.55,GBP,2025-04-21 00:00:00,25,MOBILE,,0
40,150,,CASH_WITHDRAWAL,303.35,GBP,2025-02-15 00:00:00,27,ATM,,0
41,138,,CASH_WITHDRAWAL,1036.43,GBP,2025-07-21 00:00:00,32,BRANCH,,0
42,257,146.0,DEBIT,799.81,GBP,2025-01-16 00:00:00,14,BRANCH,,0
43,488,,DEBIT,902.46,GBP,2025-04-03 00:00:00,24,BRANCH,,0
44,353,32.0,TRANSFER_IN,1735.4,EUR,2025-05-28 00:00:00,37,MOBILE,800.0,0
45,292,173.0,CASH_DEPOSIT,977.55,GBP,2025-08-16 00:00:00,6,ATM,,0
46,629,162.0,CREDIT,1737.17,GBP,2025-08-26 00:00:00,22,ATM,,0
47,647,104.0,DEBIT,162.83,GBP,2025-03-22 00:00:00,21,BRANCH,,0
48,728,166.0,TRANSFER_OUT,546.14,GBP,2025-08-09 00:00:00,24,ATM,424.0,0
49,172,6.0,CREDIT,1456.91,GBP,2025-08-29 00:00:00,48,ONLINE,,0
50,216,27.0,DEBIT,132.27,EUR,2025-01-07 00:00:00,50,ATM,,0
51,537,22.0,DEBIT,528.59,GBP,2025-06-17 00:00:00,25,BRANCH,,0
52,235,73.0,TRANSFER_OUT,1254.83,GBP,2025-08-03 00:00:00,11,ONLINE,36.0,0
53,680,84.0,TRANSFER_OUT,937.05,USD,2025-05-21 00:00:00,29,MOBILE,715.0,0
54,553,153.0,TRANSFER_OUT,1263.94,GBP,2025-05-25 00:00:00,28,BRANCH,356.0,0
55,494,23.0,TRANSFER_OUT,619.2,GBP,2025-02-09 00:00:00,20,ONLINE,1.0,0
56,536,,CREDIT,691.05,GBP,2025-01-03 00:00:00,45,ATM,,0
57,774,3.0,TRANSFER_OUT,1596.94,GBP,2025-07-23 00:00:00,1,BRANCH,194.0,0
58,422,,TRANSFER_OUT,792.53,GBP,2025-07-08 00:00:00,42,ATM,388.0,0
59,226,109.0,CASH_WITHDRAWAL,482.93,GBP,2025-08-21 00:00:00,40,BRANCH,,0
60,292,137.0,TRANSFER_IN,828.74,EUR,2025-02-04 00:00:00,19,ONLINE,653.0,0
61,467,70.0,CASH_WITHDRAWAL,1247.39,GBP,2025-01-05 00:00:00,10,ONLINE,,0
62,548,27.0,TRANSFER_IN,542.04,GBP,2025-07-06 00:00:00,1,MOBILE,93.0,0
63,155,56.0,TRANSFER_IN,843.38,GBP,2025-05-08 00:00:00,24,ATM,714.0,0
64,33,193.0,CREDIT,116.8,GBP,2025-01-19 00:00:00,35,ATM,,0
65,186,65.0,TRANSFER_OUT,1657.36,GBP,2025-07-16 00:00:00,46,MOBILE,395.0,0
66,790,,CREDIT,1476.55,GBP,2025-04-28 00:00:00,48,ONLINE,,0
67,534,54.0,TRANSFER_OUT,781.3,USD,2025-02-10 00:00:00,41,ONLINE,763.0,0
68,563,65.0,TRANSFER_OUT,1278.85,GBP,2025-08-16 00:00:00,4,MOBILE,116.0,0
69,242,84.0,DEBIT,338.88,GBP,2025-01-31 00:00:00,26,MOBILE,,0
70,10,,CASH_DEPOSIT,1568.03,GBP,2025-06-02 00:00:00,10,BRANCH,,0
71,790,41.0,TRANSFER_OUT,187.35,GBP,2025-08-27 00:00:00,49,ONLINE,62.0,0
72,365,180.0,CASH_DEPOSIT,1583.98,GBP,2025-03-01 00:00:00,21,BRANCH,,0
73,450,6.0,CASH_WITHDRAWAL,758.65,GBP,2025-03-06 00:00:00,3,ATM,,0
74,724,76.0,CASH_DEPOSIT,1395.59,GBP,2025-02-17 00:00:00,35,BRANCH,,0
75,332,71.0,CASH_DEPOSIT,1829.38,GBP,2025-01-18 00:00:00,34,MOBILE,,0
76,461,68.0,CASH_DEPOSIT,737.39,GBP,2025-06-13 00:00:00,33,ATM,,0
77,752,5.0,CASH_DEPOSIT,1714.37,GBP,2025-03-03 00:00:00,21,ONLINE,,0
78,675,,TRANSFER_OUT,383.79,GBP,2025-07-16 00:00:00,36,MOBILE,628.0,0
79,290,165.0,TRANSFER_IN,225.38,GBP,2025-01-18 00:00:00,3,MOBILE,183.0,0
80,33,125.0,CREDIT,202.01,GBP,2025-08-03 00:00:00,25,ATM,,0
81,539,152.0,TRANSFER_IN,102.93,GBP,2025-07-03 00:00:00,5,ONLINE,214.0,0
82,672,21.0,TRANSFER_OUT,1603.03,GBP,2025-05-23 00:00:00,48,ATM,378.0,0
83,726,158.0,TRANSFER_IN,1060.4,GBP,2025-08-02 00:00:00,20,ONLINE,222.0,0
84,532,186.0,CREDIT,1065.66,GBP,2025-05-15 00:00:00,43,MOBILE,,0
85,584,46.0,CASH_DEPOSIT,1499.64,GBP,2025-01-28 00:00:00,50,BRANCH,,0
86,691,171.0,TRANSFER_OUT,1766.23,GBP,2025-02-16 00:00:00,36,ATM,517.0,0
87,346,137.0,CASH_DEPOSIT,888.81,GBP,2025-03-22 00:00:00,36,BRANCH,,0
88,381,163.0,TRANSFER_OUT,1653.18,GBP,2025-03-03 00:00:00,37,MOBILE,385.0,0
89,785,191.0,TRANSFER_IN,723.22,GBP,2025-04-12 00:00:00,1,ONLINE,292.0,0
90,611,35.0,TRANSFER_IN,18.1,EUR,2025-08-08 00:00:00,21,ONLINE,791.0,0
91,707,,CASH_DEPOSIT,1024.99,GBP,2025-05-27 00:00:00,10,ONLINE,,0
92,39,40.0,CREDIT,533.65,EUR,2025-03-01 00:00:00,17,BRANCH,,0
93,95,146.0,CREDIT,1469.86,GBP,2025-07-22 00:00:00,31,MOBILE,,0
94,500,,CASH_WITHDRAWAL,1407.18,GBP,2025-01-25 00:00:00,39,BRANCH,,0
95,39,148.0,TRANSFER_OUT,161.56,GBP,2025-07-17 00:00:00,22,BRANCH,445.0,0
96,427,,DEBIT,1740.22,GBP,2025-06-17 00:00:00,39,ONLINE,,0
97,650,98.0,DEBIT,613.04,GBP,2025-05-19 00:00:00,37,MOBILE,,0
98,335,57.0,CREDIT,105.79,GBP,2025-04-11 00:00:00,29,ONLINE,,0
99,228,101.0,CREDIT,268.72,GBP,2025-05-27 00:00:00,48,ONLINE,,0
100,562,22.0,TRANSFER_OUT,1006.14,GBP,2025-02-03 00:00:00,49,MOBILE,493.0,0
101,573,102.0,CASH_WITHDRAWAL,1144.8,GBP,2025-07-08 00:00:00,34,MOBILE,,0
102,249,199.0,TRANSFER_OUT,650.21,EUR,2025-01-29 00:00:00,43,ATM,434.0,0
103,375,83.0,TRANSFER_IN,1189.78,GBP,2025-03-20 00:00:00,11,BRANCH,632.0,0
104,453,113.0,DEBIT,1848.81,GBP,2025-06-25 00:00:00,24,MOBILE,,0
105,776,22.0,DEBIT,1480.47,GBP,2025-06-08 00:00:00,10,BRANCH,,0
106,15,29.0,TRANSFER_IN,902.87,GBP,2025-02-23 00:00:00,48,MOBILE,209.0,0
107,560,67.0,CASH_DEPOSIT,968.64,GBP,2025-02-06 00:00:00,45,ONLINE,,0
108,386,170.0,CASH_DEPOSIT,91.75,GBP,2025-03-14 00:00:00,13,BRANCH,,0
109,55,3.0,DEBIT,780.35,GBP,2025-08-07 00:00:00,43,BRANCH,,0
110,111,167.0,TRANSFER_OUT,466.18,GBP,2025-07-01 00:00:00,7,BRANCH,497.0,0
111,612,48.0,CREDIT,1003.8,GBP,2025-08-26 00:00:00,46,ONLINE,,0
112,41,136.0,TRANSFER_IN,670.47,GBP,2025-02-10 00:00:00,2,BRANCH,701.0,0
113,361,78.0,CREDIT,1992.01,USD,2025-07-27 00:00:00,4,BRANCH,,0
114,397,,DEBIT,1888.55,EUR,2025-02-08 00:00:00,22,ATM,,0
115,673,187.0,TRANSFER_OUT,1043.83,GBP,2025-08-12 00:00:00,41,MOBILE,428.0,0
116,247,110.0,TRANSFER_IN,1819.92,GBP,2025-05-19 00:00:00,9,MOBILE,669.0,0
117,142,176.0,CREDIT,1725.86,GBP,2025-06-30 00:00:00,34,MOBILE,,0
118,441,,CREDIT,1314.18,GBP,2025-02-10 00:00:00,21,ONLINE,,0
119,571,185.0,DEBIT,372.35,GBP,2025-02-07 00:00:00,47,ONLINE,,0
120,784,106.0,TRANSFER_OUT,610.18,GBP,2025-07-30 00:00:00,41,BRANCH,156.0,0
121,798,34.0,CREDIT,57.27,USD,2025-06-05 00:00:00,37,MOBILE,,0
122,611,176.0,DEBIT,721.73,GBP,2025-05-03 00:00:00,9,ATM,,0
123,730,48.0,TRANSFER_OUT,985.43,GBP,2025-02-19 00:00:00,15,ONLINE,419.0,0
124,783,,TRANSFER_IN,1900.65,GBP,2025-06-21 00:00:00,13,MOBILE,68.0,0
125,182,,TRANSFER_OUT,1734.92,GBP,2025-03-25 00:00:00,30,MOBILE,438.0,0
126,415,156.0,CASH_WITHDRAWAL,1649.54,GBP,2025-04-11 00:00:00,40,ONLINE,,0
127,534,117.0,DEBIT,1756.17,GBP,2025-05-18 00:00:00,26,ONLINE,,0
128,572,196.0,CASH_WITHDRAWAL,1925.37,GBP,2025-04-23 00:00:00,26,BRANCH,,0
129,793,,TRANSFER_OUT,337.14,GBP,2025-08-24 00:00:00,4,MOBILE,475.0,0
130,662,185.0,CASH_DEPOSIT,230.78,GBP,2025-08-29 00:00:00,45,MOBILE,,0
131,403,116.0,DEBIT,361.86,GBP,2025-07-02 00:00:00,13,ATM,,0
132,93,178.0,CASH_WITHDRAWAL,1814.79,GBP,2025-07-03 00:00:00,47,ONLINE,,0
133,94,116.0,CASH_WITHDRAWAL,729.07,GBP,2025-04-09 00:00:00,47,MOBILE,,0
134,388,12.0,CREDIT,1824.94,GBP,2025-06-18 00:00:00,10,MOBILE,,0
135,149,183.0,DEBIT,842.07,GBP,2025-07-16 00:00:00,29,BRANCH,,0
136,642,34.0,CREDIT,12.05,GBP,2025-01-04 00:00:00,30,ATM,,0
137,511,2.0,CASH_DEPOSIT,1765.99,GBP,2025-05-31 00:00:00,43,ATM,,0
138,465,21.0,CASH_DEPOSIT,1202.2,GBP,2025-05-21 00:00:00,18,MOBILE,,0
139,51,15.0,CASH_WITHDRAWAL,701.29,GBP,2025-01-09 00:00:00,43,BRANCH,,0
140,340,,DEBIT,222.23,EUR,2025-06-22 00:00:00,19,MOBILE,,0
141,467,93.0,DEBIT,190.79,GBP,2025-04-05 00:00:00,25,ONLINE,,0
142,777,141.0,DEBIT,589.2,GBP,2025-06-27 00:00:00,18,BRANCH,,0
143,540,54.0,CASH_WITHDRAWAL,422.06,GBP,2025-05-27 00:00:00,47,ONLINE,,0
144,496,155.0,CASH_WITHDRAWAL,577.94,GBP,2025-03-23 00:00:00,17,BRANCH,,0
145,133,128.0,CASH_DEPOSIT,1459.72,GBP,2025-07-26 00:00:00,12,MOBILE,,0
146,726,50.0,DEBIT,240.82,GBP,2025-07-23 00:00:00,8,MOBILE,,0
147,631,,TRANSFER_OUT,95.76,GBP,2025-07-26 00:00:00,41,MOBILE,12.0,0
148,656,73.0,TRANSFER_IN,1581.44,GBP,2025-05-10 00:00:00,36,BRANCH,786.0,0
149,7,86.0,TRANSFER_IN,795.12,GBP,2025-01-08 00:00:00,12,MOBILE,339.0,0
150,347,,TRANSFER_OUT,1832.75,GBP,2025-06-15 00:00:00,9,ATM,160.0,0
151,643,138.0,TRANSFER_IN,927.63,GBP,2025-08-26 00:00:00,48,ONLINE,534.0,0
152,307,174.0,TRANSFER_IN,1112.58,GBP,2025-05-28 00:00:00,44,BRANCH,363.0,0
153,68,,TRANSFER_IN,1682.27,GBP,2025-04-07 00:00:00,41,MOBILE,585.0,0
154,621,153.0,DEBIT,1729.86,GBP,2025-06-30 00:00:00,21,ONLINE,,0
155,279,128.0,CREDIT,746.31,GBP,2025-03-19 00:00:00,14,BRANCH,,0
156,180,10.0,CREDIT,1827.14,GBP,2025-01-07 00:00:00,31,MOBILE,,0
157,195,124.0,CASH_WITHDRAWAL,1748.39,GBP,2025-03-25 00:00:00,10,ONLINE,,0
158,529,34.0,CREDIT,1450.52,GBP,2025-07-02 00:00:00,34,ONLINE,,0
159,5,12.0,CASH_WITHDRAWAL,1697.01,USD,2025-04-30 00:00:00,3,ONLINE,,0
160,534,191.0,TRANSFER_IN,49.85,GBP,2025-06-13 00:00:00,14,BRANCH,206.0,0
161,198,137.0,TRANSFER_IN,1546.71,GBP,2025-03-11 00:00:00,10,MOBILE,281.0,0
162,118,160.0,CASH_DEPOSIT,1030.55,GBP,2025-03-31 00:00:00,36,BRANCH,,0
163,278,181.0,TRANSFER_IN,1150.3,GBP,2025-03-21 00:00:00,40,BRANCH,554.0,0
164,455,8.0,TRANSFER_OUT,1807.07,GBP,2025-04-09 00:00:00,4,ONLINE,437.0,0
165,402,153.0,CASH_DEPOSIT,1260.79,GBP,2025-04-25 00:00:00,40,BRANCH,,0
166,320,51.0,CASH_WITHDRAWAL,1518.01,GBP,2025-01-21 00:00:00,49,ATM,,0
167,582,179.0,TRANSFER_OUT,199.04,GBP,2025-06-14 00:00:00,46,ATM,482.0,0
168,238,,CREDIT,1722.89,GBP,2025-08-22 00:00:00,24,ATM,,0
169,188,171.0,TRANSFER_IN,1578.61,USD,2025-05-05 00:00:00,2,ONLINE,487.0,0
170,116,119.0,CREDIT,568.1,GBP,2025-05-28 00:00:00,9,ONLINE,,0
171,416,,DEBIT,655.11,GBP,2025-07-22 00:00:00,20,ATM,,0
172,411,62.0,CASH_DEPOSIT,491.16,GBP,2025-05-04 00:00:00,25,ONLINE,,0
173,349,178.0,CASH_DEPOSIT,865.14,USD,2025-05-20 00:00:00,45,MOBILE,,0
174,178,20.0,CASH_WITHDRAWAL,1862.07,GBP,2025-05-05 00:00:00,8,ATM,,0
175,334,114.0,CREDIT,619.53,GBP,2025-06-03 00:00:00,7,ATM,,0
176,336,170.0,DEBIT,185.61,GBP,2025-08-16 00:00:00,38,ONLINE,,0
177,776,39.0,TRANSFER_OUT,1064.86,GBP,2025-05-28 00:00:00,29,MOBILE,211.0,0
178,698,,TRANSFER_IN,1142.7,USD,2025-08-24 00:00:00,28,BRANCH,92.0,0
179,597,131.0,TRANSFER_OUT,1696.04,EUR,2025-04-05 00:00:00,36,ONLINE,1.0,0
180,721,92.0,DEBIT,1723.19,EUR,2025-04-21 00:00:00,45,ATM,,0
181,641,98.0,TRANSFER_OUT,766.22,GBP,2025-06-19 00:00:00,12,ATM,143.0,0
182,193,93.0,TRANSFER_OUT,312.76,EUR,2025-02-04 00:00:00,1,ONLINE,664.0,0
183,17,125.0,CASH_WITHDRAWAL,876.29,EUR,2025-02-05 00:00:00,42,ATM,,0
184,467,,CASH_WITHDRAWAL,1210.84,GBP,2025-02-16 00:00:00,30,ATM,,0
185,566,,TRANSFER_OUT,713.84,GBP,2025-06-04 00:00:00,1,ATM,749.0,0
186,243,69.0,TRANSFER_OUT,1853.5,GBP,2025-01-09 00:00:00,3,ATM,722.0,0
187,378,124.0,CASH_WITHDRAWAL,164.73,GBP,2025-05-15 00:00:00,49,BRANCH,,0
188,477,134.0,CASH_DEPOSIT,181.45,GBP,2025-07-09 00:00:00,43,ONLINE,,0
189,701,149.0,TRANSFER_IN,1228.01,EUR,2025-05-01 00:00:00,30,ATM,588.0,0
190,752,91.0,TRANSFER_IN,581.97,GBP,2025-08-25 00:00:00,39,BRANCH,745.0,0
191,578,162.0,TRANSFER_OUT,1158.39,GBP,2025-06-18 00:00:00,19,ONLINE,294.0,0
192,497,130.0,DEBIT,1703.63,GBP,2025-02-03 00:00:00,40,BRANCH,,0
193,282,,DEBIT,1484.15,GBP,2025-08-21 00:00:00,38,MOBILE,,0
194,675,45.0,TRANSFER_IN,1566.14,GBP,2025-02-16 00:00:00,34,ONLINE,352.0,0
195,87,,CASH_DEPOSIT,1868.21,GBP,2025-05-07 00:00:00,49,ATM,,0
196,789,170.0,TRANSFER_OUT,1453.37,GBP,2025-05-28 00:00:00,47,BRANCH,56.0,0
197,658,30.0,DEBIT,339.36,GBP,2025-03-19 00:00:00,31,MOBILE,,0
198,389,100.0,TRANSFER_OUT,528.94,GBP,2025-04-22 00:00:00,1,BRANCH,460.0,0
199,392,136.0,CASH_WITHDRAWAL,1911.96,GBP,2025-05-17 00:00:00,41,BRANCH,,0
200,443,167.0,TRANSFER_IN,673.26,GBP,2025-01-26 00:00:00,17,ATM,473.0,0
201,792,62.0,CASH_WITHDRAWAL,1345.42,GBP,2025-05-14 00:00:00,22,MOBILE,,0
202,321,173.0,DEBIT,1664.22,GBP,2025-01-26 00:00:00,34,ONLINE,,0
203,702,57.0,CASH_WITHDRAWAL,570.18,GBP,2025-01-07 00:00:00,40,ONLINE,,0
204,59,,CASH_WITHDRAWAL,1788.46,GBP,2025-06-03 00:00:00,41,ONLINE,,0
205,726,,DEBIT,1713.6,GBP,2025-06-18 00:00:00,49,MOBILE,,0
206,114,65.0,TRANSFER_IN,936.58,USD,2025-08-25 00:00:00,18,ATM,709.0,0
207,684,83.0,TRANSFER_IN,328.12,GBP,2025-07-18 00:00:00,4,ATM,398.0,0
208,341,,TRANSFER_IN,1911.43,GBP,2025-04-23 00:00:00,5,ATM,206.0,0
209,625,166.0,TRANSFER_OUT,221.32,GBP,2025-04-21 00:00:00,14,ONLINE,453.0,0
210,733,9.0,DEBIT,145.47,GBP,2025-07-18 00:00:00,29,ONLINE,,0
211,510,164.0,DEBIT,1866.12,GBP,2025-03-10 00:00:00,10,BRANCH,,0
212,401,132.0,CASH_WITHDRAWAL,1880.12,GBP,2025-04-22 00:00:00,26,ONLINE,,0
213,554,99.0,CASH_WITHDRAWAL,1636.86,GBP,2025-05-26 00:00:00,35,BRANCH,,0
214,342,103.0,DEBIT,1266.38,EUR,2025-04-04 00:00:00,35,BRANCH,,0
215,83,,TRANSFER_IN,1297.35,GBP,2025-01-11 00:00:00,25,MOBILE,307.0,0
216,713,28.0,CASH_WITHDRAWAL,1379.24,GBP,2025-08-15 00:00:00,41,ATM,,0
217,753,10.0,CREDIT,55.6,EUR,2025-05-06 00:00:00,25,ONLINE,,0
218,554,128.0,CASH_DEPOSIT,1930.08,GBP,2025-01-05 00:00:00,3,BRANCH,,0
219,58,185.0,DEBIT,813.99,GBP,2025-06-17 00:00:00,43,ATM,,0
220,695,,CASH_DEPOSIT,302.16,GBP,2025-08-25 00:00:00,5,ONLINE,,0
221,754,168.0,DEBIT,945.08,EUR,2025-03-04 00:00:00,45,MOBILE,,0
222,15,13.0,TRANSFER_IN,1642.37,GBP,2025-06-06 00:00:00,11,ONLINE,109.0,0
223,117,158.0,CREDIT,130.9,GBP,2025-03-28 00:00:00,48,ATM,,0
224,333,176.0,CASH_DEPOSIT,1094.04,GBP,2025-07-23 00:00:00,14,ONLINE,,0
225,608,17.0,DEBIT,551.42,GBP,2025-02-13 00:00:00,45,BRANCH,,0
226,567,63.0,CASH_DEPOSIT,86.19,GBP,2025-08-05 00:00:00,41,ATM,,0
227,797,125.0,DEBIT,17.67,GBP,2025-01-23 00:00:00,46,BRANCH,,0
228,427,198.0,TRANSFER_OUT,1386.25,GBP,2025-06-13 00:00:00,18,ATM,422.0,0
229,245,,CASH_DEPOSIT,1384.89,GBP,2025-07-03 00:00:00,32,ONLINE,,0
230,643,,TRANSFER_IN,698.97,GBP,2025-03-02 00:00:00,13,ONLINE,543.0,0
231,98,195.0,CASH_DEPOSIT,1017.54,GBP,2025-06-10 00:00:00,43,MOBILE,,0
232,284,29.0,CREDIT,1372.06,USD,2025-05-08 00:00:00,12,MOBILE,,0
233,687,,DEBIT,1291.5,GBP,2025-04-22 00:00:00,17,BRANCH,,0
234,632,,TRANSFER_OUT,91.42,GBP,2025-08-25 00:00:00,35,MOBILE,162.0,0
235,30,30.0,DEBIT,1790.68,GBP,2025-06-01 00:00:00,38,BRANCH,,0
236,430,174.0,TRANSFER_IN,463.98,GBP,2025-02-28 00:00:00,7,MOBILE,756.0,0
237,423,,TRANSFER_OUT,1783.27,GBP,2025-05-30 00:00:00,32,ONLINE,447.0,0
238,149,157.0,TRANSFER_OUT,360.23,GBP,2025-04-28 00:00:00,47,MOBILE,648.0,0
239,368,,CREDIT,675.1,GBP,2025-05-26 00:00:00,4,BRANCH,,0
240,140,120.0,TRANSFER_OUT,839.36,GBP,2025-02-26 00:00:00,19,MOBILE,654.0,0
241,627,,CASH_DEPOSIT,1940.42,EUR,2025-04-16 00:00:00,34,ATM,,0
242,222,119.0,TRANSFER_IN,33.94,GBP,2025-08-12 00:00:00,16,MOBILE,336.0,0
243,445,152.0,CREDIT,1827.94,USD,2025-01-12 00:00:00,3,ATM,,0
244,752,9.0,TRANSFER_OUT,1064.59,GBP,2025-07-24 00:00:00,45,ONLINE,464.0,0
245,508,143.0,DEBIT,1387.85,GBP,2025-02-25 00:00:00,9,BRANCH,,0
246,303,24.0,DEBIT,962.17,GBP,2025-06-30 00:00:00,30,ONLINE,,0
247,466,36.0,CASH_WITHDRAWAL,813.69,GBP,2025-04-05 00:00:00,41,ATM,,0
248,721,161.0,DEBIT,772.83,GBP,2025-05-16 00:00:00,3,BRANCH,,0
249,437,179.0,CASH_DEPOSIT,1087.16,GBP,2025-07-21 00:00:00,44,ONLINE,,0
250,636,,CASH_WITHDRAWAL,1864.83,GBP,2025-08-21 00:00:00,44,BRANCH,,0
251,53,94.0,TRANSFER_OUT,1240.17,GBP,2025-02-14 00:00:00,42,ONLINE,575.0,0
252,727,36.0,TRANSFER_IN,481.07,GBP,2025-05-03 00:00:00,48,MOBILE,772.0,0
253,763,83.0,TRANSFER_IN,1796.38,GBP,2025-04-19 00:00:00,18,ONLINE,65.0,0
254,382,125.0,CASH_DEPOSIT,1055.73,GBP,2025-07-01 00:00:00,35,BRANCH,,0
255,463,173.0,CASH_WITHDRAWAL,1618.55,EUR,2025-02-18 00:00:00,30,ONLINE,,0
256,83,46.0,TRANSFER_IN,1916.72,GBP,2025-02-12 00:00:00,18,ONLINE,714.0,0
257,152,53.0,CASH_DEPOSIT,1904.45,GBP,2025-04-17 00:00:00,44,MOBILE,,0
258,486,114.0,CASH_WITHDRAWAL,1291.15,GBP,2025-01-17 00:00:00,2,MOBILE,,0
259,533,106.0,CASH_DEPOSIT,688.87,GBP,2025-03-25 00:00:00,32,ATM,,0
260,469,34.0,TRANSFER_IN,347.62,GBP,2025-05-04 00:00:00,24,BRANCH,789.0,0
261,49,73.0,TRANSFER_OUT,1912.65,GBP,2025-02-11 00:00:00,46,BRANCH,187.0,0
262,180,,CASH_WITHDRAWAL,1809.9,GBP,2025-02-11 00:00:00,16,ONLINE,,0
263,43,,CASH_DEPOSIT,257.31,GBP,2025-02-17 00:00:00,14,ONLINE,,0
264,682,89.0,CREDIT,748.97,GBP,2025-02-11 00:00:00,35,BRANCH,,0
265,125,,TRANSFER_OUT,1862.48,GBP,2025-08-31 00:00:00,30,BRANCH,160.0,0
266,5,,CASH_DEPOSIT,1951.32,GBP,2025-06-30 00:00:00,19,ATM,,0
267,297,,CASH_DEPOSIT,1335.44,GBP,2025-07-06 00:00:00,29,BRANCH,,0
268,706,123.0,DEBIT,283.15,GBP,2025-03-20 00:00:00,2,ATM,,0
269,633,,TRANSFER_OUT,718.0,GBP,2025-06-05 00:00:00,42,MOBILE,598.0,0
270,540,197.0,TRANSFER_IN,395.45,GBP,2025-08-06 00:00:00,29,ONLINE,525.0,0
271,404,82.0,CASH_DEPOSIT,1212.13,USD,2025-04-12 00:00:00,10,ATM,,0
272,379,4.0,TRANSFER_IN,693.12,GBP,2025-04-25 00:00:00,36,ONLINE,221.0,0
273,746,,CASH_WITHDRAWAL,1985.23,GBP,2025-03-15 00:00:00,11,ATM,,0
274,747,,CREDIT,1671.85,GBP,2025-02-06 00:00:00,14,BRANCH,,0
275,487,,CASH_DEPOSIT,1973.34,GBP,2025-06-01 00:00:00,49,ATM,,0
276,91,164.0,TRANSFER_IN,831.96,GBP,2025-07-01 00:00:00,37,MOBILE,205.0,0
277,191,,TRANSFER_IN,1109.96,GBP,2025-07-31 00:00:00,20,BRANCH,506.0,0
278,573,58.0,DEBIT,1583.48,GBP,2025-03-18 00:00:00,41,ATM,,0
279,128,74.0,TRANSFER_OUT,362.85,EUR,2025-01-08 00:00:00,8,BRANCH,505.0,0
280,69,93.0,CASH_DEPOSIT,963.57,GBP,2025-03-08 00:00:00,41,ATM,,0
281,711,,TRANSFER_IN,1027.49,GBP,2025-08-05 00:00:00,17,MOBILE,596.0,0
282,60,119.0,CASH_WITHDRAWAL,275.32,GBP,2025-03-11 00:00:00,24,ATM,,0
283,652,,TRANSFER_IN,102.19,GBP,2025-06-13 00:00:00,5,MOBILE,785.0,0
284,644,25.0,CASH_DEPOSIT,1506.49,GBP,2025-08-12 00:00:00,21,BRANCH,,0
285,278,177.0,TRANSFER_IN,196.19,GBP,2025-07-30 00:00:00,10,ONLINE,141.0,0
286,531,200.0,TRANSFER_OUT,826.93,EUR,2025-01-27 00:00:00,14,MOBILE,516.0,0
287,227,,CASH_DEPOSIT,1228.79,GBP,2025-05-15 00:00:00,35,ONLINE,,0
288,428,20.0,DEBIT,1638.6,USD,2025-03-31 00:00:00,20,BRANCH,,0
289,143,,CASH_DEPOSIT,1048.63,EUR,2025-07-01 00:00:00,20,ONLINE,,0
290,763,,CREDIT,261.79,GBP,2025-06-26 00:00:00,15,BRANCH,,0
291,129,21.0,TRANSFER_OUT,1383.18,GBP,2025-01-20 00:00:00,2,ATM,776.0,0
292,442,28.0,DEBIT,1587.15,GBP,2025-01-16 00:00:00,31,ONLINE,,0
293,260,78.0,CASH_WITHDRAWAL,25.49,GBP,2025-02-01 00:00:00,39,MOBILE,,0
294,602,,CREDIT,1342.85,GBP,2025-02-07 00:00:00,48,BRANCH,,0
295,594,42.0,CASH_DEPOSIT,1562.7,GBP,2025-05-10 00:00:00,37,ONLINE,,0
296,102,,DEBIT,1060.03,GBP,2025-03-14 00:00:00,11,ONLINE,,0
297,743,55.0,CASH_DEPOSIT,1703.34,GBP,2025-06-28 00:00:00,38,MOBILE,,0
298,451,28.0,CREDIT,1670.31,USD,2025-02-24 00:00:00,33,MOBILE,,0
299,418,81.0,DEBIT,934.47,GBP,2025-05-07 00:00:00,49,BRANCH,,0
300,722,185.0,DEBIT,169.08,GBP,2025-04-09 00:00:00,19,ATM,,0
301,615,176.0,TRANSFER_OUT,455.62,GBP,2025-08-07 00:00:00,28,MOBILE,72.0,0
302,488,,TRANSFER_IN,362.7,USD,2025-06-22 00:00:00,7,ATM,449.0,0
303,536,22.0,DEBIT,291.02,GBP,2025-06-01 00:00:00,7,MOBILE,,0
304,67,51.0,TRANSFER_IN,404.53,GBP,2025-04-14 00:00:00,8,MOBILE,435.0,0
305,743,196.0,CASH_WITHDRAWAL,1533.11,GBP,2025-07-13 00:00:00,42,ATM,,0
306,365,155.0,TRANSFER_OUT,1975.11,GBP,2025-02-07 00:00:00,50,ATM,111.0,0
307,126,128.0,CREDIT,1258.6,GBP,2025-01-26 00:00:00,48,ONLINE,,0
308,70,7.0,CREDIT,768.35,GBP,2025-02-09 00:00:00,20,ONLINE,,0
309,779,193.0,CASH_DEPOSIT,1536.31,GBP,2025-02-21 00:00:00,19,ATM,,0
310,503,139.0,TRANSFER_IN,1619.92,GBP,2025-01-05 00:00:00,49,ONLINE,441.0,0
311,122,81.0,TRANSFER_OUT,887.9,GBP,2025-02-15 00:00:00,36,BRANCH,724.0,0
312,169,35.0,TRANSFER_IN,1432.87,GBP,2025-01-29 00:00:00,37,ATM,676.0,0
313,568,147.0,TRANSFER_OUT,954.44,EUR,2025-04-11 00:00:00,17,ATM,606.0,0
314,387,91.0,TRANSFER_IN,644.36,GBP,2025-01-12 00:00:00,9,BRANCH,358.0,0
315,760,196.0,CASH_WITHDRAWAL,685.81,GBP,2025-03-30 00:00:00,23,ATM,,0
316,360,63.0,CREDIT,473.07,GBP,2025-01-22 00:00:00,45,ONLINE,,0
317,313,44.0,DEBIT,1079.14,GBP,2025-06-18 00:00:00,28,ATM,,0
318,274,121.0,CASH_DEPOSIT,49.36,GBP,2025-05-27 00:00:00,25,BRANCH,,0
319,587,126.0,DEBIT,1383.27,GBP,2025-05-08 00:00:00,33,BRANCH,,0
320,171,94.0,TRANSFER_OUT,407.51,GBP,2025-07-21 00:00:00,5,MOBILE,295.0,0
321,272,147.0,TRANSFER_OUT,1610.18,GBP,2025-01-24 00:00:00,46,ONLINE,607.0,0
322,345,146.0,CASH_DEPOSIT,953.16,GBP,2025-07-23 00:00:00,5,BRANCH,,0
323,517,,TRANSFER_OUT,1328.6,GBP,2025-04-17 00:00:00,26,BRANCH,640.0,0
324,528,196.0,CASH_DEPOSIT,365.3,GBP,2025-06-30 00:00:00,34,MOBILE,,0
325,591,170.0,CASH_WITHDRAWAL,1876.52,GBP,2025-06-13 00:00:00,35,ATM,,0
326,580,16.0,CASH_DEPOSIT,405.29,GBP,2025-03-03 00:00:00,10,BRANCH,,0
327,446,17.0,CASH_WITHDRAWAL,411.1,GBP,2025-07-30 00:00:00,19,MOBILE,,0
328,263,61.0,TRANSFER_OUT,480.77,GBP,2025-01-08 00:00:00,16,BRANCH,476.0,0
329,498,112.0,TRANSFER_OUT,1295.61,GBP,2025-02-10 00:00:00,18,MOBILE,30.0,0
330,265,72.0,CASH_WITHDRAWAL,1103.66,GBP,2025-01-11 00:00:00,47,ATM,,0
331,21,22.0,TRANSFER_IN,1205.19,USD,2025-08-18 00:00:00,24,ONLINE,407.0,0
332,742,,CREDIT,228.31,GBP,2025-08-27 00:00:00,8,BRANCH,,0
333,509,,CREDIT,1201.64,GBP,2025-03-22 00:00:00,22,ATM,,0
334,767,109.0,CREDIT,292.83,GBP,2025-03-12 00:00:00,29,ATM,,0
335,261,,DEBIT,983.27,GBP,2025-08-31 00:00:00,8,BRANCH,,0
336,559,175.0,CREDIT,1926.81,EUR,2025-04-03 00:00:00,31,BRANCH,,0
337,316,156.0,DEBIT,1683.74,GBP,2025-08-29 00:00:00,4,MOBILE,,0
338,260,80.0,CASH_WITHDRAWAL,1917.17,GBP,2025-07-27 00:00:00,44,ONLINE,,0
339,548,,TRANSFER_OUT,780.0,USD,2025-08-26 00:00:00,17,BRANCH,93.0,0
340,775,54.0,CREDIT,1832.2,GBP,2025-08-14 00:00:00,50,ATM,,0
341,35,21.0,TRANSFER_OUT,944.83,GBP,2025-08-04 00:00:00,22,ATM,103.0,0
342,165,130.0,DEBIT,706.95,GBP,2025-07-28 00:00:00,36,BRANCH,,0
343,465,196.0,DEBIT,1284.54,GBP,2025-04-24 00:00:00,42,MOBILE,,0
344,4,161.0,TRANSFER_IN,630.87,GBP,2025-02-10 00:00:00,16,MOBILE,609.0,0
345,703,82.0,TRANSFER_OUT,959.34,GBP,2025-03-08 00:00:00,12,BRANCH,289.0,0
346,204,95.0,CREDIT,790.02,GBP,2025-08-02 00:00:00,37,MOBILE,,0
347,22,,CASH_DEPOSIT,1295.98,GBP,2025-08-21 00:00:00,6,ATM,,0
348,204,44.0,DEBIT,805.06,GBP,2025-03-08 00:00:00,10,ONLINE,,0
349,377,146.0,DEBIT,33.16,GBP,2025-07-17 00:00:00,30,ATM,,0
350,122,53.0,CREDIT,1892.37,GBP,2025-03-10 00:00:00,19,ATM,,0
351,392,53.0,CASH_DEPOSIT,435.06,GBP,2025-07-06 00:00:00,44,MOBILE,,0
352,429,38.0,DEBIT,583.93,GBP,2025-06-08 00:00:00,29,MOBILE,,0
353,379,166.0,TRANSFER_OUT,176.05,GBP,2025-08-12 00:00:00,21,ATM,704.0,0
354,218,182.0,TRANSFER_OUT,1473.53,GBP,2025-01-25 00:00:00,36,ONLINE,54.0,0
355,341,,TRANSFER_OUT,1816.91,EUR,2025-01-02 00:00:00,17,ATM,310.0,0
356,405,34.0,CASH_DEPOSIT,87.04,GBP,2025-02-13 00:00:00,33,ATM,,0
357,348,,CREDIT,183.85,GBP,2025-04-21 00:00:00,10,BRANCH,,0
358,120,33.0,TRANSFER_OUT,1744.0,GBP,2025-07-11 00:00:00,24,ATM,290.0,0
359,270,195.0,TRANSFER_IN,1036.36,GBP,2025-02-12 00:00:00,21,ATM,783.0,0
360,155,169.0,CASH_WITHDRAWAL,1597.45,GBP,2025-02-08 00:00:00,4,MOBILE,,0
361,188,67.0,CREDIT,1413.4,GBP,2025-08-18 00:00:00,32,ONLINE,,0
362,453,182.0,CASH_DEPOSIT,972.97,GBP,2025-08-05 00:00:00,47,MOBILE,,0
363,127,53.0,TRANSFER_IN,365.41,GBP,2025-05-11 00:00:00,18,MOBILE,598.0,0
364,5,147.0,CREDIT,835.76,GBP,2025-07-16 00:00:00,32,ONLINE,,0
365,337,175.0,CASH_WITHDRAWAL,248.37,GBP,2025-08-26 00:00:00,7,BRANCH,,0
366,158,118.0,CASH_WITHDRAWAL,1320.78,GBP,2025-03-10 00:00:00,39,ONLINE,,0
367,338,,CASH_WITHDRAWAL,1246.62,GBP,2025-08-31 00:00:00,47,MOBILE,,0
368,217,,CASH_WITHDRAWAL,569.49,GBP,2025-07-10 00:00:00,5,ATM,,0
369,95,46.0,CREDIT,1930.27,EUR,2025-01-06 00:00:00,14,MOBILE,,0
370,398,73.0,CASH_WITHDRAWAL,1506.35,GBP,2025-01-31 00:00:00,20,ATM,,0
371,443,80.0,CASH_WITHDRAWAL,1209.01,GBP,2025-01-25 00:00:00,24,MOBILE,,0
372,502,100.0,TRANSFER_OUT,540.62,GBP,2025-01-24 00:00:00,49,ATM,378.0,0
373,629,162.0,TRANSFER_OUT,190.43,GBP,2025-04-29 00:00:00,44,MOBILE,664.0,0
374,703,127.0,CASH_DEPOSIT,1260.97,GBP,2025-03-16 00:00:00,30,ATM,,0
375,82,,TRANSFER_OUT,604.28,USD,2025-08-04 00:00:00,16,ATM,303.0,0
376,583,20.0,DEBIT,1029.26,GBP,2025-04-16 00:00:00,7,ATM,,0
377,677,65.0,TRANSFER_IN,513.45,GBP,2025-05-09 00:00:00,2,ONLINE,759.0,0
378,678,47.0,TRANSFER_OUT,95.29,GBP,2025-06-30 00:00:00,20,BRANCH,602.0,0
379,742,172.0,TRANSFER_OUT,1249.5,GBP,2025-08-24 00:00:00,12,MOBILE,190.0,0
380,81,155.0,TRANSFER_IN,1743.87,GBP,2025-05-17 00:00:00,2,ONLINE,405.0,0
381,120,168.0,TRANSFER_OUT,923.03,GBP,2025-06-18 00:00:00,48,ATM,311.0,0
382,634,,CASH_DEPOSIT,724.65,GBP,2025-06-26 00:00:00,44,ATM,,0
383,310,35.0,DEBIT,385.65,GBP,2025-06-28 00:00:00,13,ONLINE,,0
384,215,38.0,CASH_WITHDRAWAL,487.35,GBP,2025-08-08 00:00:00,35,MOBILE,,0
385,89,119.0,CREDIT,950.61,GBP,2025-02-12 00:00:00,10,ATM,,0
386,497,116.0,CASH_DEPOSIT,489.05,GBP,2025-08-01 00:00:00,26,ONLINE,,0
387,342,162.0,CASH_WITHDRAWAL,866.42,GBP,2025-05-07 00:00:00,48,BRANCH,,0
388,38,125.0,CASH_DEPOSIT,1184.12,GBP,2025-06-23 00:00:00,32,MOBILE,,0
389,732,5.0,TRANSFER_OUT,1154.92,GBP,2025-03-10 00:00:00,42,ATM,485.0,0
390,120,166.0,TRANSFER_IN,899.41,GBP,2025-02-11 00:00:00,19,MOBILE,481.0,0
391,353,130.0,CREDIT,1177.38,GBP,2025-08-24 00:00:00,39,ATM,,0
392,135,,CASH_WITHDRAWAL,1424.21,USD,2025-07-23 00:00:00,31,MOBILE,,0
393,637,177.0,CASH_WITHDRAWAL,176.95,GBP,2025-02-14 00:00:00,13,MOBILE,,0
394,621,107.0,TRANSFER_OUT,610.79,GBP,2025-01-13 00:00:00,2,BRANCH,268.0,0
395,366,45.0,CASH_DEPOSIT,68.78,GBP,2025-04-21 00:00:00,8,MOBILE,,0
396,124,125.0,TRANSFER_IN,1987.36,GBP,2025-07-16 00:00:00,3,BRANCH,155.0,0
397,707,,CASH_DEPOSIT,1340.62,GBP,2025-08-26 00:00:00,29,ATM,,0
398,774,28.0,CASH_DEPOSIT,1221.26,EUR,2025-07-30 00:00:00,36,ONLINE,,0
399,520,162.0,DEBIT,1742.38,EUR,2025-07-06 00:00:00,19,ATM,,0
400,781,188.0,DEBIT,312.82,GBP,2025-07-29 00:00:00,9,ONLINE,,0
401,207,107.0,DEBIT,494.41,GBP,2025-03-29 00:00:00,19,MOBILE,,0
402,88,184.0,TRANSFER_OUT,724.48,GBP,2025-02-08 00:00:00,49,ATM,234.0,0
403,142,,TRANSFER_OUT,1836.45,USD,2025-08-30 00:00:00,2,ATM,150.0,0
404,789,133.0,DEBIT,174.13,GBP,2025-07-17 00:00:00,11,ATM,,0
405,63,10.0,CASH_WITHDRAWAL,1845.43,GBP,2025-05-28 00:00:00,4,BRANCH,,0
406,430,175.0,CASH_WITHDRAWAL,1109.45,GBP,2025-07-10 00:00:00,21,BRANCH,,0
407,9,,CASH_DEPOSIT,1222.75,GBP,2025-04-14 00:00:00,29,MOBILE,,0
408,558,159.0,CASH_WITHDRAWAL,887.08,GBP,2025-07-27 00:00:00,42,ATM,,0
409,795,78.0,DEBIT,78.76,GBP,2025-07-05 00:00:00,47,MOBILE,,0
410,533,,TRANSFER_IN,431.4,GBP,2025-03-21 00:00:00,34,BRANCH,776.0,0
411,651,8.0,CASH_DEPOSIT,1187.04,GBP,2025-07-18 00:00:00,20,ATM,,0
412,518,16.0,TRANSFER_IN,523.21,GBP,2025-02-01 00:00:00,4,ONLINE,460.0,0
413,306,2.0,TRANSFER_OUT,681.27,GBP,2025-07-10 00:00:00,38,MOBILE,359.0,0
414,307,184.0,CASH_DEPOSIT,1346.51,GBP,2025-05-14 00:00:00,48,MOBILE,,0
415,108,150.0,CREDIT,1646.57,GBP,2025-01-26 00:00:00,10,ATM,,0
416,422,16.0,TRANSFER_OUT,1777.58,GBP,2025-04-25 00:00:00,5,BRANCH,694.0,0
417,539,144.0,CASH_DEPOSIT,1558.76,USD,2025-06-12 00:00:00,28,ATM,,0
418,706,,TRANSFER_OUT,1464.78,GBP,2025-02-11 00:00:00,10,MOBILE,497.0,0
419,729,181.0,CASH_DEPOSIT,1727.23,GBP,2025-02-24 00:00:00,30,ATM,,0
420,34,144.0,TRANSFER_IN,1843.79,GBP,2025-08-07 00:00:00,27,ONLINE,124.0,0
421,379,11.0,CASH_DEPOSIT,310.84,GBP,2025-04-06 00:00:00,20,BRANCH,,0
422,498,37.0,CREDIT,1568.67,GBP,2025-08-28 00:00:00,20,BRANCH,,0
423,221,190.0,TRANSFER_OUT,9.16,GBP,2025-01-18 00:00:00,3,ATM,493.0,0
424,587,116.0,TRANSFER_IN,1563.79,GBP,2025-07-04 00:00:00,39,MOBILE,781.0,0
425,142,118.0,TRANSFER_OUT,1336.11,GBP,2025-07-06 00:00:00,21,ONLINE,640.0,0
426,681,100.0,CREDIT,1800.99,GBP,2025-01-12 00:00:00,43,ATM,,0
427,754,23.0,CREDIT,1415.88,GBP,2025-07-23 00:00:00,50,BRANCH,,0
428,575,165.0,CASH_DEPOSIT,174.88,EUR,2025-05-26 00:00:00,34,MOBILE,,0
429,769,5.0,DEBIT,1318.22,GBP,2025-01-05 00:00:00,18,MOBILE,,0
430,252,,CASH_DEPOSIT,891.24,GBP,2025-06-05 00:00:00,21,ATM,,0
431,604,6.0,TRANSFER_IN,876.85,GBP,2025-08-09 00:00:00,34,BRANCH,392.0,0
432,264,26.0,CASH_DEPOSIT,340.47,GBP,2025-03-07 00:00:00,50,ONLINE,,0
433,158,105.0,CASH_WITHDRAWAL,342.54,GBP,2025-03-25 00:00:00,12,ONLINE,,0
434,731,100.0,DEBIT,643.48,GBP,2025-03-24 00:00:00,17,ATM,,0
435,124,62.0,CASH_DEPOSIT,1174.13,GBP,2025-07-12 00:00:00,33,ATM,,0
436,118,82.0,TRANSFER_OUT,1108.48,GBP,2025-01-08 00:00:00,27,MOBILE,20.0,0
437,276,151.0,CASH_WITHDRAWAL,207.51,GBP,2025-06-16 00:00:00,9,BRANCH,,0
438,582,22.0,CASH_WITHDRAWAL,1003.36,GBP,2025-02-06 00:00:00,24,MOBILE,,0
439,252,109.0,CASH_DEPOSIT,906.23,GBP,2025-04-29 00:00:00,40,BRANCH,,0
440,669,,DEBIT,125.05,USD,2025-06-03 00:00:00,17,ATM,,0
441,360,,CREDIT,1172.39,GBP,2025-01-12 00:00:00,11,ONLINE,,0
442,308,179.0,DEBIT,1661.84,GBP,2025-03-13 00:00:00,28,MOBILE,,0
443,626,82.0,CASH_WITHDRAWAL,1891.09,GBP,2025-07-12 00:00:00,46,ATM,,0
444,280,83.0,TRANSFER_IN,425.19,USD,2025-01-05 00:00:00,45,MOBILE,662.0,0
445,3,2.0,DEBIT,1347.05,GBP,2025-08-18 00:00:00,45,ATM,,0
446,781,21.0,CASH_WITHDRAWAL,1304.28,GBP,2025-08-17 00:00:00,43,ATM,,0
447,689,97.0,CASH_DEPOSIT,719.14,GBP,2025-07-16 00:00:00,45,ONLINE,,0
448,128,50.0,TRANSFER_OUT,23.68,GBP,2025-07-14 00:00:00,18,BRANCH,197.0,0
449,93,,CASH_WITHDRAWAL,609.84,GBP,2025-03-01 00:00:00,32,BRANCH,,0
450,38,181.0,CASH_WITHDRAWAL,1214.02,GBP,2025-07-30 00:00:00,41,ATM,,0
451,114,,CASH_DEPOSIT,1003.15,GBP,2025-02-19 00:00:00,43,MOBILE,,0
452,67,191.0,DEBIT,259.22,EUR,2025-08-14 00:00:00,34,BRANCH,,0
453,197,,DEBIT,1983.94,GBP,2025-05-17 00:00:00,40,BRANCH,,0
454,698,117.0,DEBIT,1876.09,GBP,2025-08-30 00:00:00,42,ONLINE,,0
455,331,105.0,TRANSFER_IN,247.83,GBP,2025-05-07 00:00:00,24,ONLINE,739.0,0
456,230,108.0,CASH_DEPOSIT,900.48,GBP,2025-02-19 00:00:00,22,ONLINE,,0
457,586,,CASH_WITHDRAWAL,455.13,GBP,2025-01-20 00:00:00,16,MOBILE,,0
458,169,17.0,CASH_WITHDRAWAL,1252.46,GBP,2025-04-21 00:00:00,2,BRANCH,,0
459,257,122.0,CREDIT,1917.81,GBP,2025-07-30 00:00:00,22,MOBILE,,0
460,75,159.0,TRANSFER_OUT,1529.38,GBP,2025-05-29 00:00:00,8,ONLINE,63.0,0
461,35,178.0,DEBIT,1566.38,GBP,2025-07-25 00:00:00,29,ONLINE,,0
462,309,111.0,DEBIT,208.15,GBP,2025-01-14 00:00:00,19,ATM,,0
463,412,193.0,TRANSFER_OUT,470.06,GBP,2025-06-18 00:00:00,40,ONLINE,465.0,0
464,394,110.0,CASH_DEPOSIT,1240.36,GBP,2025-08-29 00:00:00,44,ONLINE,,0
465,465,151.0,CREDIT,220.47,GBP,2025-07-02 00:00:00,5,MOBILE,,0
466,587,131.0,TRANSFER_IN,714.01,GBP,2025-06-08 00:00:00,29,MOBILE,249.0,0
467,141,16.0,CREDIT,626.78,GBP,2025-06-16 00:00:00,49,BRANCH,,0
468,319,139.0,CREDIT,299.08,GBP,2025-03-29 00:00:00,19,BRANCH,,0
469,9,169.0,CASH_WITHDRAWAL,293.48,GBP,2025-07-29 00:00:00,36,ONLINE,,0
470,433,52.0,CASH_WITHDRAWAL,1817.46,GBP,2025-03-29 00:00:00,13,ATM,,0
471,712,120.0,CASH_DEPOSIT,1386.37,USD,2025-06-07 00:00:00,20,ATM,,0
472,337,117.0,DEBIT,994.38,EUR,2025-06-27 00:00:00,15,ATM,,0
473,639,124.0,CASH_WITHDRAWAL,1537.86,GBP,2025-07-26 00:00:00,48,ATM,,0
474,211,2.0,TRANSFER_IN,24.73,GBP,2025-05-23 00:00:00,8,MOBILE,298.0,0
475,451,150.0,TRANSFER_IN,92.59,GBP,2025-02-20 00:00:00,19,MOBILE,225.0,0
476,269,87.0,CASH_DEPOSIT,495.7,GBP,2025-02-15 00:00:00,17,ONLINE,,0
477,22,,CREDIT,760.95,GBP,2025-01-29 00:00:00,22,MOBILE,,0
478,313,95.0,TRANSFER_IN,1323.51,USD,2025-08-13 00:00:00,46,ONLINE,122.0,0
479,148,,CREDIT,1590.82,GBP,2025-04-07 00:00:00,45,BRANCH,,0
480,326,163.0,CREDIT,1842.42,GBP,2025-05-31 00:00:00,13,BRANCH,,0
481,153,14.0,CASH_WITHDRAWAL,1592.25,USD,2025-02-23 00:00:00,47,ONLINE,,0
482,482,158.0,DEBIT,339.03,GBP,2025-08-14 00:00:00,42,BRANCH,,0
483,511,46.0,TRANSFER_IN,1426.41,GBP,2025-05-04 00:00:00,46,ATM,486.0,0
484,275,164.0,CASH_DEPOSIT,1301.23,GBP,2025-08-18 00:00:00,13,ATM,,0
485,241,79.0,TRANSFER_OUT,1777.97,GBP,2025-08-28 00:00:00,24,BRANCH,564.0,0
486,87,22.0,TRANSFER_IN,891.79,GBP,2025-05-30 00:00:00,3,ATM,525.0,0
487,637,116.0,TRANSFER_OUT,867.85,GBP,2025-05-08 00:00:00,21,BRANCH,392.0,0
488,26,60.0,TRANSFER_IN,1292.48,GBP,2025-01-22 00:00:00,19,ONLINE,284.0,0
489,234,19.0,TRANSFER_IN,81.37,GBP,2025-02-20 00:00:00,44,BRANCH,257.0,0
490,310,197.0,CASH_WITHDRAWAL,1691.67,GBP,2025-06-04 00:00:00,9,BRANCH,,0
491,9,73.0,TRANSFER_IN,1567.34,GBP,2025-04-14 00:00:00,38,ONLINE,484.0,0
492,670,195.0,CREDIT,1731.6,GBP,2025-07-05 00:00:00,48,MOBILE,,0
493,486,151.0,CASH_DEPOSIT,1516.45,GBP,2025-04-29 00:00:00,22,ONLINE,,0
494,321,,TRANSFER_OUT,1541.41,GBP,2025-02-23 00:00:00,29,ATM,572.0,0
495,31,148.0,CREDIT,614.62,GBP,2025-05-08 00:00:00,43,BRANCH,,0
496,348,109.0,CASH_WITHDRAWAL,1506.49,GBP,2025-06-26 00:00:00,35,BRANCH,,0
497,334,146.0,DEBIT,1844.68,GBP,2025-09-01 00:00:00,22,ATM,,0
498,391,101.0,DEBIT,1071.31,GBP,2025-01-28 00:00:00,22,ATM,,0
499,655,,DEBIT,346.99,GBP,2025-02-15 00:00:00,3,ATM,,0
500,28,18.0,TRANSFER_OUT,571.22,GBP,2025-06-18 00:00:00,34,ONLINE,466.0,0
501,59,3.0,CREDIT,656.91,USD,2025-02-10 00:00:00,8,MOBILE,,0
502,550,191.0,DEBIT,781.04,EUR,2025-02-03 00:00:00,14,BRANCH,,0
503,443,,CASH_WITHDRAWAL,952.19,GBP,2025-08-29 00:00:00,20,MOBILE,,0
504,515,118.0,TRANSFER_IN,407.4,USD,2025-01-17 00:00:00,26,MOBILE,539.0,0
505,337,,TRANSFER_OUT,923.11,GBP,2025-07-08 00:00:00,6,BRANCH,662.0,0
506,468,183.0,TRANSFER_IN,785.23,GBP,2025-08-06 00:00:00,12,ATM,256.0,0
507,184,,CASH_WITHDRAWAL,866.99,GBP,2025-06-18 00:00:00,12,ONLINE,,0
508,403,12.0,CREDIT,1771.66,GBP,2025-08-14 00:00:00,41,BRANCH,,0
509,683,,CASH_WITHDRAWAL,1454.44,USD,2025-04-16 00:00:00,49,ONLINE,,0
510,378,27.0,CASH_DEPOSIT,1534.25,GBP,2025-04-26 00:00:00,11,BRANCH,,0
511,213,119.0,DEBIT,151.03,GBP,2025-07-11 00:00:00,30,ATM,,0
512,352,50.0,TRANSFER_OUT,80.36,GBP,2025-07-01 00:00:00,9,BRANCH,687.0,0
513,767,119.0,DEBIT,169.68,GBP,2025-07-02 00:00:00,29,MOBILE,,0
514,483,,CREDIT,345.33,GBP,2025-01-26 00:00:00,12,BRANCH,,0
515,128,101.0,CREDIT,159.78,GBP,2025-06-23 00:00:00,18,MOBILE,,0
516,452,56.0,CASH_WITHDRAWAL,73.72,GBP,2025-02-25 00:00:00,29,ONLINE,,0
517,651,,CASH_WITHDRAWAL,1326.77,GBP,2025-01-27 00:00:00,25,BRANCH,,0
518,455,2.0,DEBIT,1545.96,GBP,2025-08-26 00:00:00,16,BRANCH,,0
519,245,5.0,TRANSFER_OUT,60.75,GBP,2025-07-30 00:00:00,13,ONLINE,226.0,0
520,99,171.0,CREDIT,1449.4,GBP,2025-05-12 00:00:00,7,BRANCH,,0
521,331,49.0,CASH_DEPOSIT,418.2,GBP,2025-08-29 00:00:00,28,ONLINE,,0
522,238,92.0,TRANSFER_IN,351.38,GBP,2025-03-22 00:00:00,1,ATM,218.0,0
523,470,169.0,TRANSFER_IN,1301.64,GBP,2025-01-18 00:00:00,14,ATM,309.0,0
524,786,27.0,CASH_WITHDRAWAL,1074.68,EUR,2025-03-06 00:00:00,7,BRANCH,,0
525,647,174.0,CASH_WITHDRAWAL,270.2,GBP,2025-07-14 00:00:00,45,BRANCH,,0
526,683,86.0,DEBIT,1219.02,GBP,2025-04-08 00:00:00,33,MOBILE,,0
527,516,4.0,CREDIT,47.32,GBP,2025-02-01 00:00:00,20,MOBILE,,0
528,756,63.0,CASH_DEPOSIT,163.38,GBP,2025-05-08 00:00:00,19,MOBILE,,0
529,156,165.0,DEBIT,479.94,GBP,2025-08-31 00:00:00,29,BRANCH,,0
530,138,165.0,DEBIT,1044.14,USD,2025-07-12 00:00:00,2,MOBILE,,0
531,751,63.0,CREDIT,1080.93,EUR,2025-07-25 00:00:00,44,MOBILE,,0
532,623,,CASH_DEPOSIT,646.67,GBP,2025-01-02 00:00:00,5,ATM,,0
533,72,,DEBIT,1270.56,GBP,2025-02-22 00:00:00,9,ONLINE,,0
534,178,53.0,CREDIT,1017.31,GBP,2025-04-30 00:00:00,20,MOBILE,,0
535,739,109.0,CREDIT,1213.67,GBP,2025-05-28 00:00:00,29,MOBILE,,0
536,279,,TRANSFER_OUT,164.63,USD,2025-04-07 00:00:00,11,ATM,452.0,0
537,433,189.0,TRANSFER_OUT,1521.85,GBP,2025-07-23 00:00:00,31,ONLINE,781.0,0
538,391,22.0,TRANSFER_IN,1192.39,GBP,2025-07-06 00:00:00,12,BRANCH,390.0,0
539,475,73.0,TRANSFER_OUT,1126.47,GBP,2025-03-27 00:00:00,9,ATM,201.0,0
540,159,,DEBIT,30.6,GBP,2025-07-05 00:00:00,24,ATM,,0
541,415,,TRANSFER_OUT,1941.13,GBP,2025-05-06 00:00:00,20,ONLINE,419.0,0
542,40,,DEBIT,772.73,GBP,2025-02-19 00:00:00,49,ATM,,0
543,262,193.0,CASH_WITHDRAWAL,700.41,GBP,2025-06-12 00:00:00,45,BRANCH,,0
544,714,99.0,TRANSFER_OUT,1472.65,GBP,2025-01-09 00:00:00,24,ONLINE,715.0,0
545,682,67.0,CASH_DEPOSIT,913.66,GBP,2025-03-07 00:00:00,16,MOBILE,,0
546,13,24.0,CASH_WITHDRAWAL,1424.66,GBP,2025-06-30 00:00:00,38,ONLINE,,0
547,531,,TRANSFER_OUT,335.82,GBP,2025-06-27 00:00:00,20,ATM,601.0,0
548,316,193.0,CASH_WITHDRAWAL,1739.49,GBP,2025-05-27 00:00:00,50,BRANCH,,0
549,147,54.0,CASH_WITHDRAWAL,798.95,GBP,2025-02-13 00:00:00,32,ONLINE,,0
550,100,179.0,TRANSFER_OUT,1052.3,GBP,2025-07-07 00:00:00,28,MOBILE,181.0,0
551,384,35.0,CREDIT,975.51,GBP,2025-01-29 00:00:00,29,MOBILE,,0
552,191,192.0,CREDIT,1619.31,GBP,2025-08-19 00:00:00,27,ATM,,0
553,642,,DEBIT,1737.38,GBP,2025-03-17 00:00:00,6,ATM,,0
554,128,88.0,DEBIT,1173.36,GBP,2025-06-22 00:00:00,49,ONLINE,,0
555,10,193.0,DEBIT,1332.32,GBP,2025-01-11 00:00:00,7,MOBILE,,0
556,535,97.0,CASH_DEPOSIT,1042.55,USD,2025-08-27 00:00:00,32,ATM,,0
557,776,110.0,TRANSFER_IN,744.72,USD,2025-07-29 00:00:00,16,BRANCH,682.0,0
558,409,15.0,TRANSFER_IN,1746.79,GBP,2025-01-01 00:00:00,30,ATM,743.0,0
559,143,32.0,CASH_DEPOSIT,562.54,GBP,2025-07-28 00:00:00,16,BRANCH,,0
560,463,169.0,TRANSFER_OUT,1032.25,GBP,2025-01-01 00:00:00,41,BRANCH,18.0,0
561,649,12.0,CASH_WITHDRAWAL,654.42,GBP,2025-06-05 00:00:00,32,ATM,,0
562,757,21.0,TRANSFER_IN,858.69,USD,2025-06-18 00:00:00,45,ONLINE,752.0,0
563,395,50.0,CASH_WITHDRAWAL,290.61,GBP,2025-05-27 00:00:00,46,ONLINE,,0
564,131,23.0,TRANSFER_IN,1665.55,USD,2025-02-13 00:00:00,29,ONLINE,494.0,0
565,679,63.0,CREDIT,345.01,EUR,2025-01-28 00:00:00,28,ONLINE,,0
566,165,,TRANSFER_IN,1805.78,GBP,2025-02-26 00:00:00,47,BRANCH,682.0,0
567,488,,CASH_WITHDRAWAL,250.58,GBP,2025-05-17 00:00:00,41,ATM,,0
568,93,86.0,CREDIT,1863.9,GBP,2025-06-03 00:00:00,5,BRANCH,,0
569,387,,CASH_WITHDRAWAL,1473.32,GBP,2025-06-14 00:00:00,36,ATM,,0
570,239,30.0,TRANSFER_IN,179.92,GBP,2025-07-09 00:00:00,38,MOBILE,763.0,0
571,119,33.0,TRANSFER_IN,1908.37,GBP,2025-01-01 00:00:00,20,ONLINE,605.0,0
572,549,100.0,TRANSFER_OUT,642.69,GBP,2025-06-23 00:00:00,9,MOBILE,110.0,0
573,405,118.0,TRANSFER_IN,293.68,EUR,2025-05-08 00:00:00,44,ATM,151.0,0
574,616,192.0,CASH_WITHDRAWAL,1699.01,GBP,2025-01-09 00:00:00,39,BRANCH,,0
575,317,177.0,DEBIT,550.54,GBP,2025-05-27 00:00:00,31,MOBILE,,0
576,507,97.0,DEBIT,1962.38,GBP,2025-07-31 00:00:00,46,MOBILE,,0
577,751,,CREDIT,1402.31,GBP,2025-08-10 00:00:00,50,MOBILE,,0
578,500,77.0,CASH_WITHDRAWAL,1825.19,GBP,2025-01-06 00:00:00,36,ATM,,0
579,346,122.0,TRANSFER_IN,1516.64,GBP,2025-05-16 00:00:00,47,BRANCH,290.0,0
580,714,,CASH_WITHDRAWAL,1713.22,GBP,2025-02-03 00:00:00,21,ONLINE,,0
581,727,168.0,CREDIT,1156.43,GBP,2025-05-04 00:00:00,19,MOBILE,,0
582,215,192.0,CREDIT,1471.96,GBP,2025-07-05 00:00:00,37,ONLINE,,0
583,695,38.0,TRANSFER_OUT,1901.04,GBP,2025-08-04 00:00:00,11,ONLINE,99.0,0
584,365,,CREDIT,1890.4,GBP,2025-05-12 00:00:00,42,BRANCH,,0
585,608,39.0,CASH_WITHDRAWAL,1446.49,GBP,2025-01-31 00:00:00,16,ATM,,0
586,501,153.0,CREDIT,1307.33,GBP,2025-06-27 00:00:00,43,ONLINE,,0
587,797,167.0,TRANSFER_OUT,554.06,GBP,2025-04-05 00:00:00,1,ONLINE,120.0,0
588,85,165.0,CASH_WITHDRAWAL,1817.41,GBP,2025-05-31 00:00:00,37,ATM,,0
589,281,25.0,CASH_DEPOSIT,366.29,GBP,2025-06-15 00:00:00,45,ATM,,0
590,306,26.0,TRANSFER_IN,131.68,EUR,2025-04-14 00:00:00,45,ONLINE,404.0,0
591,570,,CASH_DEPOSIT,979.68,GBP,2025-05-30 00:00:00,35,ONLINE,,0
592,772,169.0,DEBIT,365.43,GBP,2025-02-16 00:00:00,1,ATM,,0
593,322,33.0,CASH_DEPOSIT,416.43,GBP,2025-05-24 00:00:00,17,ONLINE,,0
594,87,,CASH_DEPOSIT,600.66,EUR,2025-04-19 00:00:00,43,ONLINE,,0
595,255,133.0,TRANSFER_IN,1320.02,GBP,2025-05-28 00:00:00,32,BRANCH,536.0,0
596,361,131.0,CREDIT,1377.42,GBP,2025-01-12 00:00:00,16,ONLINE,,0
597,193,56.0,CREDIT,1206.28,GBP,2025-04-02 00:00:00,18,MOBILE,,0
598,747,20.0,CASH_DEPOSIT,513.66,GBP,2025-08-20 00:00:00,11,ATM,,0
599,468,66.0,CASH_WITHDRAWAL,853.56,GBP,2025-05-18 00:00:00,14,ONLINE,,0
600,645,163.0,CASH_WITHDRAWAL,1292.91,GBP,2025-05-25 00:00:00,43,MOBILE,,0
601,430,,TRANSFER_IN,1984.94,GBP,2025-01-07 00:00:00,39,MOBILE,80.0,0
602,277,29.0,CASH_WITHDRAWAL,1099.0,GBP,2025-06-13 00:00:00,6,BRANCH,,0
603,342,38.0,CREDIT,550.93,GBP,2025-02-26 00:00:00,25,ONLINE,,0
604,127,187.0,TRANSFER_IN,1179.71,GBP,2025-01-25 00:00:00,34,BRANCH,718.0,0
605,586,,CASH_DEPOSIT,545.75,GBP,2025-01-13 00:00:00,11,BRANCH,,0
606,770,89.0,CASH_WITHDRAWAL,1357.23,GBP,2025-05-22 00:00:00,39,ATM,,0
607,489,67.0,DEBIT,1374.88,GBP,2025-06-18 00:00:00,9,MOBILE,,0
608,388,69.0,DEBIT,1837.29,GBP,2025-04-05 00:00:00,46,MOBILE,,0
609,695,181.0,TRANSFER_OUT,370.29,USD,2025-05-09 00:00:00,19,BRANCH,439.0,0
610,534,,CREDIT,613.85,USD,2025-04-15 00:00:00,50,BRANCH,,0
611,93,20.0,CASH_WITHDRAWAL,483.87,GBP,2025-05-28 00:00:00,4,ONLINE,,0
612,762,127.0,DEBIT,1924.52,GBP,2025-05-11 00:00:00,47,MOBILE,,0
613,492,176.0,CASH_WITHDRAWAL,1776.72,GBP,2025-04-14 00:00:00,1,MOBILE,,0
614,764,109.0,CASH_WITHDRAWAL,1070.98,GBP,2025-07-09 00:00:00,43,ONLINE,,0
615,622,44.0,CASH_WITHDRAWAL,1860.72,GBP,2025-08-20 00:00:00,15,MOBILE,,0
616,77,35.0,CASH_DEPOSIT,709.82,GBP,2025-05-07 00:00:00,25,MOBILE,,0
617,383,,TRANSFER_IN,1828.52,GBP,2025-05-19 00:00:00,50,ONLINE,298.0,0
618,307,68.0,CREDIT,9.46,GBP,2025-04-11 00:00:00,14,BRANCH,,0
619,659,10.0,TRANSFER_OUT,1785.53,GBP,2025-01-15 00:00:00,23,ONLINE,631.0,0
620,472,91.0,DEBIT,15.28,EUR,2025-04-13 00:00:00,23,ONLINE,,0
621,104,51.0,DEBIT,1060.55,USD,2025-02-01 00:00:00,32,ONLINE,,0
622,160,65.0,CREDIT,944.04,GBP,2025-04-04 00:00:00,28,MOBILE,,0
623,550,,DEBIT,1978.79,GBP,2025-04-23 00:00:00,11,MOBILE,,0
624,363,2.0,TRANSFER_IN,1767.73,GBP,2025-01-29 00:00:00,13,BRANCH,42.0,0
625,137,191.0,TRANSFER_IN,1802.49,GBP,2025-02-20 00:00:00,31,BRANCH,122.0,0
626,432,127.0,CASH_WITHDRAWAL,1430.07,GBP,2025-07-15 00:00:00,50,ATM,,0
627,514,190.0,TRANSFER_OUT,267.18,EUR,2025-02-02 00:00:00,10,BRANCH,513.0,0
628,14,61.0,DEBIT,1358.23,GBP,2025-06-02 00:00:00,48,ONLINE,,0
629,445,73.0,TRANSFER_OUT,169.82,GBP,2025-06-08 00:00:00,10,MOBILE,256.0,0
630,288,68.0,CASH_WITHDRAWAL,498.47,GBP,2025-02-20 00:00:00,31,ONLINE,,0
631,718,157.0,CREDIT,381.39,EUR,2025-02-28 00:00:00,8,MOBILE,,0
632,411,50.0,CREDIT,855.47,GBP,2025-01-24 00:00:00,4,ATM,,0
633,418,180.0,CASH_WITHDRAWAL,1960.35,GBP,2025-04-20 00:00:00,31,ONLINE,,0
634,523,14.0,TRANSFER_IN,224.56,GBP,2025-08-30 00:00:00,23,ATM,253.0,0
635,328,,CREDIT,86.57,GBP,2025-07-10 00:00:00,21,MOBILE,,0
636,293,156.0,DEBIT,864.66,GBP,2025-05-06 00:00:00,24,BRANCH,,0
637,312,172.0,DEBIT,1367.51,GBP,2025-02-03 00:00:00,22,BRANCH,,0
638,760,,CASH_WITHDRAWAL,1558.72,GBP,2025-04-06 00:00:00,16,BRANCH,,0
639,216,23.0,DEBIT,265.32,GBP,2025-01-31 00:00:00,3,MOBILE,,0
640,198,26.0,DEBIT,1883.93,GBP,2025-03-19 00:00:00,47,ATM,,0
641,780,185.0,CREDIT,92.4,GBP,2025-05-21 00:00:00,46,BRANCH,,0
642,778,,CASH_DEPOSIT,1950.38,USD,2025-06-11 00:00:00,46,ONLINE,,0
643,447,108.0,CASH_DEPOSIT,1863.01,GBP,2025-01-06 00:00:00,11,BRANCH,,0
644,714,,TRANSFER_IN,95.66,GBP,2025-07-23 00:00:00,45,MOBILE,759.0,0
645,408,137.0,CASH_DEPOSIT,1943.22,GBP,2025-07-12 00:00:00,33,ATM,,0
646,576,103.0,CASH_DEPOSIT,546.63,GBP,2025-02-10 00:00:00,37,MOBILE,,0
647,607,132.0,TRANSFER_OUT,1010.12,GBP,2025-03-08 00:00:00,20,MOBILE,304.0,0
648,726,31.0,CREDIT,451.74,GBP,2025-03-16 00:00:00,3,MOBILE,,0
649,285,,TRANSFER_IN,1747.4,GBP,2025-03-05 00:00:00,14,ONLINE,2.0,0
650,665,155.0,TRANSFER_IN,652.5,USD,2025-07-04 00:00:00,9,ATM,627.0,0
651,302,15.0,CASH_WITHDRAWAL,1632.76,GBP,2025-02-26 00:00:00,47,BRANCH,,0
652,181,5.0,CASH_DEPOSIT,1316.35,EUR,2025-07-04 00:00:00,48,ATM,,0
653,670,161.0,CASH_WITHDRAWAL,1210.66,GBP,2025-04-24 00:00:00,15,BRANCH,,0
654,276,162.0,TRANSFER_OUT,315.5,GBP,2025-07-05 00:00:00,28,BRANCH,152.0,0
655,491,47.0,TRANSFER_OUT,374.13,EUR,2025-05-26 00:00:00,32,MOBILE,664.0,0
656,289,42.0,CREDIT,1635.91,GBP,2025-02-18 00:00:00,5,MOBILE,,0
657,74,117.0,CASH_WITHDRAWAL,1940.92,GBP,2025-05-15 00:00:00,9,ONLINE,,0
658,618,99.0,DEBIT,224.52,GBP,2025-08-01 00:00:00,42,ONLINE,,0
659,136,22.0,TRANSFER_IN,289.56,GBP,2025-01-04 00:00:00,1,ONLINE,556.0,0
660,754,,CASH_WITHDRAWAL,174.51,GBP,2025-07-14 00:00:00,37,ATM,,0
661,168,123.0,CREDIT,491.4,GBP,2025-03-10 00:00:00,41,ONLINE,,0
662,22,,DEBIT,1091.56,GBP,2025-08-15 00:00:00,27,MOBILE,,0
663,2,,DEBIT,457.22,GBP,2025-04-01 00:00:00,42,BRANCH,,0
664,232,,CASH_WITHDRAWAL,772.56,EUR,2025-05-06 00:00:00,11,ONLINE,,0
665,230,73.0,TRANSFER_IN,157.2,GBP,2025-04-03 00:00:00,6,ONLINE,620.0,0
666,155,136.0,TRANSFER_IN,1201.22,GBP,2025-02-08 00:00:00,43,BRANCH,640.0,0
667,294,27.0,TRANSFER_IN,1832.89,GBP,2025-08-27 00:00:00,17,ONLINE,3.0,0
668,153,38.0,TRANSFER_IN,299.82,GBP,2025-07-23 00:00:00,31,ONLINE,116.0,0
669,592,187.0,TRANSFER_IN,293.61,GBP,2025-02-02 00:00:00,12,ATM,362.0,0
670,327,124.0,CASH_WITHDRAWAL,1945.83,GBP,2025-06-12 00:00:00,22,MOBILE,,0
671,670,,TRANSFER_OUT,840.23,GBP,2025-05-17 00:00:00,32,MOBILE,394.0,0
672,86,108.0,CASH_DEPOSIT,1157.86,GBP,2025-07-11 00:00:00,15,ONLINE,,0
673,241,53.0,DEBIT,727.98,GBP,2025-02-04 00:00:00,8,ONLINE,,0
674,358,200.0,CREDIT,592.92,GBP,2025-08-07 00:00:00,36,ATM,,0
675,249,58.0,DEBIT,1495.26,GBP,2025-06-28 00:00:00,46,MOBILE,,0
676,387,179.0,TRANSFER_OUT,746.51,GBP,2025-06-19 00:00:00,38,ONLINE,489.0,0
677,609,,DEBIT,298.04,GBP,2025-03-04 00:00:00,5,ONLINE,,0
678,583,,TRANSFER_OUT,303.69,GBP,2025-07-10 00:00:00,9,BRANCH,482.0,0
679,422,114.0,CASH_WITHDRAWAL,1392.02,GBP,2025-02-09 00:00:00,4,ONLINE,,0
680,619,129.0,CREDIT,26.68,GBP,2025-06-24 00:00:00,30,BRANCH,,0
681,586,182.0,CREDIT,850.22,GBP,2025-01-24 00:00:00,34,ATM,,0
682,129,103.0,CASH_DEPOSIT,116.71,GBP,2025-07-30 00:00:00,48,ONLINE,,0
683,710,81.0,CASH_WITHDRAWAL,1285.57,GBP,2025-02-12 00:00:00,4,BRANCH,,0
684,663,70.0,DEBIT,213.28,GBP,2025-07-19 00:00:00,22,ONLINE,,0
685,246,139.0,DEBIT,135.31,GBP,2025-07-13 00:00:00,20,MOBILE,,0
686,565,9.0,CREDIT,541.99,EUR,2025-05-25 00:00:00,31,ONLINE,,0
687,50,80.0,DEBIT,1961.18,GBP,2025-04-12 00:00:00,33,MOBILE,,0
688,323,186.0,TRANSFER_IN,1947.83,GBP,2025-01-25 00:00:00,22,ATM,760.0,0
689,516,199.0,CREDIT,52.25,GBP,2025-05-03 00:00:00,38,ONLINE,,0
690,298,175.0,TRANSFER_OUT,162.11,GBP,2025-09-01 00:00:00,46,MOBILE,221.0,0
691,698,197.0,CASH_WITHDRAWAL,326.29,USD,2025-04-25 00:00:00,9,BRANCH,,0
692,298,111.0,DEBIT,1781.91,GBP,2025-04-10 00:00:00,16,MOBILE,,0
693,626,40.0,CASH_DEPOSIT,1257.44,GBP,2025-07-26 00:00:00,1,MOBILE,,0
694,785,,CASH_DEPOSIT,1735.73,GBP,2025-08-18 00:00:00,6,ATM,,0
695,97,44.0,TRANSFER_IN,327.14,GBP,2025-04-04 00:00:00,23,ONLINE,73.0,0
696,184,118.0,TRANSFER_IN,1972.36,USD,2025-06-16 00:00:00,9,ONLINE,583.0,0
697,500,74.0,TRANSFER_OUT,821.02,GBP,2025-06-24 00:00:00,9,ATM,376.0,0
698,525,,TRANSFER_IN,750.5,GBP,2025-05-10 00:00:00,29,BRANCH,699.0,0
699,44,165.0,DEBIT,1483.38,GBP,2025-07-30 00:00:00,36,ONLINE,,0
700,159,,TRANSFER_IN,754.76,GBP,2025-08-07 00:00:00,5,MOBILE,398.0,0
701,474,90.0,TRANSFER_OUT,939.63,GBP,2025-07-29 00:00:00,30,ONLINE,88.0,0
702,185,102.0,TRANSFER_OUT,402.94,GBP,2025-03-23 00:00:00,22,ATM,218.0,0
703,720,30.0,TRANSFER_IN,911.88,GBP,2025-08-31 00:00:00,31,MOBILE,656.0,0
704,219,9.0,CASH_DEPOSIT,1549.54,GBP,2025-07-26 00:00:00,24,ATM,,0
705,485,55.0,DEBIT,1905.53,GBP,2025-03-11 00:00:00,17,MOBILE,,0
706,86,71.0,TRANSFER_OUT,168.01,USD,2025-08-12 00:00:00,27,MOBILE,686.0,0
707,266,14.0,DEBIT,1790.44,GBP,2025-07-12 00:00:00,20,MOBILE,,0
708,204,108.0,TRANSFER_OUT,953.62,GBP,2025-02-11 00:00:00,45,ATM,364.0,0
709,710,3.0,CASH_DEPOSIT,1567.23,GBP,2025-01-20 00:00:00,47,MOBILE,,0
710,332,188.0,CASH_WITHDRAWAL,1651.34,GBP,2025-01-04 00:00:00,10,ATM,,0
711,152,82.0,DEBIT,1585.07,GBP,2025-03-09 00:00:00,34,ONLINE,,0
712,462,,CREDIT,1270.41,GBP,2025-05-29 00:00:00,7,ONLINE,,0
713,224,49.0,TRANSFER_OUT,1394.41,GBP,2025-06-03 00:00:00,25,MOBILE,357.0,0
714,215,,CASH_WITHDRAWAL,1155.79,GBP,2025-07-28 00:00:00,24,ONLINE,,0
715,310,,CASH_DEPOSIT,1639.01,GBP,2025-05-08 00:00:00,42,ATM,,0
716,424,91.0,CASH_DEPOSIT,854.57,USD,2025-01-30 00:00:00,12,ATM,,0
717,439,142.0,CASH_DEPOSIT,329.5,GBP,2025-03-14 00:00:00,43,ATM,,0
718,650,159.0,DEBIT,1990.75,GBP,2025-01-27 00:00:00,6,ONLINE,,0
719,632,,DEBIT,995.33,GBP,2025-08-26 00:00:00,35,ONLINE,,0
720,649,149.0,DEBIT,1337.08,EUR,2025-02-27 00:00:00,50,ATM,,0
721,565,51.0,TRANSFER_OUT,1901.35,GBP,2025-07-23 00:00:00,30,ATM,661.0,0
722,721,102.0,DEBIT,1879.54,GBP,2025-05-10 00:00:00,19,BRANCH,,0
723,675,107.0,CASH_WITHDRAWAL,486.9,USD,2025-01-09 00:00:00,1,ONLINE,,0
724,158,133.0,CASH_WITHDRAWAL,1201.89,GBP,2025-05-27 00:00:00,28,MOBILE,,0
725,570,,CREDIT,1234.45,GBP,2025-01-14 00:00:00,37,ATM,,0
726,132,,TRANSFER_OUT,1954.82,GBP,2025-08-20 00:00:00,21,MOBILE,448.0,0
727,237,33.0,CASH_DEPOSIT,241.15,GBP,2025-04-11 00:00:00,49,BRANCH,,0
728,567,83.0,CREDIT,191.04,GBP,2025-01-03 00:00:00,41,MOBILE,,0
729,29,140.0,DEBIT,1145.73,GBP,2025-07-07 00:00:00,9,ATM,,0
730,650,92.0,CREDIT,483.25,USD,2025-02-19 00:00:00,35,MOBILE,,0
731,744,97.0,TRANSFER_IN,1320.22,GBP,2025-08-28 00:00:00,10,ONLINE,654.0,0
732,594,,DEBIT,920.96,GBP,2025-01-28 00:00:00,10,BRANCH,,0
733,269,,DEBIT,159.38,GBP,2025-08-22 00:00:00,14,ATM,,0
734,104,6.0,TRANSFER_OUT,151.78,EUR,2025-02-23 00:00:00,44,ATM,385.0,0
735,322,116.0,CREDIT,363.71,GBP,2025-02-15 00:00:00,43,ONLINE,,0
736,121,,TRANSFER_IN,970.4,GBP,2025-05-20 00:00:00,1,MOBILE,535.0,0
737,760,32.0,CREDIT,1214.19,GBP,2025-05-13 00:00:00,33,MOBILE,,0
738,222,,DEBIT,1797.65,GBP,2025-02-05 00:00:00,15,ONLINE,,0
739,746,33.0,TRANSFER_IN,550.96,GBP,2025-01-24 00:00:00,23,BRANCH,479.0,0
740,764,,TRANSFER_OUT,1027.75,GBP,2025-02-19 00:00:00,17,MOBILE,203.0,0
741,704,,CASH_WITHDRAWAL,565.76,GBP,2025-05-30 00:00:00,50,BRANCH,,0
742,170,185.0,TRANSFER_OUT,869.78,GBP,2025-06-02 00:00:00,48,BRANCH,327.0,0
743,638,99.0,TRANSFER_OUT,403.44,GBP,2025-08-18 00:00:00,41,ONLINE,461.0,0
744,172,,CASH_DEPOSIT,509.86,GBP,2025-06-04 00:00:00,42,BRANCH,,0
745,408,47.0,TRANSFER_IN,861.63,GBP,2025-03-04 00:00:00,5,MOBILE,673.0,0
746,381,200.0,TRANSFER_IN,249.0,GBP,2025-01-03 00:00:00,46,BRANCH,219.0,0
747,477,83.0,CREDIT,1125.47,GBP,2025-06-04 00:00:00,14,MOBILE,,0
748,106,184.0,CASH_DEPOSIT,1892.81,GBP,2025-06-21 00:00:00,5,ATM,,0
749,699,82.0,TRANSFER_IN,400.31,GBP,2025-05-07 00:00:00,32,ONLINE,282.0,0
750,432,116.0,CREDIT,1204.85,GBP,2025-03-02 00:00:00,37,ONLINE,,0
751,292,148.0,DEBIT,1823.73,GBP,2025-08-04 00:00:00,26,ONLINE,,0
752,547,,DEBIT,678.09,GBP,2025-05-01 00:00:00,7,ATM,,0
753,741,82.0,TRANSFER_IN,803.69,GBP,2025-03-22 00:00:00,32,ONLINE,403.0,0
754,306,117.0,TRANSFER_OUT,1698.1,EUR,2025-08-04 00:00:00,24,ONLINE,30.0,0
755,230,3.0,CREDIT,214.75,GBP,2025-06-26 00:00:00,47,ATM,,0
756,232,49.0,CASH_WITHDRAWAL,1805.04,GBP,2025-08-20 00:00:00,35,ONLINE,,0
757,705,,TRANSFER_IN,1767.22,GBP,2025-01-13 00:00:00,20,ONLINE,271.0,0
758,338,98.0,TRANSFER_IN,1398.84,USD,2025-01-31 00:00:00,9,BRANCH,152.0,0
759,772,106.0,CASH_WITHDRAWAL,896.33,GBP,2025-05-16 00:00:00,16,ATM,,0
760,678,72.0,TRANSFER_IN,1546.42,GBP,2025-01-24 00:00:00,17,BRANCH,729.0,0
761,85,63.0,CASH_WITHDRAWAL,1296.03,EUR,2025-01-20 00:00:00,32,ONLINE,,0
762,218,56.0,TRANSFER_OUT,1637.93,GBP,2025-01-27 00:00:00,22,MOBILE,605.0,0
763,780,81.0,TRANSFER_IN,1418.48,GBP,2025-08-06 00:00:00,33,ONLINE,134.0,0
764,225,,TRANSFER_OUT,1950.25,EUR,2025-07-19 00:00:00,26,MOBILE,71.0,0
765,285,176.0,TRANSFER_IN,1903.23,GBP,2025-01-27 00:00:00,10,ATM,110.0,0
766,763,5.0,TRANSFER_OUT,378.12,GBP,2025-06-19 00:00:00,34,ATM,361.0,0
767,272,141.0,DEBIT,712.08,GBP,2025-04-12 00:00:00,33,ATM,,0
768,521,113.0,TRANSFER_IN,742.71,GBP,2025-04-08 00:00:00,47,ATM,199.0,0
769,302,46.0,CASH_DEPOSIT,555.47,GBP,2025-05-13 00:00:00,28,ONLINE,,0
770,698,64.0,DEBIT,443.06,GBP,2025-01-10 00:00:00,37,BRANCH,,0
771,245,26.0,TRANSFER_IN,456.8,GBP,2025-07-03 00:00:00,26,ATM,403.0,0
772,104,178.0,TRANSFER_IN,992.87,GBP,2025-02-22 00:00:00,23,BRANCH,723.0,0
773,611,1.0,DEBIT,374.23,USD,2025-07-09 00:00:00,20,MOBILE,,0
774,175,18.0,CREDIT,378.75,EUR,2025-01-04 00:00:00,43,ATM,,0
775,439,46.0,TRANSFER_IN,1763.11,GBP,2025-07-14 00:00:00,1,BRANCH,486.0,0
776,598,64.0,TRANSFER_OUT,223.23,GBP,2025-05-26 00:00:00,44,BRANCH,234.0,0
777,538,194.0,CREDIT,1551.64,GBP,2025-07-25 00:00:00,48,BRANCH,,0
778,464,90.0,CASH_DEPOSIT,518.39,GBP,2025-04-04 00:00:00,30,ONLINE,,0
779,362,86.0,CASH_DEPOSIT,1550.18,USD,2025-01-29 00:00:00,18,ONLINE,,0
780,152,,CREDIT,1320.44,GBP,2025-05-08 00:00:00,2,MOBILE,,0
781,592,111.0,TRANSFER_IN,416.58,GBP,2025-08-24 00:00:00,25,ONLINE,281.0,0
782,642,116.0,CASH_DEPOSIT,354.03,USD,2025-08-16 00:00:00,22,ATM,,0
783,604,71.0,TRANSFER_IN,385.19,GBP,2025-06-29 00:00:00,22,ONLINE,444.0,0
784,466,89.0,TRANSFER_IN,224.83,GBP,2025-08-26 00:00:00,44,MOBILE,478.0,0
785,698,75.0,CASH_DEPOSIT,1118.49,GBP,2025-05-05 00:00:00,19,ONLINE,,0
786,302,11.0,CREDIT,569.62,GBP,2025-01-14 00:00:00,32,BRANCH,,0
787,6,170.0,DEBIT,104.55,GBP,2025-08-13 00:00:00,19,MOBILE,,0
788,89,37.0,CASH_WITHDRAWAL,397.47,GBP,2025-01-21 00:00:00,19,MOBILE,,0
789,33,91.0,CREDIT,1624.36,GBP,2025-04-19 00:00:00,26,ONLINE,,0
790,268,,CASH_DEPOSIT,624.92,GBP,2025-06-23 00:00:00,21,MOBILE,,0
791,700,65.0,CREDIT,835.54,GBP,2025-03-20 00:00:00,6,BRANCH,,0
792,581,,TRANSFER_OUT,1093.93,GBP,2025-08-13 00:00:00,28,ONLINE,142.0,0
793,540,81.0,CASH_DEPOSIT,1870.09,GBP,2025-04-30 00:00:00,23,ATM,,0
794,478,106.0,TRANSFER_OUT,60.21,GBP,2025-07-16 00:00:00,27,ONLINE,774.0,0
795,144,78.0,CREDIT,1162.74,GBP,2025-06-08 00:00:00,35,BRANCH,,0
796,55,101.0,CREDIT,808.87,GBP,2025-07-26 00:00:00,49,ATM,,0
797,56,70.0,CASH_WITHDRAWAL,218.56,GBP,2025-07-30 00:00:00,19,ATM,,0
798,708,16.0,DEBIT,1482.24,GBP,2025-07-09 00:00:00,46,ONLINE,,0
799,719,37.0,CASH_DEPOSIT,1482.15,GBP,2025-02-27 00:00:00,44,MOBILE,,0
800,309,185.0,DEBIT,1612.21,GBP,2025-02-21 00:00:00,8,ONLINE,,0
801,1,31.0,CASH_DEPOSIT,198.24,GBP,2025-05-02 00:00:00,2,ATM,,0
802,401,32.0,TRANSFER_IN,812.09,EUR,2025-08-04 00:00:00,35,BRANCH,628.0,0
803,698,169.0,CASH_DEPOSIT,250.78,GBP,2025-01-06 00:00:00,12,MOBILE,,0
804,763,44.0,CASH_DEPOSIT,1484.62,GBP,2025-05-02 00:00:00,31,BRANCH,,0
805,297,151.0,TRANSFER_OUT,737.84,GBP,2025-04-09 00:00:00,45,ONLINE,476.0,0
806,427,,CREDIT,60.8,GBP,2025-05-25 00:00:00,25,ONLINE,,0
807,595,166.0,CASH_WITHDRAWAL,1786.98,GBP,2025-01-11 00:00:00,23,MOBILE,,0
808,480,,TRANSFER_OUT,557.42,USD,2025-05-09 00:00:00,33,MOBILE,358.0,0
809,724,132.0,DEBIT,353.12,GBP,2025-06-17 00:00:00,47,BRANCH,,0
810,471,36.0,TRANSFER_IN,1571.0,GBP,2025-08-25 00:00:00,26,ONLINE,661.0,0
811,496,121.0,CASH_DEPOSIT,1319.65,GBP,2025-08-26 00:00:00,33,BRANCH,,0
812,133,151.0,CASH_DEPOSIT,699.45,GBP,2025-04-14 00:00:00,5,ONLINE,,0
813,31,,CREDIT,467.25,GBP,2025-05-08 00:00:00,44,ATM,,0
814,332,198.0,CASH_WITHDRAWAL,1592.23,GBP,2025-08-14 00:00:00,12,ATM,,0
815,774,,DEBIT,128.54,GBP,2025-01-10 00:00:00,48,ONLINE,,0
816,453,156.0,CASH_WITHDRAWAL,1682.16,USD,2025-01-28 00:00:00,45,ATM,,0
817,387,164.0,CASH_DEPOSIT,1115.15,GBP,2025-05-06 00:00:00,29,BRANCH,,0
818,231,42.0,TRANSFER_OUT,1628.61,GBP,2025-02-19 00:00:00,6,ONLINE,645.0,0
819,685,9.0,CREDIT,1787.12,GBP,2025-04-15 00:00:00,37,ONLINE,,0
820,349,187.0,CASH_WITHDRAWAL,1286.25,GBP,2025-08-02 00:00:00,14,ATM,,0
821,513,159.0,CASH_DEPOSIT,1707.58,GBP,2025-04-23 00:00:00,28,ATM,,0
822,73,33.0,CASH_DEPOSIT,599.96,GBP,2025-03-01 00:00:00,4,BRANCH,,0
823,24,75.0,TRANSFER_IN,783.9,GBP,2025-08-12 00:00:00,11,BRANCH,77.0,0
824,548,133.0,CASH_DEPOSIT,1002.59,GBP,2025-01-15 00:00:00,35,ONLINE,,0
825,597,68.0,CASH_WITHDRAWAL,64.81,GBP,2025-03-08 00:00:00,13,BRANCH,,0
826,784,53.0,CASH_DEPOSIT,1634.44,GBP,2025-07-13 00:00:00,43,ONLINE,,0
827,242,145.0,CASH_DEPOSIT,1407.67,GBP,2025-01-10 00:00:00,23,ONLINE,,0
828,427,157.0,DEBIT,1775.6,GBP,2025-02-03 00:00:00,18,ONLINE,,0
829,107,130.0,CREDIT,1302.42,GBP,2025-03-19 00:00:00,15,ONLINE,,0
830,57,51.0,CASH_DEPOSIT,1218.24,GBP,2025-06-25 00:00:00,48,ONLINE,,0
831,566,100.0,TRANSFER_OUT,1392.4,GBP,2025-04-20 00:00:00,36,MOBILE,119.0,0
832,449,158.0,TRANSFER_IN,706.82,GBP,2025-08-24 00:00:00,4,MOBILE,238.0,0
833,95,59.0,TRANSFER_OUT,1496.21,EUR,2025-07-25 00:00:00,1,MOBILE,59.0,0
834,79,113.0,CREDIT,568.78,GBP,2025-06-04 00:00:00,42,MOBILE,,0
835,300,102.0,TRANSFER_OUT,1316.88,GBP,2025-01-20 00:00:00,17,MOBILE,507.0,0
836,723,92.0,CREDIT,889.87,GBP,2025-04-04 00:00:00,50,BRANCH,,0
837,670,69.0,TRANSFER_IN,1397.05,GBP,2025-01-14 00:00:00,23,ATM,723.0,0
838,637,21.0,CREDIT,1824.54,GBP,2025-05-14 00:00:00,15,BRANCH,,0
839,760,32.0,TRANSFER_IN,1451.2,GBP,2025-01-10 00:00:00,16,ATM,666.0,0
840,783,30.0,DEBIT,1000.32,GBP,2025-03-13 00:00:00,38,ATM,,0
841,308,,DEBIT,124.14,USD,2025-05-07 00:00:00,2,ATM,,0
842,394,58.0,CREDIT,761.76,GBP,2025-05-17 00:00:00,4,BRANCH,,0
843,33,90.0,DEBIT,1820.56,GBP,2025-03-28 00:00:00,17,MOBILE,,0
844,776,186.0,CASH_DEPOSIT,870.98,GBP,2025-07-06 00:00:00,48,ONLINE,,0
845,112,185.0,CASH_WITHDRAWAL,578.4,USD,2025-04-19 00:00:00,37,BRANCH,,0
846,167,,TRANSFER_OUT,1492.54,EUR,2025-08-21 00:00:00,1,BRANCH,699.0,0
847,281,64.0,CASH_DEPOSIT,595.17,GBP,2025-01-10 00:00:00,40,BRANCH,,0
848,371,65.0,CASH_WITHDRAWAL,1621.47,GBP,2025-02-01 00:00:00,20,BRANCH,,0
849,271,,TRANSFER_OUT,928.13,GBP,2025-04-30 00:00:00,3,BRANCH,492.0,0
850,654,,CREDIT,820.18,GBP,2025-01-21 00:00:00,18,BRANCH,,0
851,66,67.0,TRANSFER_IN,522.78,GBP,2025-02-28 00:00:00,41,MOBILE,151.0,0
852,633,60.0,DEBIT,1310.93,GBP,2025-05-10 00:00:00,29,BRANCH,,0
853,43,59.0,DEBIT,1903.65,USD,2025-01-05 00:00:00,44,BRANCH,,0
854,554,154.0,CREDIT,702.71,GBP,2025-04-24 00:00:00,8,ONLINE,,0
855,243,147.0,TRANSFER_IN,1659.13,GBP,2025-01-19 00:00:00,42,ATM,290.0,0
856,147,156.0,TRANSFER_IN,673.3,GBP,2025-06-16 00:00:00,24,ATM,302.0,0
857,637,95.0,DEBIT,585.29,GBP,2025-06-01 00:00:00,2,ONLINE,,0
858,624,81.0,CASH_DEPOSIT,1432.96,GBP,2025-07-20 00:00:00,38,BRANCH,,0
859,221,150.0,DEBIT,1315.83,GBP,2025-07-15 00:00:00,42,ONLINE,,0
860,80,,CREDIT,1132.98,USD,2025-05-18 00:00:00,47,ONLINE,,0
861,541,156.0,TRANSFER_OUT,1320.1,GBP,2025-03-23 00:00:00,18,MOBILE,590.0,0
862,301,,TRANSFER_IN,489.93,GBP,2025-04-03 00:00:00,15,ATM,323.0,0
863,767,,CASH_WITHDRAWAL,485.89,GBP,2025-08-14 00:00:00,27,BRANCH,,0
864,82,130.0,DEBIT,1829.7,GBP,2025-06-04 00:00:00,15,ATM,,0
865,429,33.0,CASH_DEPOSIT,493.66,EUR,2025-06-05 00:00:00,17,BRANCH,,0
866,350,21.0,TRANSFER_OUT,844.94,USD,2025-06-11 00:00:00,50,MOBILE,185.0,0
867,465,31.0,TRANSFER_OUT,530.44,GBP,2025-08-27 00:00:00,31,ONLINE,130.0,0
868,35,,DEBIT,1381.64,EUR,2025-05-12 00:00:00,34,ATM,,0
869,433,103.0,CASH_WITHDRAWAL,1116.1,GBP,2025-01-31 00:00:00,22,BRANCH,,0
870,606,28.0,CASH_WITHDRAWAL,95.25,GBP,2025-04-01 00:00:00,29,ATM,,0
871,646,112.0,TRANSFER_IN,1516.53,GBP,2025-07-07 00:00:00,12,ONLINE,156.0,0
872,8,95.0,CASH_WITHDRAWAL,1300.56,GBP,2025-04-23 00:00:00,12,BRANCH,,0
873,792,77.0,TRANSFER_OUT,685.53,GBP,2025-08-18 00:00:00,34,ATM,293.0,0
874,331,194.0,CREDIT,1907.26,GBP,2025-08-30 00:00:00,48,MOBILE,,0
875,441,148.0,CASH_DEPOSIT,632.16,GBP,2025-02-12 00:00:00,8,BRANCH,,0
876,281,58.0,CREDIT,580.52,EUR,2025-08-25 00:00:00,15,BRANCH,,0
877,145,142.0,CASH_DEPOSIT,1510.96,GBP,2025-08-20 00:00:00,3,MOBILE,,0
878,7,7.0,TRANSFER_IN,410.27,USD,2025-07-07 00:00:00,29,MOBILE,465.0,0
879,303,,CASH_WITHDRAWAL,1414.11,GBP,2025-04-24 00:00:00,28,ATM,,0
880,270,36.0,TRANSFER_IN,1464.61,GBP,2025-04-01 00:00:00,6,MOBILE,745.0,0
881,77,130.0,TRANSFER_IN,555.84,GBP,2025-05-12 00:00:00,44,ONLINE,724.0,0
882,705,10.0,TRANSFER_OUT,205.38,GBP,2025-05-14 00:00:00,21,MOBILE,572.0,0
883,677,,CASH_WITHDRAWAL,76.09,GBP,2025-01-03 00:00:00,16,MOBILE,,0
884,601,57.0,CASH_WITHDRAWAL,395.38,GBP,2025-05-05 00:00:00,12,ATM,,0
885,290,163.0,DEBIT,1901.91,EUR,2025-01-01 00:00:00,28,ONLINE,,0
886,503,54.0,CASH_WITHDRAWAL,360.34,GBP,2025-03-09 00:00:00,40,ATM,,0
887,647,164.0,TRANSFER_IN,971.04,GBP,2025-02-16 00:00:00,20,MOBILE,300.0,0
888,685,162.0,TRANSFER_OUT,1197.7,GBP,2025-03-17 00:00:00,7,MOBILE,116.0,0
889,774,108.0,TRANSFER_OUT,654.17,GBP,2025-01-30 00:00:00,12,ATM,327.0,0
890,677,179.0,TRANSFER_OUT,1411.11,GBP,2025-05-04 00:00:00,32,ATM,704.0,0
891,241,69.0,CASH_DEPOSIT,434.14,USD,2025-01-16 00:00:00,36,BRANCH,,0
892,268,106.0,TRANSFER_OUT,1619.02,GBP,2025-03-08 00:00:00,4,BRANCH,498.0,0
893,746,163.0,DEBIT,620.48,GBP,2025-05-27 00:00:00,11,MOBILE,,0
894,799,158.0,CASH_DEPOSIT,662.72,GBP,2025-01-06 00:00:00,47,ONLINE,,0
895,389,181.0,TRANSFER_IN,1824.9,GBP,2025-05-22 00:00:00,5,ONLINE,532.0,0
896,216,51.0,CREDIT,1677.11,GBP,2025-07-03 00:00:00,15,BRANCH,,0
897,166,,TRANSFER_IN,829.72,GBP,2025-03-05 00:00:00,1,ONLINE,21.0,0
898,774,,DEBIT,1005.49,GBP,2025-01-11 00:00:00,11,BRANCH,,0
899,309,162.0,CASH_WITHDRAWAL,498.38,GBP,2025-02-01 00:00:00,25,ATM,,0
900,135,,TRANSFER_IN,1724.66,GBP,2025-05-10 00:00:00,47,ATM,21.0,0
901,16,139.0,CASH_DEPOSIT,1838.35,GBP,2025-05-31 00:00:00,26,MOBILE,,0
902,621,,TRANSFER_IN,853.18,GBP,2025-03-19 00:00:00,18,ATM,208.0,0
903,103,168.0,CASH_DEPOSIT,945.44,GBP,2025-01-24 00:00:00,15,ATM,,0
904,575,73.0,CASH_WITHDRAWAL,1068.74,GBP,2025-01-05 00:00:00,32,ATM,,0
905,382,183.0,DEBIT,907.28,GBP,2025-01-07 00:00:00,26,MOBILE,,0
906,458,145.0,DEBIT,1287.42,GBP,2025-07-27 00:00:00,41,ONLINE,,0
907,98,54.0,TRANSFER_OUT,1188.85,GBP,2025-04-14 00:00:00,40,ATM,536.0,0
908,741,,CREDIT,122.57,GBP,2025-04-16 00:00:00,20,BRANCH,,0
909,155,177.0,CASH_DEPOSIT,1199.47,USD,2025-06-26 00:00:00,14,ATM,,0
910,559,167.0,CREDIT,647.07,GBP,2025-05-12 00:00:00,36,ONLINE,,0
911,108,20.0,TRANSFER_OUT,258.93,GBP,2025-05-14 00:00:00,48,ONLINE,171.0,0
912,203,30.0,DEBIT,1771.58,GBP,2025-06-10 00:00:00,34,ATM,,0
913,144,141.0,TRANSFER_OUT,801.81,GBP,2025-04-22 00:00:00,19,BRANCH,536.0,0
914,331,96.0,CASH_DEPOSIT,1302.19,GBP,2025-05-14 00:00:00,44,MOBILE,,0
915,629,,TRANSFER_IN,1041.16,GBP,2025-04-29 00:00:00,14,BRANCH,765.0,0
916,738,,CREDIT,332.66,GBP,2025-05-02 00:00:00,1,BRANCH,,0
917,427,121.0,DEBIT,1986.65,GBP,2025-06-29 00:00:00,13,MOBILE,,0
918,711,118.0,TRANSFER_IN,193.96,GBP,2025-06-02 00:00:00,11,ONLINE,359.0,0
919,652,58.0,TRANSFER_IN,1259.5,USD,2025-03-14 00:00:00,28,BRANCH,377.0,0
920,640,66.0,CASH_DEPOSIT,1084.33,GBP,2025-01-20 00:00:00,38,MOBILE,,0
921,106,72.0,CREDIT,529.56,GBP,2025-07-24 00:00:00,34,ATM,,0
922,339,152.0,CASH_DEPOSIT,558.09,GBP,2025-08-12 00:00:00,40,ATM,,0
923,215,60.0,CREDIT,187.22,GBP,2025-02-07 00:00:00,10,MOBILE,,0
924,487,,TRANSFER_IN,160.19,EUR,2025-05-11 00:00:00,29,ATM,681.0,0
925,484,129.0,DEBIT,485.34,GBP,2025-07-18 00:00:00,25,ATM,,0
926,364,134.0,TRANSFER_IN,1063.72,EUR,2025-02-12 00:00:00,41,BRANCH,729.0,0
927,147,,CASH_DEPOSIT,886.09,GBP,2025-03-06 00:00:00,44,ONLINE,,0
928,572,,CASH_WITHDRAWAL,699.62,GBP,2025-04-04 00:00:00,30,BRANCH,,0
929,746,158.0,CASH_DEPOSIT,1753.21,EUR,2025-04-08 00:00:00,24,MOBILE,,0
930,766,,CREDIT,886.95,GBP,2025-01-02 00:00:00,38,BRANCH,,0
931,337,95.0,TRANSFER_IN,1008.07,GBP,2025-03-11 00:00:00,3,BRANCH,658.0,0
932,491,179.0,CASH_WITHDRAWAL,509.81,GBP,2025-05-27 00:00:00,2,ATM,,0
933,623,126.0,CREDIT,949.53,EUR,2025-01-10 00:00:00,24,ONLINE,,0
934,628,,CREDIT,1412.75,GBP,2025-08-06 00:00:00,9,ONLINE,,0
935,430,,DEBIT,116.82,GBP,2025-01-16 00:00:00,21,ONLINE,,0
936,558,50.0,CASH_WITHDRAWAL,1229.94,GBP,2025-08-03 00:00:00,44,BRANCH,,0
937,727,151.0,CASH_WITHDRAWAL,1888.88,GBP,2025-08-29 00:00:00,43,ATM,,0
938,427,,CASH_WITHDRAWAL,127.66,GBP,2025-07-14 00:00:00,33,MOBILE,,0
939,747,45.0,TRANSFER_OUT,93.79,GBP,2025-06-26 00:00:00,33,ATM,178.0,0
940,651,1.0,TRANSFER_IN,551.16,GBP,2025-03-29 00:00:00,30,ONLINE,580.0,0
941,475,24.0,CREDIT,1460.45,GBP,2025-06-01 00:00:00,41,ONLINE,,0
942,786,3.0,CREDIT,1277.7,GBP,2025-08-13 00:00:00,47,MOBILE,,0
943,316,,CASH_WITHDRAWAL,1885.6,EUR,2025-03-21 00:00:00,4,ATM,,0
944,723,72.0,CREDIT,1132.25,GBP,2025-08-02 00:00:00,13,BRANCH,,0
945,205,76.0,TRANSFER_IN,1396.63,GBP,2025-05-06 00:00:00,23,BRANCH,358.0,0
946,791,116.0,CASH_WITHDRAWAL,1375.64,GBP,2025-09-01 00:00:00,38,ATM,,0
947,160,54.0,CASH_WITHDRAWAL,870.54,GBP,2025-06-24 00:00:00,19,MOBILE,,0
948,351,129.0,CASH_DEPOSIT,1660.57,GBP,2025-01-24 00:00:00,33,MOBILE,,0
949,265,67.0,DEBIT,1844.23,GBP,2025-06-11 00:00:00,12,ATM,,0
950,144,83.0,TRANSFER_IN,1129.72,GBP,2025-08-19 00:00:00,3,BRANCH,719.0,0
951,108,3.0,CREDIT,845.71,GBP,2025-06-15 00:00:00,7,MOBILE,,0
952,367,120.0,CASH_DEPOSIT,376.39,GBP,2025-07-27 00:00:00,40,ATM,,0
953,608,112.0,CASH_WITHDRAWAL,801.67,GBP,2025-03-06 00:00:00,47,BRANCH,,0
954,616,174.0,TRANSFER_OUT,603.85,EUR,2025-07-15 00:00:00,33,ONLINE,432.0,0
955,437,148.0,TRANSFER_OUT,1188.19,GBP,2025-02-12 00:00:00,20,MOBILE,582.0,0
956,770,170.0,TRANSFER_IN,1578.2,GBP,2025-01-24 00:00:00,20,MOBILE,355.0,0
957,470,118.0,DEBIT,1318.92,GBP,2025-02-14 00:00:00,20,BRANCH,,0
958,83,53.0,TRANSFER_OUT,184.88,GBP,2025-06-25 00:00:00,36,BRANCH,6.0,0
959,489,26.0,TRANSFER_OUT,1101.91,GBP,2025-02-24 00:00:00,31,ATM,475.0,0
960,724,25.0,TRANSFER_OUT,261.36,GBP,2025-02-04 00:00:00,26,BRANCH,290.0,0
961,691,109.0,CASH_DEPOSIT,790.73,GBP,2025-05-06 00:00:00,43,ONLINE,,0
962,228,,CREDIT,1536.85,GBP,2025-03-29 00:00:00,33,ONLINE,,0
963,626,102.0,DEBIT,1292.93,GBP,2025-02-18 00:00:00,3,MOBILE,,0
964,310,87.0,TRANSFER_OUT,1309.82,GBP,2025-03-14 00:00:00,20,ATM,692.0,0
965,493,108.0,CREDIT,331.27,GBP,2025-08-02 00:00:00,7,ATM,,0
966,85,188.0,DEBIT,1313.46,GBP,2025-07-26 00:00:00,1,MOBILE,,0
967,327,130.0,TRANSFER_OUT,1374.17,GBP,2025-06-17 00:00:00,43,ATM,433.0,0
968,790,109.0,TRANSFER_IN,1485.42,GBP,2025-07-26 00:00:00,29,BRANCH,800.0,0
969,485,137.0,TRANSFER_IN,227.79,GBP,2025-04-19 00:00:00,35,ATM,691.0,0
970,82,87.0,CASH_WITHDRAWAL,1182.36,GBP,2025-07-28 00:00:00,40,ATM,,0
971,446,73.0,DEBIT,247.5,GBP,2025-04-04 00:00:00,4,BRANCH,,0
972,259,173.0,TRANSFER_IN,1534.83,GBP,2025-03-10 00:00:00,12,BRANCH,366.0,0
973,428,84.0,TRANSFER_IN,1273.79,GBP,2025-04-02 00:00:00,47,ONLINE,545.0,0
974,757,45.0,DEBIT,1072.3,GBP,2025-02-07 00:00:00,41,ATM,,0
975,442,,TRANSFER_IN,1943.85,GBP,2025-03-04 00:00:00,47,ATM,42.0,0
976,79,10.0,CREDIT,1220.66,GBP,2025-07-27 00:00:00,7,ATM,,0
977,525,,DEBIT,678.86,GBP,2025-03-19 00:00:00,28,ATM,,0
978,23,192.0,TRANSFER_IN,1444.58,GBP,2025-01-21 00:00:00,28,ONLINE,197.0,0
979,585,78.0,CASH_DEPOSIT,1030.51,EUR,2025-06-27 00:00:00,4,BRANCH,,0
980,588,195.0,TRANSFER_OUT,553.2,GBP,2025-02-17 00:00:00,18,ONLINE,620.0,0
981,409,,CASH_WITHDRAWAL,573.4,GBP,2025-02-23 00:00:00,2,ATM,,0
982,673,69.0,TRANSFER_OUT,1200.16,USD,2025-01-25 00:00:00,15,MOBILE,19.0,0
983,727,17.0,CASH_DEPOSIT,579.22,GBP,2025-07-31 00:00:00,30,ATM,,0
984,651,139.0,TRANSFER_OUT,953.83,GBP,2025-03-29 00:00:00,22,BRANCH,355.0,0
985,456,191.0,TRANSFER_OUT,425.22,GBP,2025-06-22 00:00:00,25,BRANCH,413.0,0
986,34,147.0,DEBIT,1264.61,GBP,2025-03-30 00:00:00,6,MOBILE,,0
987,766,,TRANSFER_IN,611.55,GBP,2025-04-26 00:00:00,44,ATM,31.0,0
988,160,43.0,CASH_DEPOSIT,706.49,GBP,2025-07-15 00:00:00,2,BRANCH,,0
989,570,61.0,TRANSFER_OUT,1842.75,GBP,2025-06-05 00:00:00,8,ONLINE,406.0,0
990,224,29.0,CASH_DEPOSIT,582.25,USD,2025-05-21 00:00:00,27,BRANCH,,0
991,770,154.0,TRANSFER_IN,642.21,GBP,2025-01-28 00:00:00,43,BRANCH,515.0,0
992,549,58.0,TRANSFER_OUT,992.19,GBP,2025-07-31 00:00:00,29,MOBILE,182.0,0
993,410,137.0,TRANSFER_IN,1527.06,GBP,2025-06-24 00:00:00,7,ATM,595.0,0
994,669,108.0,TRANSFER_OUT,381.81,GBP,2025-02-27 00:00:00,9,ONLINE,614.0,0
995,585,6.0,TRANSFER_IN,1221.58,GBP,2025-06-10 00:00:00,31,ONLINE,380.0,0
996,24,168.0,TRANSFER_OUT,1106.35,EUR,2025-04-28 00:00:00,24,MOBILE,180.0,0
997,484,,CREDIT,648.83,GBP,2025-08-17 00:00:00,2,MOBILE,,0
998,592,63.0,CASH_WITHDRAWAL,1208.48,EUR,2025-04-29 00:00:00,33,ONLINE,,0
999,619,,CREDIT,493.5,GBP,2025-01-18 00:00:00,1,ONLINE,,0
1000,699,134.0,TRANSFER_OUT,1725.03,GBP,2025-04-17 00:00:00,17,ONLINE,733.0,0
1001,796,137.0,CASH_WITHDRAWAL,52.32,GBP,2025-07-05 00:00:00,4,BRANCH,,0
1002,408,,CASH_WITHDRAWAL,1538.68,GBP,2025-07-03 00:00:00,33,ATM,,0
1003,439,27.0,CREDIT,1694.91,GBP,2025-05-29 00:00:00,49,ONLINE,,0
1004,740,106.0,CASH_WITHDRAWAL,682.97,USD,2025-02-23 00:00:00,17,ONLINE,,0
1005,338,19.0,TRANSFER_OUT,1798.89,GBP,2025-03-04 00:00:00,49,BRANCH,351.0,0
1006,303,85.0,TRANSFER_OUT,1400.63,GBP,2025-06-02 00:00:00,3,MOBILE,152.0,0
1007,535,57.0,TRANSFER_IN,1129.26,GBP,2025-03-20 00:00:00,46,MOBILE,582.0,0
1008,650,183.0,TRANSFER_OUT,1348.19,GBP,2025-07-26 00:00:00,45,MOBILE,151.0,0
1009,623,99.0,TRANSFER_IN,1275.34,GBP,2025-02-24 00:00:00,38,BRANCH,152.0,0
1010,599,94.0,CASH_WITHDRAWAL,1019.64,USD,2025-05-03 00:00:00,40,MOBILE,,0
1011,353,151.0,CASH_DEPOSIT,632.02,GBP,2025-08-10 00:00:00,32,MOBILE,,0
1012,538,124.0,TRANSFER_OUT,33.39,USD,2025-02-27 00:00:00,20,MOBILE,230.0,0
1013,154,200.0,CASH_WITHDRAWAL,1579.6,GBP,2025-04-02 00:00:00,32,ATM,,0
1014,584,,DEBIT,1680.75,GBP,2025-07-20 00:00:00,34,MOBILE,,0
1015,760,171.0,DEBIT,799.99,GBP,2025-03-26 00:00:00,33,ONLINE,,0
1016,278,137.0,CASH_WITHDRAWAL,1077.77,GBP,2025-07-24 00:00:00,4,ATM,,0
1017,581,63.0,TRANSFER_IN,1595.55,GBP,2025-08-28 00:00:00,42,MOBILE,234.0,0
1018,707,46.0,DEBIT,1958.86,GBP,2025-03-13 00:00:00,6,MOBILE,,0
1019,751,,DEBIT,1812.75,GBP,2025-03-19 00:00:00,4,MOBILE,,0
1020,234,195.0,CASH_DEPOSIT,957.18,GBP,2025-08-14 00:00:00,4,BRANCH,,0
1021,650,123.0,DEBIT,886.59,GBP,2025-01-26 00:00:00,35,MOBILE,,0
1022,613,146.0,DEBIT,1165.52,EUR,2025-07-04 00:00:00,29,MOBILE,,0
1023,604,,CASH_DEPOSIT,1512.31,USD,2025-07-13 00:00:00,27,BRANCH,,0
1024,505,85.0,CASH_DEPOSIT,969.14,GBP,2025-06-15 00:00:00,20,BRANCH,,0
1025,545,71.0,CASH_WITHDRAWAL,1124.72,GBP,2025-04-23 00:00:00,8,MOBILE,,0
1026,500,131.0,TRANSFER_OUT,994.1,GBP,2025-07-14 00:00:00,28,BRANCH,97.0,0
1027,454,176.0,CASH_DEPOSIT,1646.0,GBP,2025-01-28 00:00:00,49,MOBILE,,0
1028,219,79.0,TRANSFER_IN,1534.01,GBP,2025-06-25 00:00:00,20,MOBILE,585.0,0
1029,689,41.0,CREDIT,1533.96,GBP,2025-08-07 00:00:00,11,MOBILE,,0
1030,334,,TRANSFER_OUT,1308.71,GBP,2025-07-19 00:00:00,47,BRANCH,235.0,0
1031,270,78.0,TRANSFER_IN,294.25,GBP,2025-04-01 00:00:00,48,BRANCH,461.0,0
1032,316,101.0,TRANSFER_OUT,16.32,EUR,2025-04-15 00:00:00,23,MOBILE,468.0,0
1033,786,181.0,CREDIT,421.18,GBP,2025-03-17 00:00:00,24,ONLINE,,0
1034,330,98.0,TRANSFER_IN,1118.35,GBP,2025-07-24 00:00:00,14,ATM,281.0,0
1035,110,42.0,TRANSFER_IN,1447.08,USD,2025-09-01 00:00:00,3,ATM,705.0,0
1036,724,72.0,CASH_DEPOSIT,1174.3,GBP,2025-01-15 00:00:00,41,BRANCH,,0
1037,283,113.0,TRANSFER_IN,226.51,GBP,2025-07-11 00:00:00,5,BRANCH,794.0,0
1038,751,39.0,CREDIT,1181.67,GBP,2025-05-24 00:00:00,6,ATM,,0
1039,252,140.0,CASH_WITHDRAWAL,525.13,GBP,2025-03-16 00:00:00,45,ONLINE,,0
1040,144,18.0,CASH_WITHDRAWAL,1424.25,GBP,2025-08-07 00:00:00,24,ATM,,0
1041,766,,CREDIT,645.93,GBP,2025-04-03 00:00:00,22,MOBILE,,0
1042,694,,TRANSFER_IN,514.44,GBP,2025-01-06 00:00:00,9,ONLINE,658.0,0
1043,421,125.0,DEBIT,1664.19,GBP,2025-05-12 00:00:00,24,ONLINE,,0
1044,580,9.0,CASH_DEPOSIT,1746.8,GBP,2025-05-18 00:00:00,32,BRANCH,,0
1045,589,18.0,CASH_WITHDRAWAL,155.73,GBP,2025-05-23 00:00:00,50,ONLINE,,0
1046,545,132.0,DEBIT,1149.98,GBP,2025-06-16 00:00:00,13,ONLINE,,0
1047,786,71.0,TRANSFER_OUT,905.32,EUR,2025-06-16 00:00:00,22,ONLINE,187.0,0
1048,664,117.0,CASH_DEPOSIT,1563.32,GBP,2025-08-31 00:00:00,28,ONLINE,,0
1049,412,2.0,CASH_DEPOSIT,1657.3,GBP,2025-02-27 00:00:00,21,ATM,,0
1050,155,58.0,CASH_DEPOSIT,1350.7,GBP,2025-04-28 00:00:00,42,MOBILE,,0
1051,789,,TRANSFER_IN,1787.02,GBP,2025-05-28 00:00:00,10,MOBILE,792.0,0
1052,152,47.0,DEBIT,57.32,GBP,2025-08-05 00:00:00,3,MOBILE,,0
1053,554,18.0,TRANSFER_IN,1741.76,EUR,2025-02-21 00:00:00,20,MOBILE,435.0,0
1054,278,56.0,TRANSFER_IN,59.46,USD,2025-02-01 00:00:00,25,ONLINE,455.0,0
1055,762,,CREDIT,763.93,GBP,2025-04-13 00:00:00,13,MOBILE,,0
1056,790,32.0,DEBIT,1938.64,GBP,2025-05-29 00:00:00,47,ONLINE,,0
1057,167,31.0,TRANSFER_OUT,1482.58,GBP,2025-03-23 00:00:00,27,MOBILE,216.0,0
1058,93,93.0,TRANSFER_OUT,514.29,GBP,2025-04-27 00:00:00,2,ONLINE,390.0,0
1059,431,26.0,TRANSFER_IN,723.98,GBP,2025-01-17 00:00:00,28,BRANCH,235.0,0
1060,719,165.0,TRANSFER_OUT,1752.5,GBP,2025-03-12 00:00:00,47,BRANCH,47.0,0
1061,145,,CREDIT,1131.34,GBP,2025-02-09 00:00:00,9,ATM,,0
1062,781,153.0,CREDIT,1733.36,GBP,2025-04-06 00:00:00,40,ATM,,0
1063,162,45.0,CASH_DEPOSIT,1930.77,GBP,2025-07-27 00:00:00,43,MOBILE,,0
1064,374,,DEBIT,1574.18,GBP,2025-02-22 00:00:00,20,ATM,,0
1065,641,68.0,CASH_DEPOSIT,645.54,GBP,2025-03-26 00:00:00,2,ATM,,0
1066,36,37.0,TRANSFER_OUT,97.77,GBP,2025-06-03 00:00:00,47,MOBILE,162.0,0
1067,103,58.0,DEBIT,842.67,GBP,2025-05-02 00:00:00,30,ATM,,0
1068,550,155.0,CASH_WITHDRAWAL,6.44,GBP,2025-08-19 00:00:00,17,MOBILE,,0
1069,331,94.0,CASH_DEPOSIT,1338.52,GBP,2025-05-07 00:00:00,48,MOBILE,,0
1070,129,34.0,CREDIT,454.98,GBP,2025-01-25 00:00:00,46,ATM,,0
1071,290,,DEBIT,503.31,GBP,2025-07-06 00:00:00,43,BRANCH,,0
1072,337,119.0,CASH_WITHDRAWAL,1183.62,GBP,2025-08-15 00:00:00,18,MOBILE,,0
1073,336,170.0,CREDIT,1160.84,EUR,2025-07-11 00:00:00,25,ONLINE,,0
1074,203,,DEBIT,290.19,GBP,2025-07-23 00:00:00,16,MOBILE,,0
1075,407,147.0,TRANSFER_OUT,970.27,GBP,2025-06-10 00:00:00,37,ATM,463.0,0
1076,220,68.0,CASH_DEPOSIT,882.53,GBP,2025-06-17 00:00:00,50,BRANCH,,0
1077,346,,CREDIT,514.29,GBP,2025-05-05 00:00:00,50,ATM,,0
1078,680,88.0,CASH_DEPOSIT,529.41,GBP,2025-04-20 00:00:00,42,ONLINE,,0
1079,557,59.0,TRANSFER_OUT,1661.01,GBP,2025-07-02 00:00:00,19,MOBILE,356.0,0
1080,315,142.0,DEBIT,1932.75,EUR,2025-04-12 00:00:00,33,MOBILE,,0
1081,146,,CREDIT,1552.94,GBP,2025-07-10 00:00:00,23,MOBILE,,0
1082,577,,CASH_DEPOSIT,98.76,GBP,2025-05-19 00:00:00,15,MOBILE,,0
1083,384,175.0,CREDIT,1271.64,EUR,2025-08-04 00:00:00,49,MOBILE,,0
1084,554,,CASH_DEPOSIT,850.91,GBP,2025-01-13 00:00:00,26,BRANCH,,0
1085,400,,TRANSFER_OUT,1788.02,GBP,2025-02-04 00:00:00,47,BRANCH,1.0,0
1086,77,143.0,CASH_WITHDRAWAL,626.65,EUR,2025-01-16 00:00:00,49,ATM,,0
1087,144,42.0,CREDIT,785.52,GBP,2025-04-18 00:00:00,26,MOBILE,,0
1088,255,,DEBIT,456.48,EUR,2025-08-17 00:00:00,26,ONLINE,,0
1089,744,173.0,CREDIT,415.63,GBP,2025-03-12 00:00:00,49,BRANCH,,0
1090,12,134.0,TRANSFER_IN,1050.86,GBP,2025-06-03 00:00:00,31,MOBILE,677.0,0
1091,449,32.0,CASH_DEPOSIT,1487.11,GBP,2025-01-19 00:00:00,49,BRANCH,,0
1092,279,,DEBIT,766.1,EUR,2025-06-10 00:00:00,30,ATM,,0
1093,600,182.0,CASH_WITHDRAWAL,1731.68,GBP,2025-03-16 00:00:00,15,ONLINE,,0
1094,91,,CASH_DEPOSIT,1919.67,EUR,2025-08-11 00:00:00,43,ATM,,0
1095,719,,TRANSFER_OUT,118.02,GBP,2025-07-17 00:00:00,18,BRANCH,258.0,0
1096,656,108.0,CASH_WITHDRAWAL,1673.41,EUR,2025-01-04 00:00:00,7,ATM,,0
1097,249,57.0,CASH_DEPOSIT,870.37,GBP,2025-07-19 00:00:00,46,ATM,,0
1098,575,145.0,TRANSFER_OUT,1215.22,USD,2025-01-11 00:00:00,39,ONLINE,605.0,0
1099,659,,CASH_DEPOSIT,194.35,EUR,2025-04-03 00:00:00,38,ATM,,0
1100,404,11.0,TRANSFER_IN,1295.94,GBP,2025-04-28 00:00:00,37,ONLINE,409.0,0
1101,644,111.0,CASH_WITHDRAWAL,1816.62,GBP,2025-02-16 00:00:00,2,BRANCH,,0
1102,102,106.0,DEBIT,1459.47,GBP,2025-03-06 00:00:00,23,BRANCH,,0
1103,361,,CREDIT,556.88,GBP,2025-03-25 00:00:00,30,BRANCH,,0
1104,788,54.0,CASH_DEPOSIT,1542.76,GBP,2025-03-24 00:00:00,48,ATM,,0
1105,772,45.0,TRANSFER_OUT,1714.01,GBP,2025-06-07 00:00:00,35,MOBILE,325.0,0
1106,314,185.0,DEBIT,1280.71,GBP,2025-05-08 00:00:00,41,MOBILE,,0
1107,775,68.0,CASH_WITHDRAWAL,973.45,GBP,2025-04-23 00:00:00,24,MOBILE,,0
1108,173,29.0,CREDIT,1165.78,USD,2025-07-13 00:00:00,36,MOBILE,,0
1109,408,20.0,CREDIT,191.26,GBP,2025-08-23 00:00:00,43,ATM,,0
1110,270,88.0,CASH_DEPOSIT,710.83,GBP,2025-04-09 00:00:00,7,BRANCH,,0
1111,629,22.0,TRANSFER_IN,1998.88,GBP,2025-01-11 00:00:00,16,MOBILE,684.0,0
1112,281,58.0,CASH_WITHDRAWAL,1966.61,GBP,2025-02-27 00:00:00,29,MOBILE,,0
1113,149,63.0,DEBIT,1715.78,GBP,2025-04-23 00:00:00,27,MOBILE,,0
1114,423,133.0,CASH_DEPOSIT,802.24,GBP,2025-08-19 00:00:00,25,BRANCH,,0
1115,724,94.0,TRANSFER_IN,865.47,GBP,2025-08-25 00:00:00,16,BRANCH,554.0,0
1116,366,178.0,CREDIT,646.72,GBP,2025-06-29 00:00:00,16,MOBILE,,0
1117,99,,CASH_DEPOSIT,1418.17,GBP,2025-01-27 00:00:00,39,MOBILE,,0
1118,738,180.0,CASH_WITHDRAWAL,1953.1,GBP,2025-02-27 00:00:00,30,BRANCH,,0
1119,589,,TRANSFER_OUT,1239.52,GBP,2025-04-22 00:00:00,5,MOBILE,23.0,0
1120,574,167.0,DEBIT,1792.2,GBP,2025-06-30 00:00:00,10,ONLINE,,0
1121,699,185.0,TRANSFER_IN,1141.66,EUR,2025-07-02 00:00:00,39,ATM,442.0,0
1122,722,35.0,TRANSFER_OUT,434.33,GBP,2025-05-18 00:00:00,45,BRANCH,339.0,0
1123,239,131.0,TRANSFER_OUT,292.74,GBP,2025-06-24 00:00:00,38,BRANCH,7.0,0
1124,625,194.0,TRANSFER_IN,1176.96,GBP,2025-01-19 00:00:00,40,ONLINE,543.0,0
1125,424,188.0,CREDIT,501.36,GBP,2025-07-14 00:00:00,12,MOBILE,,0
1126,31,127.0,CASH_WITHDRAWAL,243.4,GBP,2025-08-31 00:00:00,26,ATM,,0
1127,418,122.0,CREDIT,1695.29,GBP,2025-03-21 00:00:00,23,MOBILE,,0
1128,725,65.0,TRANSFER_OUT,186.02,GBP,2025-02-21 00:00:00,15,BRANCH,663.0,0
1129,649,116.0,DEBIT,1050.12,GBP,2025-06-05 00:00:00,4,ONLINE,,0
1130,700,44.0,DEBIT,1927.38,GBP,2025-01-02 00:00:00,21,ATM,,0
1131,314,146.0,CASH_DEPOSIT,752.8,GBP,2025-02-14 00:00:00,13,ATM,,0
1132,187,89.0,DEBIT,1744.83,USD,2025-05-27 00:00:00,12,ATM,,0
1133,724,,CREDIT,1017.12,GBP,2025-04-24 00:00:00,2,ONLINE,,0
1134,551,,DEBIT,1615.37,GBP,2025-03-16 00:00:00,7,BRANCH,,0
1135,700,133.0,CREDIT,1800.96,GBP,2025-06-04 00:00:00,10,BRANCH,,0
1136,466,,CASH_DEPOSIT,1664.38,GBP,2025-08-30 00:00:00,8,ONLINE,,0
1137,347,37.0,CREDIT,1920.97,GBP,2025-07-23 00:00:00,26,ONLINE,,0
1138,367,123.0,CASH_WITHDRAWAL,1416.74,GBP,2025-01-26 00:00:00,34,ONLINE,,0
1139,680,135.0,CASH_DEPOSIT,1152.3,GBP,2025-04-11 00:00:00,49,MOBILE,,0
1140,290,115.0,CREDIT,589.45,GBP,2025-04-14 00:00:00,28,ATM,,0
1141,85,126.0,DEBIT,646.42,GBP,2025-04-10 00:00:00,20,ATM,,0
1142,790,176.0,CASH_WITHDRAWAL,114.96,GBP,2025-02-18 00:00:00,6,BRANCH,,0
1143,602,147.0,CASH_DEPOSIT,350.85,GBP,2025-01-13 00:00:00,35,ONLINE,,0
1144,49,,TRANSFER_OUT,380.54,EUR,2025-07-30 00:00:00,44,ATM,757.0,0
1145,521,46.0,CASH_DEPOSIT,744.79,GBP,2025-08-22 00:00:00,14,ONLINE,,0
1146,469,,CREDIT,1426.26,GBP,2025-02-22 00:00:00,32,MOBILE,,0
1147,585,4.0,DEBIT,1844.56,GBP,2025-06-26 00:00:00,8,BRANCH,,0
1148,5,,CASH_WITHDRAWAL,1628.21,GBP,2025-02-15 00:00:00,25,MOBILE,,0
1149,381,,TRANSFER_OUT,94.29,GBP,2025-03-05 00:00:00,40,BRANCH,433.0,0
1150,697,161.0,TRANSFER_IN,413.73,USD,2025-04-15 00:00:00,45,ONLINE,426.0,0
1151,424,49.0,TRANSFER_OUT,510.58,GBP,2025-06-27 00:00:00,26,ONLINE,713.0,0
1152,786,170.0,CASH_WITHDRAWAL,449.83,GBP,2025-01-30 00:00:00,11,ATM,,0
1153,69,84.0,CREDIT,1887.29,GBP,2025-06-24 00:00:00,46,ATM,,0
1154,292,73.0,CASH_DEPOSIT,526.69,GBP,2025-04-12 00:00:00,13,ONLINE,,0
1155,569,,CREDIT,258.59,USD,2025-05-03 00:00:00,7,ONLINE,,0
1156,235,100.0,CREDIT,171.8,GBP,2025-01-18 00:00:00,16,ATM,,0
1157,631,190.0,CREDIT,886.84,GBP,2025-06-19 00:00:00,33,MOBILE,,0
1158,787,82.0,DEBIT,1139.76,USD,2025-08-09 00:00:00,17,MOBILE,,0
1159,359,165.0,DEBIT,785.67,GBP,2025-03-16 00:00:00,33,ONLINE,,0
1160,231,50.0,TRANSFER_IN,1317.73,GBP,2025-08-12 00:00:00,29,ONLINE,252.0,0
1161,617,143.0,CREDIT,291.01,EUR,2025-01-29 00:00:00,44,ONLINE,,0
1162,420,5.0,CASH_DEPOSIT,1442.36,GBP,2025-03-24 00:00:00,24,ONLINE,,0
1163,147,,CASH_WITHDRAWAL,471.16,GBP,2025-05-25 00:00:00,4,ATM,,0
1164,788,58.0,CASH_WITHDRAWAL,75.21,GBP,2025-01-06 00:00:00,42,ATM,,0
1165,586,73.0,CASH_WITHDRAWAL,1234.02,GBP,2025-07-11 00:00:00,16,ATM,,0
1166,628,163.0,TRANSFER_OUT,960.86,USD,2025-05-18 00:00:00,24,MOBILE,148.0,0
1167,294,45.0,TRANSFER_OUT,1998.29,USD,2025-07-09 00:00:00,2,ATM,308.0,0
1168,148,106.0,CASH_WITHDRAWAL,1760.21,USD,2025-02-02 00:00:00,41,BRANCH,,0
1169,214,,TRANSFER_OUT,1767.83,GBP,2025-04-26 00:00:00,29,ATM,475.0,0
1170,373,171.0,TRANSFER_OUT,270.56,GBP,2025-03-04 00:00:00,14,MOBILE,583.0,0
1171,200,,CASH_WITHDRAWAL,1320.36,GBP,2025-08-19 00:00:00,30,ATM,,0
1172,384,55.0,TRANSFER_OUT,286.96,GBP,2025-06-16 00:00:00,29,BRANCH,794.0,0
1173,639,52.0,CREDIT,678.68,USD,2025-08-28 00:00:00,34,ATM,,0
1174,185,,DEBIT,1389.47,GBP,2025-06-20 00:00:00,12,BRANCH,,0
1175,764,197.0,CREDIT,1284.27,GBP,2025-07-25 00:00:00,13,MOBILE,,0
1176,422,63.0,CASH_WITHDRAWAL,265.46,USD,2025-06-06 00:00:00,49,ONLINE,,0
1177,693,17.0,DEBIT,47.82,EUR,2025-03-26 00:00:00,6,BRANCH,,0
1178,366,39.0,CREDIT,618.59,GBP,2025-06-09 00:00:00,21,ATM,,0
1179,487,45.0,TRANSFER_IN,609.96,GBP,2025-02-10 00:00:00,10,MOBILE,426.0,0
1180,122,159.0,TRANSFER_OUT,320.77,GBP,2025-05-01 00:00:00,45,BRANCH,707.0,0
1181,256,,CASH_WITHDRAWAL,1891.08,EUR,2025-07-13 00:00:00,3,MOBILE,,0
1182,391,123.0,CREDIT,1535.44,GBP,2025-07-29 00:00:00,24,ATM,,0
1183,599,115.0,DEBIT,1940.74,USD,2025-08-15 00:00:00,22,ONLINE,,0
1184,379,35.0,CASH_DEPOSIT,603.71,GBP,2025-02-08 00:00:00,8,MOBILE,,0
1185,650,183.0,DEBIT,712.65,USD,2025-01-05 00:00:00,40,ATM,,0
1186,174,65.0,CREDIT,1029.28,EUR,2025-05-06 00:00:00,21,MOBILE,,0
1187,54,180.0,TRANSFER_IN,529.91,USD,2025-01-11 00:00:00,18,ATM,676.0,0
1188,83,9.0,CREDIT,1744.72,EUR,2025-07-08 00:00:00,37,ONLINE,,0
1189,310,121.0,TRANSFER_OUT,779.85,GBP,2025-03-11 00:00:00,45,ATM,344.0,0
1190,376,,TRANSFER_OUT,817.35,GBP,2025-08-30 00:00:00,23,BRANCH,566.0,0
1191,198,69.0,DEBIT,1827.15,EUR,2025-07-26 00:00:00,43,BRANCH,,0
1192,522,,DEBIT,1622.46,GBP,2025-01-28 00:00:00,16,ONLINE,,0
1193,182,40.0,CASH_DEPOSIT,1603.91,GBP,2025-08-10 00:00:00,5,ONLINE,,0
1194,741,88.0,CASH_DEPOSIT,145.41,GBP,2025-08-12 00:00:00,30,BRANCH,,0
1195,681,32.0,DEBIT,1409.77,GBP,2025-07-10 00:00:00,6,MOBILE,,0
1196,94,24.0,DEBIT,868.77,GBP,2025-02-23 00:00:00,4,ONLINE,,0
1197,397,136.0,CREDIT,954.71,GBP,2025-05-07 00:00:00,39,MOBILE,,0
1198,481,174.0,CASH_DEPOSIT,1730.69,GBP,2025-02-17 00:00:00,33,ONLINE,,0
1199,82,51.0,TRANSFER_IN,292.07,GBP,2025-02-18 00:00:00,45,ONLINE,720.0,0
1200,780,48.0,TRANSFER_IN,1513.79,GBP,2025-04-12 00:00:00,41,BRANCH,616.0,0
1201,423,74.0,CREDIT,855.91,GBP,2025-07-08 00:00:00,16,ONLINE,,0
1202,671,,CASH_WITHDRAWAL,507.08,GBP,2025-01-17 00:00:00,4,ONLINE,,0
1203,506,188.0,DEBIT,1241.59,GBP,2025-01-21 00:00:00,44,ATM,,0
1204,13,,CASH_WITHDRAWAL,181.02,GBP,2025-08-23 00:00:00,24,ONLINE,,0
1205,583,82.0,TRANSFER_OUT,719.43,GBP,2025-04-05 00:00:00,32,BRANCH,782.0,0
1206,501,191.0,CREDIT,460.08,GBP,2025-06-26 00:00:00,23,ATM,,0
1207,477,,TRANSFER_IN,1847.27,GBP,2025-04-14 00:00:00,30,ATM,464.0,0
1208,157,193.0,TRANSFER_OUT,842.1,GBP,2025-02-05 00:00:00,21,ATM,648.0,0
1209,153,4.0,TRANSFER_OUT,1583.79,GBP,2025-02-14 00:00:00,10,MOBILE,223.0,0
1210,98,121.0,CREDIT,545.43,GBP,2025-05-08 00:00:00,26,MOBILE,,0
1211,311,,CASH_DEPOSIT,558.95,GBP,2025-06-05 00:00:00,47,ATM,,0
1212,444,41.0,TRANSFER_OUT,1938.35,GBP,2025-01-28 00:00:00,5,BRANCH,723.0,0
1213,489,37.0,CREDIT,1039.93,GBP,2025-02-25 00:00:00,27,ATM,,0
1214,14,,CASH_WITHDRAWAL,321.41,GBP,2025-06-25 00:00:00,40,ATM,,0
1215,627,34.0,CASH_DEPOSIT,567.38,GBP,2025-07-26 00:00:00,45,MOBILE,,0
1216,379,122.0,DEBIT,40.33,GBP,2025-03-05 00:00:00,14,BRANCH,,0
1217,705,81.0,CASH_WITHDRAWAL,1831.9,USD,2025-05-23 00:00:00,22,BRANCH,,0
1218,716,33.0,TRANSFER_IN,1564.28,GBP,2025-08-22 00:00:00,15,MOBILE,256.0,0
1219,501,5.0,TRANSFER_IN,1024.37,GBP,2025-07-12 00:00:00,10,BRANCH,84.0,0
1220,542,155.0,CASH_WITHDRAWAL,535.68,GBP,2025-07-19 00:00:00,13,BRANCH,,0
1221,729,200.0,DEBIT,950.13,GBP,2025-01-01 00:00:00,21,BRANCH,,0
1222,636,38.0,TRANSFER_IN,1913.55,GBP,2025-03-22 00:00:00,39,MOBILE,662.0,0
1223,193,,CASH_DEPOSIT,1212.14,GBP,2025-01-16 00:00:00,48,MOBILE,,0
1224,537,73.0,CREDIT,1582.47,GBP,2025-07-29 00:00:00,1,BRANCH,,0
1225,268,76.0,DEBIT,62.5,GBP,2025-04-18 00:00:00,6,BRANCH,,0
1226,477,38.0,TRANSFER_OUT,1253.65,GBP,2025-06-02 00:00:00,29,BRANCH,111.0,0
1227,281,51.0,CASH_WITHDRAWAL,1215.05,GBP,2025-05-31 00:00:00,9,BRANCH,,0
1228,18,84.0,CASH_DEPOSIT,956.82,GBP,2025-08-01 00:00:00,47,ATM,,0
1229,564,112.0,CASH_WITHDRAWAL,651.15,GBP,2025-06-06 00:00:00,49,ONLINE,,0
1230,660,145.0,CASH_DEPOSIT,83.57,GBP,2025-07-05 00:00:00,46,MOBILE,,0
1231,509,18.0,CREDIT,307.38,GBP,2025-08-29 00:00:00,46,MOBILE,,0
1232,95,92.0,TRANSFER_IN,166.91,GBP,2025-01-18 00:00:00,32,ATM,559.0,0
1233,64,165.0,TRANSFER_OUT,1390.7,GBP,2025-01-23 00:00:00,14,ATM,163.0,0
1234,119,67.0,CREDIT,482.33,GBP,2025-05-23 00:00:00,2,ONLINE,,0
1235,659,,CREDIT,959.99,GBP,2025-07-14 00:00:00,15,MOBILE,,0
1236,141,83.0,TRANSFER_OUT,1513.15,GBP,2025-01-05 00:00:00,33,BRANCH,505.0,0
1237,25,179.0,TRANSFER_OUT,1102.31,GBP,2025-05-31 00:00:00,3,MOBILE,236.0,0
1238,597,90.0,CASH_WITHDRAWAL,165.85,EUR,2025-04-12 00:00:00,14,MOBILE,,0
1239,550,161.0,CASH_WITHDRAWAL,1247.47,GBP,2025-04-06 00:00:00,33,ATM,,0
1240,164,,CASH_DEPOSIT,516.28,GBP,2025-08-18 00:00:00,17,ATM,,0
1241,123,116.0,DEBIT,893.86,USD,2025-02-22 00:00:00,12,ONLINE,,0
1242,43,28.0,CASH_WITHDRAWAL,1866.5,GBP,2025-07-14 00:00:00,37,BRANCH,,0
1243,707,152.0,TRANSFER_IN,725.07,GBP,2025-06-10 00:00:00,15,BRANCH,223.0,0
1244,524,4.0,CREDIT,1660.03,EUR,2025-05-08 00:00:00,47,ATM,,0
1245,738,101.0,CASH_DEPOSIT,1508.95,USD,2025-05-24 00:00:00,39,BRANCH,,0
1246,684,,CREDIT,159.96,GBP,2025-01-01 00:00:00,2,ONLINE,,0
1247,12,,DEBIT,610.38,GBP,2025-05-26 00:00:00,11,ONLINE,,0
1248,55,166.0,CREDIT,1942.03,GBP,2025-04-06 00:00:00,5,BRANCH,,0
1249,428,77.0,DEBIT,1797.55,GBP,2025-03-09 00:00:00,30,MOBILE,,0
1250,124,,CASH_WITHDRAWAL,1905.09,GBP,2025-08-14 00:00:00,31,MOBILE,,0
1251,15,186.0,CREDIT,913.21,USD,2025-03-11 00:00:00,2,ATM,,0
1252,65,40.0,CREDIT,134.99,GBP,2025-01-08 00:00:00,3,ATM,,0
1253,443,,TRANSFER_OUT,354.17,GBP,2025-08-18 00:00:00,3,ONLINE,789.0,0
1254,288,185.0,TRANSFER_OUT,409.38,GBP,2025-06-21 00:00:00,18,MOBILE,241.0,0
1255,707,1.0,CASH_WITHDRAWAL,93.03,GBP,2025-08-08 00:00:00,28,ATM,,0
1256,238,191.0,DEBIT,576.6,GBP,2025-04-05 00:00:00,30,ATM,,0
1257,558,169.0,TRANSFER_IN,1453.77,GBP,2025-03-24 00:00:00,48,BRANCH,417.0,0
1258,179,96.0,TRANSFER_OUT,1967.11,GBP,2025-02-07 00:00:00,44,ATM,692.0,0
1259,556,111.0,DEBIT,1206.29,USD,2025-08-25 00:00:00,23,ATM,,0
1260,462,175.0,CREDIT,1780.03,GBP,2025-08-24 00:00:00,41,MOBILE,,0
1261,614,162.0,CASH_WITHDRAWAL,323.06,GBP,2025-02-05 00:00:00,14,ATM,,0
1262,84,,DEBIT,1981.06,GBP,2025-05-14 00:00:00,7,ONLINE,,0
1263,261,,CASH_WITHDRAWAL,1884.87,GBP,2025-06-25 00:00:00,46,BRANCH,,0
1264,501,188.0,TRANSFER_IN,1099.16,GBP,2025-06-18 00:00:00,26,MOBILE,591.0,0
1265,360,177.0,DEBIT,455.5,GBP,2025-02-09 00:00:00,45,MOBILE,,0
1266,734,130.0,DEBIT,992.93,USD,2025-03-03 00:00:00,49,ATM,,0
1267,311,,CASH_DEPOSIT,1278.31,EUR,2025-01-07 00:00:00,2,ONLINE,,0
1268,303,48.0,CASH_WITHDRAWAL,147.32,GBP,2025-09-01 00:00:00,8,ATM,,0
1269,367,3.0,CASH_WITHDRAWAL,1197.13,GBP,2025-04-06 00:00:00,14,BRANCH,,0
1270,439,123.0,CASH_WITHDRAWAL,1231.53,GBP,2025-05-06 00:00:00,3,ATM,,0
1271,328,66.0,CASH_WITHDRAWAL,949.83,GBP,2025-07-12 00:00:00,35,ONLINE,,0
1272,433,159.0,TRANSFER_IN,1898.5,GBP,2025-01-07 00:00:00,25,ONLINE,500.0,0
1273,778,,TRANSFER_OUT,508.05,GBP,2025-03-04 00:00:00,47,ONLINE,466.0,0
1274,389,62.0,CASH_DEPOSIT,1968.08,GBP,2025-03-21 00:00:00,36,ATM,,0
1275,222,25.0,DEBIT,1369.23,GBP,2025-06-22 00:00:00,50,ONLINE,,0
1276,519,129.0,CREDIT,929.04,GBP,2025-04-10 00:00:00,35,ONLINE,,0
1277,260,179.0,CASH_DEPOSIT,984.74,USD,2025-08-07 00:00:00,11,ONLINE,,0
1278,298,110.0,DEBIT,1375.18,EUR,2025-02-20 00:00:00,31,ATM,,0
1279,256,199.0,CASH_WITHDRAWAL,1614.57,USD,2025-01-12 00:00:00,20,MOBILE,,0
1280,229,175.0,CASH_DEPOSIT,1691.85,GBP,2025-04-24 00:00:00,45,ONLINE,,0
1281,104,34.0,CASH_WITHDRAWAL,1957.7,GBP,2025-01-07 00:00:00,29,ATM,,0
1282,376,111.0,DEBIT,1418.28,USD,2025-06-12 00:00:00,35,ONLINE,,0
1283,429,72.0,TRANSFER_OUT,1116.78,GBP,2025-01-17 00:00:00,6,BRANCH,681.0,0
1284,367,130.0,CREDIT,1813.7,EUR,2025-01-07 00:00:00,11,ONLINE,,0
1285,585,51.0,TRANSFER_OUT,1321.42,GBP,2025-05-23 00:00:00,17,ATM,69.0,0
1286,673,106.0,DEBIT,1121.53,GBP,2025-02-07 00:00:00,20,MOBILE,,0
1287,765,3.0,TRANSFER_IN,124.69,GBP,2025-01-29 00:00:00,34,BRANCH,600.0,0
1288,544,36.0,TRANSFER_IN,1841.86,EUR,2025-02-18 00:00:00,43,ATM,490.0,0
1289,491,45.0,TRANSFER_OUT,1108.3,GBP,2025-08-08 00:00:00,5,MOBILE,684.0,0
1290,131,,CREDIT,1723.07,GBP,2025-05-12 00:00:00,5,MOBILE,,0
1291,253,106.0,CASH_WITHDRAWAL,726.64,GBP,2025-03-09 00:00:00,27,ONLINE,,0
1292,771,83.0,TRANSFER_OUT,60.19,GBP,2025-08-27 00:00:00,24,ATM,461.0,0
1293,621,,CREDIT,1498.47,GBP,2025-06-07 00:00:00,33,ATM,,0
1294,662,,CASH_WITHDRAWAL,318.78,GBP,2025-03-15 00:00:00,32,ONLINE,,0
1295,444,107.0,DEBIT,1125.56,GBP,2025-07-18 00:00:00,10,ONLINE,,0
1296,379,72.0,TRANSFER_OUT,1302.08,USD,2025-03-19 00:00:00,35,BRANCH,316.0,0
1297,482,99.0,CASH_WITHDRAWAL,1181.17,GBP,2025-06-24 00:00:00,39,MOBILE,,0
1298,481,178.0,TRANSFER_OUT,1950.58,GBP,2025-06-07 00:00:00,41,ONLINE,258.0,0
1299,645,70.0,TRANSFER_IN,1190.9,GBP,2025-08-26 00:00:00,21,MOBILE,580.0,0
1300,196,79.0,CREDIT,1652.34,GBP,2025-04-16 00:00:00,18,BRANCH,,0
1301,613,169.0,CREDIT,1537.79,EUR,2025-07-25 00:00:00,50,BRANCH,,0
1302,195,93.0,CASH_WITHDRAWAL,1087.84,GBP,2025-07-24 00:00:00,30,MOBILE,,0
1303,121,75.0,CASH_WITHDRAWAL,497.82,GBP,2025-06-12 00:00:00,22,MOBILE,,0
1304,664,,TRANSFER_IN,495.04,GBP,2025-03-11 00:00:00,37,ATM,551.0,0
1305,350,156.0,DEBIT,508.81,USD,2025-01-01 00:00:00,5,MOBILE,,0
1306,261,,TRANSFER_OUT,1869.83,GBP,2025-07-30 00:00:00,18,ATM,204.0,0
1307,273,110.0,CASH_WITHDRAWAL,1963.48,GBP,2025-05-02 00:00:00,28,ATM,,0
1308,321,47.0,DEBIT,725.86,GBP,2025-01-14 00:00:00,3,ONLINE,,0
1309,285,138.0,TRANSFER_IN,259.21,GBP,2025-07-10 00:00:00,44,ATM,210.0,0
1310,41,,CASH_DEPOSIT,124.46,GBP,2025-06-09 00:00:00,47,BRANCH,,0
1311,292,60.0,CREDIT,1238.53,GBP,2025-03-10 00:00:00,36,BRANCH,,0
1312,243,142.0,CASH_DEPOSIT,636.85,GBP,2025-07-26 00:00:00,25,MOBILE,,0
1313,555,42.0,DEBIT,1144.62,GBP,2025-03-11 00:00:00,32,ONLINE,,0
1314,98,105.0,CREDIT,487.84,GBP,2025-08-17 00:00:00,12,MOBILE,,0
1315,287,62.0,CASH_WITHDRAWAL,620.45,GBP,2025-06-03 00:00:00,25,ATM,,0
1316,219,21.0,TRANSFER_OUT,1426.29,GBP,2025-07-09 00:00:00,25,ATM,24.0,0
1317,555,53.0,CASH_WITHDRAWAL,985.58,GBP,2025-05-15 00:00:00,22,BRANCH,,0
1318,22,158.0,TRANSFER_OUT,1677.25,GBP,2025-04-06 00:00:00,10,ONLINE,616.0,0
1319,716,44.0,TRANSFER_OUT,418.23,GBP,2025-04-14 00:00:00,18,MOBILE,733.0,0
1320,298,,TRANSFER_OUT,1202.87,GBP,2025-01-07 00:00:00,44,MOBILE,661.0,0
1321,715,183.0,DEBIT,780.8,GBP,2025-04-08 00:00:00,2,ATM,,0
1322,447,109.0,DEBIT,877.54,GBP,2025-03-10 00:00:00,24,BRANCH,,0
1323,491,57.0,CASH_DEPOSIT,1291.79,GBP,2025-07-27 00:00:00,13,ONLINE,,0
1324,391,195.0,CREDIT,184.5,EUR,2025-06-07 00:00:00,45,ONLINE,,0
1325,257,66.0,TRANSFER_OUT,302.31,GBP,2025-04-22 00:00:00,18,MOBILE,235.0,0
1326,420,134.0,DEBIT,467.47,GBP,2025-01-14 00:00:00,37,MOBILE,,0
1327,296,109.0,CREDIT,476.31,GBP,2025-02-20 00:00:00,39,ONLINE,,0
1328,69,69.0,CREDIT,1070.24,GBP,2025-05-22 00:00:00,49,BRANCH,,0
1329,741,137.0,CREDIT,495.06,GBP,2025-08-07 00:00:00,11,BRANCH,,0
1330,526,,CASH_DEPOSIT,1011.5,GBP,2025-02-04 00:00:00,11,ONLINE,,0
1331,481,34.0,CREDIT,1724.07,GBP,2025-05-27 00:00:00,18,ATM,,0
1332,252,182.0,DEBIT,1428.29,GBP,2025-06-05 00:00:00,49,ONLINE,,0
1333,69,,CREDIT,6.14,GBP,2025-07-24 00:00:00,32,ATM,,0
1334,564,104.0,CASH_DEPOSIT,935.91,GBP,2025-05-14 00:00:00,23,ATM,,0
1335,770,105.0,CREDIT,1008.79,GBP,2025-07-26 00:00:00,3,MOBILE,,0
1336,76,95.0,TRANSFER_IN,235.49,USD,2025-04-07 00:00:00,20,BRANCH,25.0,0
1337,323,193.0,DEBIT,435.06,GBP,2025-07-12 00:00:00,10,ATM,,0
1338,605,192.0,CREDIT,1299.9,GBP,2025-03-04 00:00:00,10,ONLINE,,0
1339,233,,TRANSFER_IN,976.12,GBP,2025-04-30 00:00:00,24,MOBILE,475.0,0
1340,134,14.0,CREDIT,1895.71,EUR,2025-03-17 00:00:00,24,ONLINE,,0
1341,359,99.0,CASH_WITHDRAWAL,1744.87,GBP,2025-03-17 00:00:00,23,ATM,,0
1342,42,,TRANSFER_OUT,140.17,GBP,2025-03-21 00:00:00,33,MOBILE,12.0,0
1343,104,183.0,CASH_DEPOSIT,542.87,GBP,2025-02-25 00:00:00,41,BRANCH,,0
1344,25,86.0,CASH_DEPOSIT,923.28,GBP,2025-03-14 00:00:00,24,ONLINE,,0
1345,530,113.0,TRANSFER_OUT,869.65,GBP,2025-06-20 00:00:00,50,ONLINE,158.0,0
1346,387,183.0,TRANSFER_OUT,1464.24,GBP,2025-02-06 00:00:00,10,MOBILE,96.0,0
1347,632,101.0,CREDIT,88.57,GBP,2025-02-04 00:00:00,13,ATM,,0
1348,583,39.0,TRANSFER_OUT,1096.38,GBP,2025-08-23 00:00:00,14,ONLINE,68.0,0
1349,168,,TRANSFER_IN,1455.84,GBP,2025-02-26 00:00:00,30,MOBILE,689.0,0
1350,506,172.0,TRANSFER_OUT,1624.32,GBP,2025-07-06 00:00:00,24,ATM,265.0,0
1351,591,190.0,TRANSFER_IN,1264.89,GBP,2025-02-09 00:00:00,43,BRANCH,609.0,0
1352,797,,CREDIT,1630.79,GBP,2025-03-11 00:00:00,22,BRANCH,,0
1353,511,,TRANSFER_OUT,107.32,GBP,2025-07-25 00:00:00,17,ONLINE,152.0,0
1354,569,57.0,CREDIT,931.37,GBP,2025-01-26 00:00:00,45,BRANCH,,0
1355,423,108.0,CASH_DEPOSIT,665.77,GBP,2025-02-11 00:00:00,40,ATM,,0
1356,679,81.0,DEBIT,874.07,GBP,2025-02-09 00:00:00,27,ATM,,0
1357,32,95.0,DEBIT,619.47,GBP,2025-05-06 00:00:00,26,MOBILE,,0
1358,416,61.0,TRANSFER_IN,490.26,GBP,2025-03-28 00:00:00,11,BRANCH,608.0,0
1359,386,,DEBIT,168.78,GBP,2025-01-03 00:00:00,10,ATM,,0
1360,505,,CASH_WITHDRAWAL,1297.7,EUR,2025-05-01 00:00:00,12,ONLINE,,0
1361,137,94.0,CASH_WITHDRAWAL,1372.9,GBP,2025-04-02 00:00:00,43,ONLINE,,0
1362,42,80.0,TRANSFER_IN,204.44,EUR,2025-01-11 00:00:00,40,ONLINE,197.0,0
1363,175,,TRANSFER_OUT,219.54,GBP,2025-06-07 00:00:00,34,ONLINE,628.0,0
1364,292,119.0,CASH_DEPOSIT,1705.53,GBP,2025-07-18 00:00:00,45,ONLINE,,0
1365,509,177.0,TRANSFER_IN,68.91,EUR,2025-06-27 00:00:00,31,ATM,368.0,0
1366,522,168.0,CASH_WITHDRAWAL,1630.2,GBP,2025-08-27 00:00:00,16,BRANCH,,0
1367,683,62.0,TRANSFER_OUT,301.7,GBP,2025-01-21 00:00:00,4,ONLINE,152.0,0
1368,111,,CREDIT,302.91,GBP,2025-07-17 00:00:00,22,BRANCH,,0
1369,594,124.0,TRANSFER_OUT,822.71,USD,2025-08-28 00:00:00,46,MOBILE,485.0,0
1370,672,41.0,TRANSFER_OUT,387.02,GBP,2025-01-09 00:00:00,17,ATM,192.0,0
1371,510,102.0,CASH_WITHDRAWAL,1725.84,GBP,2025-07-28 00:00:00,21,ATM,,0
1372,675,193.0,CASH_DEPOSIT,1736.93,GBP,2025-08-11 00:00:00,11,BRANCH,,0
1373,426,86.0,CREDIT,88.84,GBP,2025-05-12 00:00:00,39,ATM,,0
1374,285,,CASH_WITHDRAWAL,365.12,GBP,2025-01-03 00:00:00,41,BRANCH,,0
1375,729,158.0,TRANSFER_IN,677.67,GBP,2025-07-17 00:00:00,33,MOBILE,217.0,0
1376,152,169.0,CASH_WITHDRAWAL,1489.38,GBP,2025-04-11 00:00:00,34,MOBILE,,0
1377,446,188.0,DEBIT,912.63,GBP,2025-05-21 00:00:00,19,ATM,,0
1378,46,5.0,TRANSFER_OUT,1180.69,EUR,2025-05-02 00:00:00,27,ATM,624.0,0
1379,586,81.0,CASH_DEPOSIT,449.68,GBP,2025-08-17 00:00:00,42,ONLINE,,0
1380,235,149.0,TRANSFER_IN,792.65,GBP,2025-02-28 00:00:00,3,MOBILE,461.0,0
1381,245,111.0,DEBIT,1917.48,GBP,2025-03-12 00:00:00,35,ATM,,0
1382,17,188.0,CASH_WITHDRAWAL,1577.05,GBP,2025-06-19 00:00:00,4,ATM,,0
1383,595,170.0,CASH_DEPOSIT,578.68,GBP,2025-03-02 00:00:00,25,BRANCH,,0
1384,182,52.0,DEBIT,1371.74,GBP,2025-06-15 00:00:00,16,ATM,,0
1385,22,192.0,CASH_WITHDRAWAL,520.1,GBP,2025-06-21 00:00:00,17,ATM,,0
1386,166,,CREDIT,1459.68,GBP,2025-07-15 00:00:00,19,BRANCH,,0
1387,556,164.0,DEBIT,157.07,GBP,2025-02-01 00:00:00,1,MOBILE,,0
1388,68,195.0,TRANSFER_IN,1930.46,GBP,2025-04-26 00:00:00,22,ONLINE,513.0,0
1389,785,,CASH_DEPOSIT,933.27,GBP,2025-06-21 00:00:00,40,BRANCH,,0
1390,86,24.0,TRANSFER_IN,356.92,GBP,2025-05-20 00:00:00,17,ONLINE,636.0,0
1391,785,17.0,CREDIT,295.9,GBP,2025-07-28 00:00:00,45,MOBILE,,0
1392,491,,CASH_WITHDRAWAL,706.01,GBP,2025-04-10 00:00:00,49,ATM,,0
1393,107,,TRANSFER_OUT,428.66,GBP,2025-06-13 00:00:00,31,ONLINE,763.0,0
1394,233,,TRANSFER_OUT,1117.13,GBP,2025-03-24 00:00:00,42,BRANCH,204.0,0
1395,43,49.0,DEBIT,1144.02,GBP,2025-06-20 00:00:00,24,BRANCH,,0
1396,426,2.0,TRANSFER_IN,1724.7,GBP,2025-08-04 00:00:00,7,ONLINE,608.0,0
1397,140,142.0,CASH_DEPOSIT,1453.18,GBP,2025-06-09 00:00:00,3,BRANCH,,0
1398,252,109.0,TRANSFER_IN,82.68,GBP,2025-08-29 00:00:00,20,MOBILE,713.0,0
1399,265,,CREDIT,564.93,GBP,2025-01-20 00:00:00,34,BRANCH,,0
1400,77,190.0,TRANSFER_IN,816.71,GBP,2025-03-14 00:00:00,21,MOBILE,729.0,0
1401,96,,CASH_DEPOSIT,1207.8,USD,2025-01-30 00:00:00,7,BRANCH,,0
1402,787,32.0,CREDIT,1154.94,GBP,2025-01-21 00:00:00,15,ONLINE,,0
1403,284,195.0,CASH_DEPOSIT,1510.91,EUR,2025-07-27 00:00:00,46,BRANCH,,0
1404,566,26.0,TRANSFER_OUT,1505.84,GBP,2025-08-24 00:00:00,27,ONLINE,674.0,0
1405,342,14.0,CREDIT,142.15,EUR,2025-01-28 00:00:00,31,ONLINE,,0
1406,481,,TRANSFER_OUT,1086.22,GBP,2025-06-01 00:00:00,36,MOBILE,84.0,0
1407,343,167.0,CASH_DEPOSIT,1402.89,GBP,2025-07-27 00:00:00,2,ATM,,0
1408,224,33.0,CREDIT,1477.03,GBP,2025-06-24 00:00:00,33,MOBILE,,0
1409,418,134.0,TRANSFER_IN,1155.5,GBP,2025-08-04 00:00:00,13,ATM,561.0,0
1410,244,55.0,CASH_DEPOSIT,1335.43,GBP,2025-05-16 00:00:00,19,BRANCH,,0
1411,140,152.0,TRANSFER_OUT,1821.94,GBP,2025-03-05 00:00:00,40,ONLINE,724.0,0
1412,431,155.0,TRANSFER_OUT,7.9,GBP,2025-06-01 00:00:00,13,BRANCH,708.0,0
1413,132,165.0,CASH_DEPOSIT,244.35,GBP,2025-02-03 00:00:00,46,ONLINE,,0
1414,237,,CASH_WITHDRAWAL,97.9,GBP,2025-04-12 00:00:00,9,MOBILE,,0
1415,284,,CASH_DEPOSIT,10.62,GBP,2025-01-29 00:00:00,45,ONLINE,,0
1416,424,53.0,TRANSFER_OUT,293.05,GBP,2025-07-21 00:00:00,8,BRANCH,333.0,0
1417,421,133.0,CASH_WITHDRAWAL,553.75,GBP,2025-08-08 00:00:00,41,MOBILE,,0
1418,212,49.0,CASH_WITHDRAWAL,1716.94,GBP,2025-05-06 00:00:00,32,BRANCH,,0
1419,448,1.0,TRANSFER_OUT,929.85,GBP,2025-08-16 00:00:00,4,ATM,537.0,0
1420,297,29.0,TRANSFER_IN,285.69,GBP,2025-04-20 00:00:00,50,ONLINE,485.0,0
1421,781,151.0,TRANSFER_OUT,698.95,GBP,2025-04-26 00:00:00,13,BRANCH,489.0,0
1422,400,123.0,CREDIT,879.07,GBP,2025-07-19 00:00:00,16,ATM,,0
1423,394,142.0,CASH_DEPOSIT,1285.57,GBP,2025-03-10 00:00:00,47,BRANCH,,0
1424,535,26.0,TRANSFER_IN,1724.69,GBP,2025-03-21 00:00:00,48,ATM,21.0,0
1425,65,28.0,CREDIT,1798.06,GBP,2025-03-04 00:00:00,49,MOBILE,,0
1426,643,136.0,DEBIT,302.45,GBP,2025-07-16 00:00:00,45,ATM,,0
1427,582,124.0,CREDIT,378.81,GBP,2025-07-04 00:00:00,49,ATM,,0
1428,258,70.0,CASH_DEPOSIT,402.94,GBP,2025-08-04 00:00:00,39,BRANCH,,0
1429,99,160.0,CREDIT,1781.06,GBP,2025-08-08 00:00:00,22,BRANCH,,0
1430,483,137.0,TRANSFER_IN,988.84,GBP,2025-05-24 00:00:00,2,ONLINE,106.0,0
1431,579,,CREDIT,824.42,GBP,2025-04-30 00:00:00,27,ONLINE,,0
1432,106,141.0,TRANSFER_OUT,1438.27,GBP,2025-02-24 00:00:00,14,BRANCH,100.0,0
1433,38,151.0,TRANSFER_OUT,244.95,GBP,2025-05-31 00:00:00,29,MOBILE,96.0,0
1434,349,,CASH_DEPOSIT,241.96,GBP,2025-07-22 00:00:00,39,MOBILE,,0
1435,46,71.0,CASH_DEPOSIT,338.24,GBP,2025-07-06 00:00:00,1,ATM,,0
1436,222,85.0,DEBIT,181.98,GBP,2025-08-25 00:00:00,37,BRANCH,,0
1437,1,90.0,TRANSFER_IN,1507.89,GBP,2025-02-12 00:00:00,2,ONLINE,643.0,0
1438,586,71.0,CREDIT,348.28,GBP,2025-07-08 00:00:00,3,MOBILE,,0
1439,201,,CREDIT,269.59,GBP,2025-06-19 00:00:00,29,MOBILE,,0
1440,634,31.0,CASH_WITHDRAWAL,1824.92,GBP,2025-06-10 00:00:00,49,BRANCH,,0
1441,704,177.0,DEBIT,1668.07,GBP,2025-04-07 00:00:00,1,MOBILE,,0
1442,384,45.0,CASH_WITHDRAWAL,1686.6,GBP,2025-01-22 00:00:00,49,MOBILE,,0
1443,217,107.0,DEBIT,872.06,GBP,2025-02-12 00:00:00,18,BRANCH,,0
1444,464,153.0,CASH_DEPOSIT,1322.73,GBP,2025-04-25 00:00:00,28,MOBILE,,0
1445,626,,TRANSFER_OUT,561.95,GBP,2025-02-24 00:00:00,47,ONLINE,201.0,0
1446,416,198.0,CASH_DEPOSIT,932.41,GBP,2025-05-29 00:00:00,8,MOBILE,,0
1447,56,180.0,CASH_DEPOSIT,1899.38,GBP,2025-05-03 00:00:00,26,MOBILE,,0
1448,55,138.0,CREDIT,1598.89,GBP,2025-01-13 00:00:00,33,ONLINE,,0
1449,248,22.0,TRANSFER_IN,1052.53,GBP,2025-03-08 00:00:00,22,MOBILE,183.0,0
1450,46,53.0,CREDIT,1606.73,GBP,2025-06-12 00:00:00,6,MOBILE,,0
1451,640,109.0,CASH_WITHDRAWAL,1269.54,GBP,2025-07-14 00:00:00,21,ATM,,0
1452,169,87.0,DEBIT,71.05,GBP,2025-01-07 00:00:00,50,ONLINE,,0
1453,741,83.0,CREDIT,1516.33,GBP,2025-05-30 00:00:00,6,ONLINE,,0
1454,705,26.0,TRANSFER_OUT,1568.38,GBP,2025-04-06 00:00:00,4,ONLINE,737.0,0
1455,154,,TRANSFER_IN,761.19,GBP,2025-08-23 00:00:00,33,BRANCH,771.0,0
1456,300,22.0,CASH_DEPOSIT,1626.47,GBP,2025-05-28 00:00:00,35,ATM,,0
1457,295,197.0,DEBIT,305.4,GBP,2025-03-15 00:00:00,33,ONLINE,,0
1458,322,11.0,CASH_DEPOSIT,872.21,GBP,2025-06-03 00:00:00,4,ONLINE,,0
1459,678,63.0,TRANSFER_OUT,693.98,GBP,2025-04-03 00:00:00,47,BRANCH,543.0,0
1460,154,145.0,DEBIT,475.42,GBP,2025-03-10 00:00:00,33,MOBILE,,0
1461,330,13.0,TRANSFER_IN,623.7,GBP,2025-05-28 00:00:00,25,ONLINE,566.0,0
1462,732,121.0,DEBIT,816.43,GBP,2025-06-04 00:00:00,40,ATM,,0
1463,633,5.0,CASH_DEPOSIT,1558.33,EUR,2025-02-02 00:00:00,5,ONLINE,,0
1464,275,,DEBIT,1731.18,GBP,2025-05-16 00:00:00,8,ONLINE,,0
1465,268,67.0,CASH_WITHDRAWAL,359.0,USD,2025-08-14 00:00:00,16,MOBILE,,0
1466,388,49.0,CASH_DEPOSIT,1297.25,GBP,2025-03-04 00:00:00,10,ONLINE,,0
1467,145,159.0,CASH_WITHDRAWAL,593.83,GBP,2025-05-27 00:00:00,42,BRANCH,,0
1468,418,6.0,CREDIT,1759.49,GBP,2025-02-03 00:00:00,24,ATM,,0
1469,220,200.0,TRANSFER_IN,168.93,USD,2025-03-16 00:00:00,41,ATM,161.0,0
1470,364,,TRANSFER_IN,1516.53,EUR,2025-02-17 00:00:00,26,MOBILE,739.0,0
1471,692,140.0,CASH_WITHDRAWAL,377.98,GBP,2025-08-10 00:00:00,47,ONLINE,,0
1472,685,97.0,TRANSFER_IN,825.33,GBP,2025-03-16 00:00:00,33,ONLINE,791.0,0
1473,232,95.0,CREDIT,1114.4,GBP,2025-02-15 00:00:00,18,BRANCH,,0
1474,743,,TRANSFER_OUT,1222.14,GBP,2025-06-22 00:00:00,45,BRANCH,39.0,0
1475,297,15.0,TRANSFER_IN,481.44,EUR,2025-07-15 00:00:00,23,MOBILE,539.0,0
1476,264,182.0,DEBIT,792.47,GBP,2025-02-06 00:00:00,7,ONLINE,,0
1477,97,117.0,CASH_DEPOSIT,935.57,EUR,2025-05-20 00:00:00,4,MOBILE,,0
1478,247,162.0,CASH_WITHDRAWAL,399.99,GBP,2025-04-14 00:00:00,42,BRANCH,,0
1479,232,105.0,DEBIT,1448.1,USD,2025-07-14 00:00:00,21,ATM,,0
1480,98,129.0,TRANSFER_OUT,1558.93,GBP,2025-05-15 00:00:00,1,ONLINE,190.0,0
1481,214,,DEBIT,1174.25,GBP,2025-04-17 00:00:00,8,MOBILE,,0
1482,612,4.0,CREDIT,1378.35,GBP,2025-06-13 00:00:00,45,ATM,,0
1483,271,153.0,DEBIT,1920.94,EUR,2025-08-14 00:00:00,40,MOBILE,,0
1484,402,89.0,CREDIT,1772.34,GBP,2025-06-04 00:00:00,5,ONLINE,,0
1485,539,148.0,TRANSFER_IN,222.17,GBP,2025-03-01 00:00:00,26,ATM,352.0,0
1486,28,194.0,TRANSFER_OUT,393.44,GBP,2025-02-10 00:00:00,14,MOBILE,76.0,0
1487,246,86.0,TRANSFER_IN,839.45,GBP,2025-08-28 00:00:00,3,BRANCH,134.0,0
1488,533,192.0,DEBIT,1660.02,GBP,2025-07-19 00:00:00,22,MOBILE,,0
1489,505,,TRANSFER_OUT,873.57,GBP,2025-01-12 00:00:00,34,ONLINE,120.0,0
1490,765,200.0,DEBIT,1878.0,EUR,2025-05-14 00:00:00,14,BRANCH,,0
1491,400,156.0,DEBIT,1637.25,GBP,2025-04-09 00:00:00,10,ATM,,0
1492,75,191.0,CREDIT,204.39,GBP,2025-02-25 00:00:00,17,BRANCH,,0
1493,365,111.0,CASH_DEPOSIT,1102.83,GBP,2025-01-28 00:00:00,32,ATM,,0
1494,435,165.0,CREDIT,1244.25,USD,2025-03-16 00:00:00,48,ONLINE,,0
1495,119,142.0,DEBIT,1588.65,EUR,2025-03-29 00:00:00,20,MOBILE,,0
1496,489,,CASH_DEPOSIT,1474.63,GBP,2025-04-15 00:00:00,3,MOBILE,,0
1497,240,158.0,CASH_WITHDRAWAL,252.65,GBP,2025-04-05 00:00:00,29,ONLINE,,0
1498,621,,CASH_DEPOSIT,739.64,GBP,2025-07-01 00:00:00,5,BRANCH,,0
1499,293,5.0,CASH_WITHDRAWAL,1990.75,EUR,2025-04-14 00:00:00,49,ATM,,0
1500,786,97.0,CASH_WITHDRAWAL,596.34,GBP,2025-06-04 00:00:00,49,ATM,,0
1501,92,,TRANSFER_IN,294.64,GBP,2025-05-29 00:00:00,25,MOBILE,151.0,0
1502,339,76.0,DEBIT,1545.74,EUR,2025-02-14 00:00:00,13,ONLINE,,0
1503,190,,CREDIT,592.39,GBP,2025-04-21 00:00:00,26,ONLINE,,0
1504,418,6.0,CASH_DEPOSIT,948.59,GBP,2025-01-31 00:00:00,30,ATM,,0
1505,32,45.0,CASH_WITHDRAWAL,435.73,GBP,2025-07-05 00:00:00,15,MOBILE,,0
1506,334,155.0,TRANSFER_IN,1302.13,EUR,2025-06-18 00:00:00,36,ONLINE,292.0,0
1507,4,,TRANSFER_OUT,1775.13,GBP,2025-02-06 00:00:00,45,ATM,350.0,0
1508,31,38.0,TRANSFER_OUT,1183.07,GBP,2025-06-23 00:00:00,10,ATM,677.0,0
1509,273,141.0,TRANSFER_OUT,1147.96,GBP,2025-06-11 00:00:00,5,MOBILE,16.0,0
1510,576,110.0,DEBIT,1345.66,GBP,2025-02-07 00:00:00,50,MOBILE,,0
1511,542,87.0,DEBIT,507.6,GBP,2025-03-10 00:00:00,26,MOBILE,,0
1512,247,198.0,TRANSFER_IN,1700.28,GBP,2025-08-19 00:00:00,3,ONLINE,169.0,0
1513,490,1.0,DEBIT,1337.09,GBP,2025-06-03 00:00:00,26,ATM,,0
1514,65,,DEBIT,1668.25,GBP,2025-05-09 00:00:00,13,ONLINE,,0
1515,84,157.0,TRANSFER_IN,1648.0,GBP,2025-01-07 00:00:00,4,ONLINE,385.0,0
1516,541,166.0,TRANSFER_IN,164.81,GBP,2025-01-19 00:00:00,48,BRANCH,56.0,0
1517,465,46.0,CASH_WITHDRAWAL,1046.01,USD,2025-06-14 00:00:00,27,MOBILE,,0
1518,52,57.0,CASH_WITHDRAWAL,563.2,GBP,2025-05-07 00:00:00,29,ATM,,0
1519,614,42.0,DEBIT,1430.06,GBP,2025-02-05 00:00:00,47,ATM,,0
1520,782,,CASH_WITHDRAWAL,264.41,GBP,2025-01-05 00:00:00,36,ONLINE,,0
1521,764,,CASH_WITHDRAWAL,1252.65,GBP,2025-04-09 00:00:00,4,MOBILE,,0
1522,579,155.0,DEBIT,1539.38,GBP,2025-04-12 00:00:00,34,BRANCH,,0
1523,69,,CREDIT,409.32,GBP,2025-08-28 00:00:00,9,BRANCH,,0
1524,367,44.0,CREDIT,692.76,EUR,2025-04-30 00:00:00,35,ONLINE,,0
1525,476,43.0,CASH_WITHDRAWAL,207.8,GBP,2025-01-01 00:00:00,25,ONLINE,,0
1526,225,61.0,CASH_DEPOSIT,1959.19,GBP,2025-04-30 00:00:00,32,BRANCH,,0
1527,386,56.0,TRANSFER_OUT,153.3,GBP,2025-03-17 00:00:00,20,BRANCH,607.0,0
1528,51,44.0,CASH_DEPOSIT,649.43,GBP,2025-04-12 00:00:00,19,ONLINE,,0
1529,97,73.0,DEBIT,476.83,GBP,2025-03-06 00:00:00,7,ATM,,0
1530,482,37.0,TRANSFER_OUT,1483.13,GBP,2025-05-12 00:00:00,11,MOBILE,77.0,0
1531,15,,CASH_WITHDRAWAL,189.08,GBP,2025-07-30 00:00:00,38,MOBILE,,0
1532,105,67.0,CASH_DEPOSIT,1861.52,GBP,2025-05-27 00:00:00,35,BRANCH,,0
1533,753,,CASH_WITHDRAWAL,1375.12,GBP,2025-07-14 00:00:00,28,MOBILE,,0
1534,553,30.0,CASH_DEPOSIT,358.55,GBP,2025-03-23 00:00:00,27,ONLINE,,0
1535,347,193.0,TRANSFER_OUT,1919.74,GBP,2025-07-21 00:00:00,45,ATM,413.0,0
1536,698,,DEBIT,909.88,GBP,2025-04-14 00:00:00,32,MOBILE,,0
1537,415,38.0,DEBIT,733.35,GBP,2025-05-19 00:00:00,10,ONLINE,,0
1538,675,,CREDIT,451.7,GBP,2025-06-22 00:00:00,11,ONLINE,,0
1539,403,169.0,TRANSFER_IN,34.59,GBP,2025-04-25 00:00:00,7,BRANCH,415.0,0
1540,584,19.0,CASH_DEPOSIT,1304.35,EUR,2025-05-27 00:00:00,9,BRANCH,,0
1541,582,117.0,CASH_DEPOSIT,1910.01,GBP,2025-05-17 00:00:00,50,BRANCH,,0
1542,241,156.0,CASH_DEPOSIT,581.16,GBP,2025-01-05 00:00:00,11,MOBILE,,0
1543,39,,DEBIT,1903.04,GBP,2025-02-28 00:00:00,43,ATM,,0
1544,737,178.0,TRANSFER_IN,1017.19,GBP,2025-02-03 00:00:00,20,BRANCH,754.0,0
1545,625,162.0,DEBIT,1296.31,GBP,2025-04-26 00:00:00,41,ATM,,0
1546,770,,CASH_WITHDRAWAL,1311.39,GBP,2025-08-25 00:00:00,12,MOBILE,,0
1547,558,100.0,TRANSFER_OUT,396.0,GBP,2025-06-18 00:00:00,12,ONLINE,631.0,0
1548,463,200.0,DEBIT,1927.23,GBP,2025-06-10 00:00:00,43,ATM,,0
1549,507,127.0,TRANSFER_OUT,1086.24,USD,2025-05-10 00:00:00,32,MOBILE,133.0,0
1550,328,51.0,TRANSFER_OUT,1988.41,GBP,2025-06-14 00:00:00,35,BRANCH,698.0,0
1551,537,165.0,CREDIT,1366.27,GBP,2025-04-05 00:00:00,4,BRANCH,,0
1552,31,93.0,TRANSFER_OUT,764.97,GBP,2025-06-25 00:00:00,30,ONLINE,32.0,0
1553,690,72.0,CASH_DEPOSIT,355.93,GBP,2025-08-07 00:00:00,24,BRANCH,,0
1554,258,135.0,TRANSFER_OUT,924.07,GBP,2025-02-05 00:00:00,23,BRANCH,191.0,0
1555,654,35.0,CASH_WITHDRAWAL,1067.74,GBP,2025-03-10 00:00:00,26,MOBILE,,0
1556,200,147.0,DEBIT,683.67,GBP,2025-01-21 00:00:00,44,BRANCH,,0
1557,192,87.0,CASH_WITHDRAWAL,1978.82,GBP,2025-08-22 00:00:00,22,ATM,,0
1558,172,,CREDIT,810.28,GBP,2025-08-11 00:00:00,45,MOBILE,,0
1559,352,176.0,TRANSFER_IN,208.93,EUR,2025-05-24 00:00:00,46,ATM,379.0,0
1560,375,166.0,TRANSFER_OUT,1040.28,USD,2025-01-05 00:00:00,40,BRANCH,775.0,0
1561,500,74.0,TRANSFER_IN,452.29,GBP,2025-06-10 00:00:00,40,ONLINE,692.0,0
1562,525,,DEBIT,1853.01,GBP,2025-05-04 00:00:00,39,ATM,,0
1563,169,134.0,CASH_WITHDRAWAL,670.56,GBP,2025-07-23 00:00:00,3,ONLINE,,0
1564,373,79.0,DEBIT,653.87,GBP,2025-03-25 00:00:00,21,MOBILE,,0
1565,110,45.0,TRANSFER_IN,1240.66,GBP,2025-04-18 00:00:00,31,ONLINE,244.0,0
1566,437,82.0,DEBIT,37.03,GBP,2025-09-01 00:00:00,10,ONLINE,,0
1567,291,,DEBIT,75.21,GBP,2025-04-27 00:00:00,25,ONLINE,,0
1568,713,122.0,CASH_DEPOSIT,124.98,GBP,2025-02-03 00:00:00,49,ATM,,0
1569,7,34.0,CREDIT,1690.18,GBP,2025-08-08 00:00:00,50,BRANCH,,0
1570,412,36.0,TRANSFER_IN,1117.03,USD,2025-04-17 00:00:00,4,BRANCH,792.0,0
1571,598,194.0,TRANSFER_OUT,1080.14,GBP,2025-08-09 00:00:00,11,MOBILE,505.0,0
1572,724,87.0,CASH_WITHDRAWAL,1786.88,GBP,2025-06-11 00:00:00,22,ATM,,0
1573,373,82.0,CASH_WITHDRAWAL,1683.94,GBP,2025-05-09 00:00:00,9,BRANCH,,0
1574,630,,DEBIT,1625.77,GBP,2025-03-27 00:00:00,2,MOBILE,,0
1575,7,,DEBIT,316.11,GBP,2025-06-13 00:00:00,15,MOBILE,,0
1576,75,,CREDIT,1287.09,GBP,2025-07-31 00:00:00,8,BRANCH,,0
1577,325,2.0,TRANSFER_IN,683.16,GBP,2025-02-22 00:00:00,41,ATM,569.0,0
1578,756,26.0,TRANSFER_IN,610.01,USD,2025-04-09 00:00:00,38,ATM,148.0,0
1579,512,,CASH_WITHDRAWAL,1980.97,GBP,2025-04-25 00:00:00,41,ATM,,0
1580,737,,CASH_WITHDRAWAL,829.49,GBP,2025-02-03 00:00:00,24,MOBILE,,0
1581,378,18.0,CASH_DEPOSIT,440.79,GBP,2025-07-01 00:00:00,35,ONLINE,,0
1582,755,17.0,CREDIT,404.36,GBP,2025-08-04 00:00:00,42,ONLINE,,0
1583,642,24.0,DEBIT,757.43,GBP,2025-01-24 00:00:00,34,MOBILE,,0
1584,426,41.0,CREDIT,1436.5,GBP,2025-01-07 00:00:00,35,MOBILE,,0
1585,786,133.0,CASH_WITHDRAWAL,178.75,GBP,2025-07-21 00:00:00,12,BRANCH,,0
1586,492,67.0,CASH_WITHDRAWAL,1946.73,GBP,2025-03-10 00:00:00,31,MOBILE,,0
1587,389,147.0,DEBIT,654.24,GBP,2025-05-11 00:00:00,50,ATM,,0
1588,392,,CASH_DEPOSIT,485.97,GBP,2025-01-14 00:00:00,36,MOBILE,,0
1589,736,31.0,CASH_WITHDRAWAL,940.2,GBP,2025-06-25 00:00:00,14,MOBILE,,0
1590,454,187.0,CREDIT,1851.96,GBP,2025-02-17 00:00:00,2,BRANCH,,0
1591,187,148.0,CASH_DEPOSIT,1819.73,GBP,2025-04-16 00:00:00,11,ONLINE,,0
1592,751,84.0,CASH_WITHDRAWAL,1708.47,GBP,2025-03-19 00:00:00,16,MOBILE,,0
1593,243,,TRANSFER_IN,1308.37,GBP,2025-03-04 00:00:00,37,MOBILE,328.0,0
1594,570,,TRANSFER_IN,838.66,GBP,2025-06-15 00:00:00,30,ATM,225.0,0
1595,166,,TRANSFER_IN,498.03,GBP,2025-03-27 00:00:00,17,BRANCH,592.0,0
1596,794,184.0,CASH_WITHDRAWAL,237.38,USD,2025-01-01 00:00:00,12,MOBILE,,0
1597,451,15.0,TRANSFER_IN,496.75,USD,2025-07-14 00:00:00,34,ATM,737.0,0
1598,116,182.0,TRANSFER_IN,280.86,EUR,2025-02-03 00:00:00,10,ONLINE,692.0,0
1599,771,,CREDIT,1587.5,GBP,2025-07-22 00:00:00,47,ONLINE,,0
1600,562,10.0,DEBIT,534.3,GBP,2025-06-05 00:00:00,44,ATM,,0
1601,532,146.0,TRANSFER_OUT,701.88,GBP,2025-07-09 00:00:00,47,BRANCH,684.0,0
1602,527,61.0,CASH_WITHDRAWAL,1072.3,EUR,2025-02-21 00:00:00,2,BRANCH,,0
1603,310,100.0,CASH_WITHDRAWAL,168.61,GBP,2025-07-23 00:00:00,37,BRANCH,,0
1604,113,89.0,CREDIT,1908.42,EUR,2025-01-06 00:00:00,50,MOBILE,,0
1605,659,200.0,CASH_WITHDRAWAL,1883.95,GBP,2025-06-19 00:00:00,2,ONLINE,,0
1606,311,71.0,CASH_WITHDRAWAL,1736.37,GBP,2025-01-15 00:00:00,40,MOBILE,,0
1607,6,121.0,DEBIT,424.78,GBP,2025-01-24 00:00:00,39,ONLINE,,0
1608,149,163.0,CREDIT,1464.85,GBP,2025-02-10 00:00:00,8,ATM,,0
1609,420,170.0,CREDIT,111.74,GBP,2025-07-10 00:00:00,44,ONLINE,,0
1610,119,104.0,DEBIT,263.36,GBP,2025-01-31 00:00:00,40,ONLINE,,0
1611,458,88.0,CASH_WITHDRAWAL,1486.45,GBP,2025-04-23 00:00:00,16,MOBILE,,0
1612,638,55.0,DEBIT,590.76,GBP,2025-04-08 00:00:00,22,MOBILE,,0
1613,550,46.0,TRANSFER_OUT,1303.0,GBP,2025-03-19 00:00:00,50,ONLINE,154.0,0
1614,783,46.0,DEBIT,184.75,GBP,2025-05-23 00:00:00,44,ATM,,0
1615,641,87.0,DEBIT,1154.98,GBP,2025-02-04 00:00:00,10,BRANCH,,0
1616,385,152.0,CREDIT,1402.75,GBP,2025-03-31 00:00:00,47,ATM,,0
1617,68,,CASH_WITHDRAWAL,1312.04,GBP,2025-02-24 00:00:00,46,BRANCH,,0
1618,132,150.0,TRANSFER_OUT,1647.87,GBP,2025-02-28 00:00:00,30,ONLINE,146.0,0
1619,283,92.0,CASH_DEPOSIT,656.64,GBP,2025-03-20 00:00:00,49,MOBILE,,0
1620,218,,TRANSFER_IN,1883.32,EUR,2025-01-07 00:00:00,10,ATM,56.0,0
1621,433,158.0,CREDIT,961.22,GBP,2025-03-13 00:00:00,4,MOBILE,,0
1622,614,114.0,CASH_WITHDRAWAL,1444.49,GBP,2025-04-20 00:00:00,38,ONLINE,,0
1623,423,33.0,TRANSFER_IN,1064.44,EUR,2025-03-29 00:00:00,21,BRANCH,163.0,0
1624,701,2.0,CREDIT,1403.9,EUR,2025-03-05 00:00:00,4,ONLINE,,0
1625,18,104.0,TRANSFER_OUT,1131.03,GBP,2025-04-26 00:00:00,24,ATM,316.0,0
1626,638,114.0,CASH_DEPOSIT,1355.75,USD,2025-03-14 00:00:00,28,MOBILE,,0
1627,253,28.0,CREDIT,1674.36,GBP,2025-04-22 00:00:00,1,ONLINE,,0
1628,46,197.0,DEBIT,1595.53,GBP,2025-01-10 00:00:00,14,ONLINE,,0
1629,755,142.0,CREDIT,205.25,GBP,2025-07-15 00:00:00,6,ATM,,0
1630,166,11.0,CASH_DEPOSIT,31.19,GBP,2025-07-06 00:00:00,43,BRANCH,,0
1631,459,152.0,DEBIT,1737.52,GBP,2025-03-29 00:00:00,46,ONLINE,,0
1632,475,131.0,DEBIT,820.13,GBP,2025-01-14 00:00:00,30,MOBILE,,0
1633,341,13.0,TRANSFER_IN,725.44,GBP,2025-03-12 00:00:00,32,BRANCH,205.0,0
1634,411,181.0,CREDIT,54.46,GBP,2025-02-16 00:00:00,23,BRANCH,,0
1635,458,110.0,CASH_DEPOSIT,511.25,GBP,2025-01-31 00:00:00,36,ONLINE,,0
1636,342,172.0,CREDIT,1215.89,GBP,2025-07-27 00:00:00,29,BRANCH,,0
1637,448,,TRANSFER_OUT,1647.27,GBP,2025-05-30 00:00:00,5,MOBILE,142.0,0
1638,717,,DEBIT,69.01,USD,2025-04-17 00:00:00,28,ONLINE,,0
1639,319,,CASH_WITHDRAWAL,1180.68,GBP,2025-07-23 00:00:00,8,ONLINE,,0
1640,458,171.0,TRANSFER_OUT,253.03,GBP,2025-01-06 00:00:00,48,BRANCH,600.0,0
1641,242,142.0,DEBIT,1641.99,GBP,2025-06-29 00:00:00,46,BRANCH,,0
1642,588,64.0,CASH_WITHDRAWAL,1994.98,GBP,2025-07-20 00:00:00,12,ONLINE,,0
1643,262,129.0,DEBIT,1616.62,GBP,2025-08-01 00:00:00,39,ATM,,0
1644,405,136.0,TRANSFER_OUT,1279.57,GBP,2025-02-20 00:00:00,30,ATM,702.0,0
1645,124,,TRANSFER_OUT,1207.96,GBP,2025-01-27 00:00:00,27,ATM,102.0,0
1646,153,74.0,DEBIT,972.62,GBP,2025-03-05 00:00:00,15,MOBILE,,0
1647,781,47.0,CREDIT,1475.25,USD,2025-05-30 00:00:00,37,ONLINE,,0
1648,626,4.0,DEBIT,1424.42,EUR,2025-08-15 00:00:00,28,MOBILE,,0
1649,27,14.0,CASH_DEPOSIT,924.18,EUR,2025-01-28 00:00:00,6,ATM,,0
1650,57,,CASH_WITHDRAWAL,1332.39,GBP,2025-07-25 00:00:00,43,BRANCH,,0
1651,98,,CASH_DEPOSIT,1887.71,GBP,2025-03-02 00:00:00,24,ATM,,0
1652,151,,DEBIT,1952.14,USD,2025-08-26 00:00:00,43,ONLINE,,0
1653,73,,TRANSFER_OUT,1788.86,GBP,2025-02-05 00:00:00,11,ONLINE,463.0,0
1654,365,189.0,CREDIT,1144.32,GBP,2025-05-10 00:00:00,24,ATM,,0
1655,12,16.0,DEBIT,522.7,GBP,2025-05-02 00:00:00,21,ATM,,0
1656,683,47.0,CREDIT,763.6,GBP,2025-06-02 00:00:00,26,ONLINE,,0
1657,783,22.0,CREDIT,1024.24,GBP,2025-07-29 00:00:00,38,BRANCH,,0
1658,170,109.0,CASH_DEPOSIT,1808.1,GBP,2025-07-05 00:00:00,49,ATM,,0
1659,593,,CASH_WITHDRAWAL,1860.78,GBP,2025-06-12 00:00:00,4,BRANCH,,0
1660,45,59.0,CASH_WITHDRAWAL,240.24,EUR,2025-07-22 00:00:00,38,ATM,,0
1661,116,12.0,TRANSFER_OUT,1799.68,GBP,2025-02-15 00:00:00,32,BRANCH,691.0,0
1662,708,58.0,TRANSFER_IN,1447.12,GBP,2025-07-19 00:00:00,30,ATM,187.0,0
1663,300,155.0,TRANSFER_OUT,1405.51,GBP,2025-06-06 00:00:00,25,ATM,560.0,0
1664,255,157.0,TRANSFER_OUT,56.11,GBP,2025-03-21 00:00:00,10,ONLINE,455.0,0
1665,12,87.0,DEBIT,774.94,GBP,2025-08-27 00:00:00,23,MOBILE,,0
1666,646,139.0,CASH_DEPOSIT,254.49,GBP,2025-05-27 00:00:00,50,MOBILE,,0
1667,273,137.0,CASH_WITHDRAWAL,1006.11,GBP,2025-08-14 00:00:00,28,MOBILE,,0
1668,265,39.0,CASH_DEPOSIT,893.12,GBP,2025-04-19 00:00:00,2,ONLINE,,0
1669,92,55.0,DEBIT,1175.06,GBP,2025-07-05 00:00:00,16,BRANCH,,0
1670,678,154.0,CASH_WITHDRAWAL,1630.65,EUR,2025-07-02 00:00:00,27,ONLINE,,0
1671,239,185.0,TRANSFER_OUT,1789.41,GBP,2025-03-05 00:00:00,3,BRANCH,329.0,0
1672,570,103.0,TRANSFER_IN,1560.62,GBP,2025-08-21 00:00:00,11,BRANCH,286.0,0
1673,769,38.0,TRANSFER_IN,253.52,GBP,2025-03-23 00:00:00,42,ONLINE,198.0,0
1674,714,8.0,CASH_DEPOSIT,835.7,GBP,2025-05-01 00:00:00,49,ATM,,0
1675,766,133.0,CREDIT,1401.89,GBP,2025-05-27 00:00:00,49,ONLINE,,0
1676,560,187.0,DEBIT,1733.27,GBP,2025-05-22 00:00:00,10,ONLINE,,0
1677,279,70.0,TRANSFER_OUT,1036.36,EUR,2025-08-03 00:00:00,21,MOBILE,404.0,0
1678,642,68.0,CASH_DEPOSIT,847.26,GBP,2025-06-08 00:00:00,16,ATM,,0
1679,714,113.0,TRANSFER_IN,1860.97,GBP,2025-03-21 00:00:00,45,ONLINE,336.0,0
1680,349,81.0,CASH_WITHDRAWAL,103.35,GBP,2025-02-04 00:00:00,47,MOBILE,,0
1681,60,,TRANSFER_OUT,1989.39,GBP,2025-08-26 00:00:00,25,ONLINE,360.0,0
1682,117,21.0,TRANSFER_OUT,1367.12,GBP,2025-08-02 00:00:00,39,ATM,213.0,0
1683,432,106.0,CASH_WITHDRAWAL,1297.0,GBP,2025-05-29 00:00:00,17,BRANCH,,0
1684,382,98.0,TRANSFER_OUT,20.32,GBP,2025-06-17 00:00:00,42,BRANCH,140.0,0
1685,306,149.0,TRANSFER_IN,361.96,GBP,2025-04-07 00:00:00,25,BRANCH,759.0,0
1686,571,111.0,TRANSFER_OUT,823.87,GBP,2025-04-22 00:00:00,17,MOBILE,15.0,0
1687,319,94.0,TRANSFER_OUT,1513.75,GBP,2025-08-17 00:00:00,2,ATM,316.0,0
1688,787,57.0,CREDIT,1563.61,GBP,2025-01-08 00:00:00,28,MOBILE,,0
1689,249,,TRANSFER_IN,519.89,GBP,2025-04-08 00:00:00,9,MOBILE,789.0,0
1690,429,75.0,DEBIT,221.26,GBP,2025-06-04 00:00:00,39,BRANCH,,0
1691,235,,DEBIT,1391.11,GBP,2025-02-11 00:00:00,12,ONLINE,,0
1692,180,47.0,TRANSFER_OUT,859.22,USD,2025-03-21 00:00:00,26,MOBILE,783.0,0
1693,324,100.0,DEBIT,211.79,GBP,2025-07-01 00:00:00,7,ONLINE,,0
1694,382,,CASH_DEPOSIT,1631.49,GBP,2025-07-24 00:00:00,34,ATM,,0
1695,62,138.0,DEBIT,221.15,GBP,2025-04-12 00:00:00,31,ATM,,0
1696,573,21.0,CREDIT,1157.79,USD,2025-04-24 00:00:00,1,BRANCH,,0
1697,457,184.0,TRANSFER_OUT,1586.09,USD,2025-01-20 00:00:00,10,ONLINE,169.0,0
1698,55,65.0,CREDIT,1472.15,USD,2025-02-28 00:00:00,28,BRANCH,,0
1699,714,99.0,CASH_DEPOSIT,100.95,GBP,2025-07-29 00:00:00,41,MOBILE,,0
1700,378,,CASH_DEPOSIT,353.78,GBP,2025-06-21 00:00:00,36,MOBILE,,0
1701,516,65.0,TRANSFER_IN,1594.85,USD,2025-01-13 00:00:00,3,ATM,261.0,0
1702,313,74.0,CASH_WITHDRAWAL,937.11,GBP,2025-08-11 00:00:00,13,ONLINE,,0
1703,115,50.0,CREDIT,1869.64,USD,2025-07-17 00:00:00,35,ATM,,0
1704,699,,CASH_WITHDRAWAL,1632.12,GBP,2025-04-23 00:00:00,50,ATM,,0
1705,783,171.0,TRANSFER_IN,1291.9,GBP,2025-02-12 00:00:00,32,MOBILE,32.0,0
1706,197,,CASH_DEPOSIT,1080.1,GBP,2025-07-29 00:00:00,5,ATM,,0
1707,363,168.0,CASH_DEPOSIT,126.25,GBP,2025-06-05 00:00:00,25,MOBILE,,0
1708,43,183.0,CASH_WITHDRAWAL,392.75,GBP,2025-07-22 00:00:00,15,BRANCH,,0
1709,737,38.0,TRANSFER_IN,1250.14,GBP,2025-08-06 00:00:00,15,BRANCH,13.0,0
1710,37,,CASH_WITHDRAWAL,1576.74,GBP,2025-05-12 00:00:00,5,ATM,,0
1711,452,74.0,CASH_DEPOSIT,1810.48,GBP,2025-03-30 00:00:00,12,BRANCH,,0
1712,261,172.0,TRANSFER_IN,527.0,GBP,2025-07-31 00:00:00,35,MOBILE,548.0,0
1713,371,122.0,CASH_DEPOSIT,1240.98,GBP,2025-07-20 00:00:00,36,ONLINE,,0
1714,16,167.0,CASH_WITHDRAWAL,1340.69,GBP,2025-06-02 00:00:00,8,MOBILE,,0
1715,550,129.0,CASH_DEPOSIT,1323.84,USD,2025-07-25 00:00:00,40,ATM,,0
1716,601,199.0,CREDIT,1770.17,GBP,2025-06-03 00:00:00,4,BRANCH,,0
1717,323,180.0,CREDIT,1675.83,GBP,2025-08-03 00:00:00,29,MOBILE,,0
1718,260,10.0,DEBIT,1724.39,USD,2025-07-01 00:00:00,17,MOBILE,,0
1719,275,53.0,CASH_DEPOSIT,1299.15,GBP,2025-02-11 00:00:00,34,MOBILE,,0
1720,244,27.0,CREDIT,1951.69,USD,2025-01-08 00:00:00,26,MOBILE,,0
1721,581,45.0,CASH_DEPOSIT,1734.53,EUR,2025-02-12 00:00:00,10,ONLINE,,0
1722,46,,DEBIT,374.3,GBP,2025-01-01 00:00:00,2,ONLINE,,0
1723,709,119.0,TRANSFER_OUT,761.91,GBP,2025-01-08 00:00:00,33,ATM,733.0,0
1724,396,141.0,DEBIT,1636.57,GBP,2025-04-09 00:00:00,6,BRANCH,,0
1725,64,,CREDIT,1795.99,GBP,2025-03-23 00:00:00,42,MOBILE,,0
1726,657,,CASH_DEPOSIT,1023.12,GBP,2025-05-04 00:00:00,18,ATM,,0
1727,770,141.0,CASH_WITHDRAWAL,280.81,GBP,2025-04-15 00:00:00,38,BRANCH,,0
1728,693,9.0,DEBIT,401.12,GBP,2025-01-05 00:00:00,30,ATM,,0
1729,187,72.0,TRANSFER_IN,1905.23,GBP,2025-04-23 00:00:00,5,BRANCH,21.0,0
1730,706,111.0,CASH_WITHDRAWAL,782.92,GBP,2025-01-19 00:00:00,1,ATM,,0
1731,380,23.0,CASH_WITHDRAWAL,185.14,GBP,2025-08-30 00:00:00,15,BRANCH,,0
1732,2,,CASH_DEPOSIT,651.24,GBP,2025-07-29 00:00:00,38,BRANCH,,0
1733,791,11.0,CASH_DEPOSIT,1232.28,GBP,2025-05-24 00:00:00,49,MOBILE,,0
1734,441,52.0,TRANSFER_IN,1110.15,GBP,2025-07-05 00:00:00,37,ATM,164.0,0
1735,398,4.0,CASH_DEPOSIT,471.99,GBP,2025-05-23 00:00:00,34,ONLINE,,0
1736,484,175.0,CASH_WITHDRAWAL,1283.47,GBP,2025-01-19 00:00:00,24,ONLINE,,0
1737,380,,TRANSFER_OUT,365.32,GBP,2025-01-20 00:00:00,37,ATM,387.0,0
1738,24,61.0,CREDIT,49.44,GBP,2025-04-21 00:00:00,45,BRANCH,,0
1739,466,,CASH_WITHDRAWAL,1046.34,GBP,2025-08-12 00:00:00,12,ATM,,0
1740,16,21.0,CASH_DEPOSIT,1710.29,GBP,2025-08-18 00:00:00,37,BRANCH,,0
1741,143,,TRANSFER_OUT,725.61,GBP,2025-01-31 00:00:00,30,ATM,468.0,0
1742,298,172.0,CASH_WITHDRAWAL,280.25,GBP,2025-06-04 00:00:00,12,ONLINE,,0
1743,99,166.0,CASH_DEPOSIT,293.58,GBP,2025-07-02 00:00:00,38,ATM,,0
1744,142,46.0,CREDIT,286.12,USD,2025-05-12 00:00:00,38,ONLINE,,0
1745,461,182.0,TRANSFER_IN,1443.41,GBP,2025-08-23 00:00:00,9,ONLINE,567.0,0
1746,355,96.0,TRANSFER_OUT,1667.71,GBP,2025-04-22 00:00:00,50,MOBILE,3.0,0
1747,592,94.0,TRANSFER_OUT,1661.86,GBP,2025-01-05 00:00:00,47,ONLINE,65.0,0
1748,648,181.0,TRANSFER_IN,822.97,USD,2025-02-13 00:00:00,14,MOBILE,286.0,0
1749,482,,CASH_DEPOSIT,330.1,GBP,2025-03-25 00:00:00,47,BRANCH,,0
1750,6,125.0,CASH_DEPOSIT,1305.64,EUR,2025-02-11 00:00:00,45,BRANCH,,0
1751,735,24.0,CREDIT,1987.4,GBP,2025-08-30 00:00:00,35,BRANCH,,0
1752,7,16.0,TRANSFER_IN,1886.23,GBP,2025-07-12 00:00:00,4,ONLINE,119.0,0
1753,589,1.0,CASH_DEPOSIT,360.11,GBP,2025-07-26 00:00:00,7,ONLINE,,0
1754,323,21.0,CASH_WITHDRAWAL,1760.82,GBP,2025-02-28 00:00:00,29,ONLINE,,0
1755,584,12.0,DEBIT,927.44,GBP,2025-06-01 00:00:00,21,ONLINE,,0
1756,5,,TRANSFER_IN,1812.57,GBP,2025-06-17 00:00:00,6,BRANCH,576.0,0
1757,729,76.0,CREDIT,1622.4,GBP,2025-05-26 00:00:00,34,ATM,,0
1758,424,147.0,CREDIT,1731.08,GBP,2025-02-03 00:00:00,39,BRANCH,,0
1759,286,,DEBIT,829.77,GBP,2025-06-09 00:00:00,47,MOBILE,,0
1760,486,80.0,CASH_DEPOSIT,169.87,EUR,2025-01-10 00:00:00,17,BRANCH,,0
1761,47,199.0,CASH_DEPOSIT,1329.66,GBP,2025-06-25 00:00:00,12,ONLINE,,0
1762,480,,CREDIT,1941.79,GBP,2025-07-06 00:00:00,24,ATM,,0
1763,263,62.0,TRANSFER_IN,1743.36,GBP,2025-05-16 00:00:00,4,ATM,280.0,0
1764,559,191.0,TRANSFER_OUT,898.37,GBP,2025-02-26 00:00:00,46,BRANCH,307.0,0
1765,555,141.0,TRANSFER_IN,1935.51,GBP,2025-02-28 00:00:00,25,BRANCH,416.0,0
1766,142,85.0,TRANSFER_IN,110.88,GBP,2025-08-26 00:00:00,18,ONLINE,403.0,0
1767,369,86.0,TRANSFER_IN,164.72,EUR,2025-02-22 00:00:00,37,MOBILE,747.0,0
1768,10,139.0,TRANSFER_IN,1805.12,GBP,2025-01-11 00:00:00,32,BRANCH,749.0,0
1769,29,154.0,DEBIT,1779.52,GBP,2025-01-22 00:00:00,7,ATM,,0
1770,798,100.0,DEBIT,1204.05,GBP,2025-02-06 00:00:00,22,BRANCH,,0
1771,722,,CASH_WITHDRAWAL,781.18,GBP,2025-02-15 00:00:00,11,ONLINE,,0
1772,416,95.0,CREDIT,633.68,USD,2025-06-28 00:00:00,6,MOBILE,,0
1773,1,,CASH_WITHDRAWAL,274.79,GBP,2025-03-22 00:00:00,37,BRANCH,,0
1774,61,107.0,CASH_WITHDRAWAL,1838.35,GBP,2025-01-29 00:00:00,22,MOBILE,,0
1775,737,,TRANSFER_IN,1933.39,GBP,2025-06-25 00:00:00,38,BRANCH,451.0,0
1776,649,,TRANSFER_IN,68.82,GBP,2025-08-02 00:00:00,32,ONLINE,784.0,0
1777,454,34.0,TRANSFER_OUT,1191.95,GBP,2025-04-01 00:00:00,46,BRANCH,660.0,0
1778,29,,CASH_WITHDRAWAL,1503.24,GBP,2025-01-03 00:00:00,26,BRANCH,,0
1779,694,78.0,CASH_WITHDRAWAL,29.35,GBP,2025-05-29 00:00:00,8,ONLINE,,0
1780,285,9.0,CREDIT,859.67,GBP,2025-06-28 00:00:00,49,BRANCH,,0
1781,66,77.0,CASH_WITHDRAWAL,1228.79,GBP,2025-02-26 00:00:00,42,BRANCH,,0
1782,631,45.0,CASH_DEPOSIT,721.55,GBP,2025-03-04 00:00:00,24,BRANCH,,0
1783,151,100.0,DEBIT,71.35,GBP,2025-05-05 00:00:00,37,ONLINE,,0
1784,660,147.0,TRANSFER_OUT,1886.09,EUR,2025-01-19 00:00:00,35,ATM,735.0,0
1785,450,12.0,CASH_WITHDRAWAL,1791.4,USD,2025-06-27 00:00:00,44,MOBILE,,0
1786,734,,CREDIT,1326.11,GBP,2025-03-15 00:00:00,20,BRANCH,,0
1787,231,101.0,TRANSFER_OUT,919.66,GBP,2025-08-05 00:00:00,11,BRANCH,336.0,0
1788,9,163.0,TRANSFER_IN,1657.74,GBP,2025-02-24 00:00:00,25,BRANCH,262.0,0
1789,134,,CREDIT,575.31,GBP,2025-03-07 00:00:00,12,ONLINE,,0
1790,643,147.0,CASH_WITHDRAWAL,1559.3,GBP,2025-02-26 00:00:00,20,BRANCH,,0
1791,98,189.0,DEBIT,1144.78,GBP,2025-08-17 00:00:00,27,ONLINE,,0
1792,365,164.0,CASH_DEPOSIT,1113.79,GBP,2025-03-06 00:00:00,16,ONLINE,,0
1793,156,,DEBIT,181.33,GBP,2025-02-26 00:00:00,9,ONLINE,,0
1794,289,,TRANSFER_IN,1915.59,USD,2025-03-27 00:00:00,49,ATM,332.0,0
1795,580,,DEBIT,346.13,GBP,2025-07-17 00:00:00,28,BRANCH,,0
1796,172,60.0,CREDIT,841.07,GBP,2025-02-15 00:00:00,1,MOBILE,,0
1797,469,134.0,CREDIT,160.09,GBP,2025-04-29 00:00:00,2,MOBILE,,0
1798,2,,DEBIT,186.21,GBP,2025-02-11 00:00:00,15,ONLINE,,0
1799,186,180.0,CREDIT,202.45,GBP,2025-07-05 00:00:00,43,MOBILE,,0
1800,70,135.0,DEBIT,1046.9,EUR,2025-06-25 00:00:00,24,ONLINE,,0
1801,445,29.0,CASH_DEPOSIT,875.88,GBP,2025-03-27 00:00:00,36,ONLINE,,0
1802,748,81.0,CASH_DEPOSIT,1500.5,GBP,2025-05-01 00:00:00,11,ONLINE,,0
1803,391,12.0,CASH_WITHDRAWAL,105.44,USD,2025-08-23 00:00:00,16,ATM,,0
1804,548,180.0,CASH_DEPOSIT,1716.87,GBP,2025-04-07 00:00:00,39,MOBILE,,0
1805,521,,TRANSFER_OUT,1798.93,GBP,2025-03-12 00:00:00,22,BRANCH,55.0,0
1806,674,132.0,CREDIT,340.4,GBP,2025-02-11 00:00:00,1,ONLINE,,0
1807,182,158.0,TRANSFER_IN,1075.63,GBP,2025-08-03 00:00:00,15,MOBILE,679.0,0
1808,160,23.0,TRANSFER_IN,561.1,EUR,2025-07-07 00:00:00,9,ONLINE,68.0,0
1809,432,,TRANSFER_IN,1156.66,GBP,2025-06-29 00:00:00,1,MOBILE,754.0,0
1810,643,33.0,DEBIT,1269.92,USD,2025-08-28 00:00:00,46,MOBILE,,0
1811,225,,CREDIT,1435.29,GBP,2025-08-06 00:00:00,9,ONLINE,,0
1812,250,50.0,DEBIT,1797.53,GBP,2025-05-09 00:00:00,6,ATM,,0
1813,344,,TRANSFER_OUT,510.66,GBP,2025-06-24 00:00:00,4,BRANCH,733.0,0
1814,610,113.0,TRANSFER_OUT,921.9,GBP,2025-05-30 00:00:00,7,MOBILE,136.0,0
1815,787,6.0,CASH_WITHDRAWAL,327.99,GBP,2025-04-17 00:00:00,44,ONLINE,,0
1816,481,156.0,DEBIT,1721.9,GBP,2025-07-11 00:00:00,34,MOBILE,,0
1817,123,,DEBIT,531.02,GBP,2025-07-09 00:00:00,35,BRANCH,,0
1818,69,101.0,CREDIT,305.92,GBP,2025-08-11 00:00:00,13,ONLINE,,0
1819,430,129.0,DEBIT,736.95,GBP,2025-04-05 00:00:00,27,ATM,,0
1820,472,,DEBIT,769.41,GBP,2025-08-27 00:00:00,10,ONLINE,,0
1821,585,101.0,TRANSFER_IN,726.53,GBP,2025-03-15 00:00:00,50,BRANCH,308.0,0
1822,672,111.0,TRANSFER_OUT,1959.49,GBP,2025-06-04 00:00:00,50,MOBILE,735.0,0
1823,231,89.0,DEBIT,608.09,GBP,2025-02-12 00:00:00,30,MOBILE,,0
1824,133,,TRANSFER_OUT,273.71,EUR,2025-01-23 00:00:00,19,MOBILE,262.0,0
1825,222,171.0,CREDIT,1839.67,GBP,2025-08-29 00:00:00,42,BRANCH,,0
1826,273,26.0,CASH_WITHDRAWAL,1031.8,GBP,2025-08-15 00:00:00,3,ATM,,0
1827,609,,CASH_DEPOSIT,200.68,GBP,2025-04-15 00:00:00,10,MOBILE,,0
1828,742,183.0,DEBIT,1317.74,GBP,2025-04-08 00:00:00,17,MOBILE,,0
1829,206,62.0,CREDIT,1441.73,USD,2025-08-31 00:00:00,30,MOBILE,,0
1830,375,94.0,CASH_DEPOSIT,475.52,GBP,2025-09-01 00:00:00,13,ONLINE,,0
1831,707,21.0,CASH_WITHDRAWAL,1669.74,GBP,2025-05-16 00:00:00,32,ATM,,0
1832,29,185.0,TRANSFER_IN,742.74,GBP,2025-07-06 00:00:00,25,BRANCH,512.0,0
1833,339,103.0,CASH_DEPOSIT,1425.65,GBP,2025-03-10 00:00:00,47,BRANCH,,0
1834,205,62.0,TRANSFER_OUT,744.58,GBP,2025-08-08 00:00:00,18,ATM,396.0,0
1835,746,129.0,TRANSFER_OUT,1924.74,GBP,2025-02-23 00:00:00,18,MOBILE,81.0,0
1836,182,95.0,DEBIT,1073.3,USD,2025-08-25 00:00:00,40,BRANCH,,0
1837,521,88.0,CREDIT,1522.03,GBP,2025-03-24 00:00:00,24,ATM,,0
1838,407,115.0,CREDIT,230.12,EUR,2025-04-27 00:00:00,18,MOBILE,,0
1839,246,184.0,CASH_DEPOSIT,1974.66,GBP,2025-04-09 00:00:00,8,BRANCH,,0
1840,54,,TRANSFER_IN,1303.08,GBP,2025-03-05 00:00:00,11,ATM,120.0,0
1841,309,80.0,CREDIT,1438.2,GBP,2025-05-26 00:00:00,27,MOBILE,,0
1842,674,58.0,DEBIT,1922.3,GBP,2025-01-05 00:00:00,2,ONLINE,,0
1843,508,,TRANSFER_IN,1839.91,GBP,2025-01-31 00:00:00,6,BRANCH,748.0,0
1844,563,143.0,TRANSFER_IN,640.08,GBP,2025-07-28 00:00:00,43,BRANCH,757.0,0
1845,181,130.0,TRANSFER_OUT,523.22,GBP,2025-06-16 00:00:00,44,ATM,50.0,0
1846,116,165.0,CREDIT,1740.04,EUR,2025-06-27 00:00:00,34,ATM,,0
1847,350,,CREDIT,449.02,GBP,2025-04-26 00:00:00,9,ATM,,0
1848,410,105.0,CREDIT,393.98,GBP,2025-03-13 00:00:00,4,ONLINE,,0
1849,782,92.0,CREDIT,1628.27,EUR,2025-01-07 00:00:00,24,BRANCH,,0
1850,665,12.0,DEBIT,55.51,GBP,2025-08-08 00:00:00,44,MOBILE,,0
1851,747,80.0,CREDIT,642.98,GBP,2025-08-31 00:00:00,13,ONLINE,,0
1852,436,78.0,CREDIT,1935.48,GBP,2025-02-01 00:00:00,50,MOBILE,,0
1853,782,161.0,CASH_WITHDRAWAL,178.25,EUR,2025-02-20 00:00:00,8,MOBILE,,0
1854,388,90.0,CASH_WITHDRAWAL,312.58,GBP,2025-02-15 00:00:00,47,ONLINE,,0
1855,616,148.0,CASH_WITHDRAWAL,1264.18,GBP,2025-03-05 00:00:00,23,MOBILE,,0
1856,737,158.0,TRANSFER_IN,1655.36,EUR,2025-08-21 00:00:00,16,MOBILE,174.0,0
1857,155,198.0,TRANSFER_OUT,457.54,GBP,2025-08-17 00:00:00,34,MOBILE,2.0,0
1858,295,122.0,CASH_WITHDRAWAL,1388.52,EUR,2025-07-20 00:00:00,23,MOBILE,,0
1859,133,110.0,DEBIT,1017.02,USD,2025-04-12 00:00:00,6,ONLINE,,0
1860,565,,DEBIT,1025.34,GBP,2025-05-08 00:00:00,8,MOBILE,,0
1861,205,26.0,DEBIT,985.33,GBP,2025-01-26 00:00:00,23,MOBILE,,0
1862,572,162.0,CREDIT,1413.64,USD,2025-06-20 00:00:00,41,ATM,,0
1863,725,137.0,TRANSFER_IN,1559.8,GBP,2025-03-25 00:00:00,29,BRANCH,135.0,0
1864,149,56.0,CASH_WITHDRAWAL,1965.03,GBP,2025-02-11 00:00:00,46,ONLINE,,0
1865,650,156.0,TRANSFER_IN,511.24,GBP,2025-05-24 00:00:00,43,MOBILE,735.0,0
1866,681,,CASH_WITHDRAWAL,1721.16,GBP,2025-04-01 00:00:00,26,ONLINE,,0
1867,387,159.0,TRANSFER_IN,426.07,GBP,2025-08-19 00:00:00,25,MOBILE,651.0,0
1868,740,63.0,DEBIT,1710.89,GBP,2025-01-15 00:00:00,18,ATM,,0
1869,701,71.0,DEBIT,1656.21,GBP,2025-06-21 00:00:00,21,MOBILE,,0
1870,573,,DEBIT,1308.14,GBP,2025-01-04 00:00:00,43,ONLINE,,0
1871,226,45.0,TRANSFER_OUT,1323.89,GBP,2025-03-15 00:00:00,43,ATM,235.0,0
1872,585,,TRANSFER_OUT,1315.42,GBP,2025-03-22 00:00:00,47,BRANCH,488.0,0
1873,47,65.0,CASH_DEPOSIT,150.08,GBP,2025-06-10 00:00:00,43,ONLINE,,0
1874,378,185.0,TRANSFER_IN,148.68,GBP,2025-08-24 00:00:00,44,BRANCH,338.0,0
1875,439,146.0,CASH_WITHDRAWAL,187.19,GBP,2025-06-01 00:00:00,14,BRANCH,,0
1876,462,92.0,CREDIT,125.1,GBP,2025-07-27 00:00:00,9,ONLINE,,0
1877,260,41.0,CASH_WITHDRAWAL,34.74,GBP,2025-06-16 00:00:00,32,ONLINE,,0
1878,140,23.0,CREDIT,618.42,EUR,2025-07-12 00:00:00,46,ATM,,0
1879,636,137.0,CASH_DEPOSIT,1296.3,GBP,2025-05-25 00:00:00,34,ATM,,0
1880,221,110.0,TRANSFER_OUT,1786.93,GBP,2025-07-24 00:00:00,39,MOBILE,136.0,0
1881,449,173.0,DEBIT,923.46,GBP,2025-05-28 00:00:00,34,ATM,,0
1882,665,91.0,CREDIT,1682.12,USD,2025-02-21 00:00:00,8,ONLINE,,0
1883,646,85.0,TRANSFER_IN,380.81,USD,2025-02-16 00:00:00,15,ONLINE,149.0,0
1884,47,151.0,DEBIT,707.19,GBP,2025-03-31 00:00:00,32,ATM,,0
1885,279,,CASH_DEPOSIT,1281.97,GBP,2025-03-14 00:00:00,31,ONLINE,,0
1886,729,36.0,TRANSFER_OUT,1936.5,GBP,2025-03-20 00:00:00,20,ATM,509.0,0
1887,411,115.0,CASH_DEPOSIT,903.03,GBP,2025-08-29 00:00:00,6,ATM,,0
1888,207,89.0,TRANSFER_OUT,1382.8,GBP,2025-08-08 00:00:00,22,ONLINE,24.0,0
1889,417,81.0,CASH_WITHDRAWAL,445.08,GBP,2025-05-31 00:00:00,48,ATM,,0
1890,279,158.0,CREDIT,1925.96,GBP,2025-01-29 00:00:00,41,BRANCH,,0
1891,141,98.0,CREDIT,645.59,GBP,2025-04-05 00:00:00,38,ATM,,0
1892,737,95.0,TRANSFER_IN,224.69,GBP,2025-04-29 00:00:00,27,MOBILE,437.0,0
1893,307,21.0,TRANSFER_IN,1230.09,USD,2025-06-06 00:00:00,26,BRANCH,289.0,0
1894,424,64.0,TRANSFER_IN,1944.89,GBP,2025-08-12 00:00:00,19,MOBILE,315.0,0
1895,727,19.0,TRANSFER_IN,1225.91,GBP,2025-08-26 00:00:00,39,MOBILE,772.0,0
1896,623,181.0,TRANSFER_IN,555.2,GBP,2025-02-27 00:00:00,37,BRANCH,420.0,0
1897,271,195.0,CASH_WITHDRAWAL,1674.36,GBP,2025-02-13 00:00:00,10,MOBILE,,0
1898,49,129.0,TRANSFER_OUT,260.97,GBP,2025-07-05 00:00:00,14,BRANCH,103.0,0
1899,256,3.0,CASH_DEPOSIT,893.86,GBP,2025-02-14 00:00:00,8,ATM,,0
1900,780,84.0,TRANSFER_IN,1798.98,GBP,2025-02-19 00:00:00,19,ATM,380.0,0
1901,345,150.0,CREDIT,1718.99,GBP,2025-03-04 00:00:00,1,ONLINE,,0
1902,310,111.0,TRANSFER_IN,766.1,GBP,2025-07-05 00:00:00,40,MOBILE,581.0,0
1903,56,,CREDIT,1794.99,EUR,2025-02-04 00:00:00,50,ONLINE,,0
1904,209,119.0,TRANSFER_IN,1717.65,USD,2025-02-18 00:00:00,22,BRANCH,644.0,0
1905,694,,DEBIT,1112.98,GBP,2025-07-26 00:00:00,6,MOBILE,,0
1906,71,93.0,CASH_DEPOSIT,600.2,GBP,2025-03-25 00:00:00,26,ATM,,0
1907,227,58.0,CASH_DEPOSIT,1103.71,GBP,2025-02-22 00:00:00,19,MOBILE,,0
1908,196,,CREDIT,1865.91,GBP,2025-01-09 00:00:00,16,MOBILE,,0
1909,318,47.0,TRANSFER_IN,816.12,GBP,2025-01-05 00:00:00,20,MOBILE,680.0,0
1910,462,107.0,CASH_DEPOSIT,1484.2,GBP,2025-06-18 00:00:00,26,ONLINE,,0
1911,34,167.0,TRANSFER_IN,1422.96,USD,2025-04-08 00:00:00,49,ONLINE,157.0,0
1912,670,170.0,TRANSFER_OUT,879.12,GBP,2025-04-30 00:00:00,17,MOBILE,39.0,0
1913,310,82.0,DEBIT,314.56,GBP,2025-07-22 00:00:00,24,ONLINE,,0
1914,168,144.0,CASH_DEPOSIT,1888.92,GBP,2025-03-28 00:00:00,12,ATM,,0
1915,770,193.0,CREDIT,401.95,GBP,2025-02-09 00:00:00,40,MOBILE,,0
1916,10,35.0,TRANSFER_IN,805.54,EUR,2025-02-22 00:00:00,1,MOBILE,23.0,0
1917,225,105.0,TRANSFER_OUT,884.74,GBP,2025-02-01 00:00:00,43,ATM,468.0,0
1918,374,,DEBIT,877.89,GBP,2025-07-18 00:00:00,31,BRANCH,,0
1919,769,,CREDIT,1797.8,GBP,2025-03-13 00:00:00,42,BRANCH,,0
1920,216,45.0,CREDIT,1470.76,GBP,2025-03-08 00:00:00,32,MOBILE,,0
1921,241,70.0,CASH_WITHDRAWAL,1836.21,GBP,2025-01-12 00:00:00,9,BRANCH,,0
1922,470,149.0,CASH_WITHDRAWAL,1595.34,EUR,2025-01-24 00:00:00,30,MOBILE,,0
1923,168,34.0,TRANSFER_IN,108.98,GBP,2025-04-23 00:00:00,47,ATM,266.0,0
1924,677,,TRANSFER_OUT,1460.65,USD,2025-06-14 00:00:00,41,ATM,329.0,0
1925,267,160.0,CASH_DEPOSIT,1871.75,GBP,2025-03-09 00:00:00,4,ATM,,0
1926,369,59.0,CASH_DEPOSIT,1745.43,GBP,2025-07-21 00:00:00,44,ATM,,0
1927,645,130.0,DEBIT,363.86,GBP,2025-01-11 00:00:00,38,BRANCH,,0
1928,395,137.0,TRANSFER_IN,1426.66,EUR,2025-08-31 00:00:00,16,ATM,256.0,0
1929,643,147.0,DEBIT,1589.89,GBP,2025-01-22 00:00:00,6,ONLINE,,0
1930,123,132.0,DEBIT,475.23,GBP,2025-06-26 00:00:00,36,ATM,,0
1931,761,172.0,DEBIT,911.56,GBP,2025-07-31 00:00:00,32,BRANCH,,0
1932,711,162.0,CREDIT,1198.54,GBP,2025-05-31 00:00:00,40,BRANCH,,0
1933,712,154.0,TRANSFER_IN,1471.76,EUR,2025-05-07 00:00:00,7,MOBILE,180.0,0
1934,146,,TRANSFER_OUT,1498.13,GBP,2025-05-23 00:00:00,30,MOBILE,168.0,0
1935,22,75.0,CREDIT,292.96,GBP,2025-04-07 00:00:00,44,BRANCH,,0
1936,702,,CASH_DEPOSIT,1758.74,GBP,2025-02-19 00:00:00,13,ONLINE,,0
1937,709,51.0,CREDIT,1952.44,GBP,2025-04-24 00:00:00,2,BRANCH,,0
1938,515,,TRANSFER_OUT,1019.61,GBP,2025-03-26 00:00:00,1,BRANCH,476.0,0
1939,22,,DEBIT,1721.06,GBP,2025-04-07 00:00:00,50,BRANCH,,0
1940,74,81.0,CREDIT,1577.11,GBP,2025-03-07 00:00:00,40,MOBILE,,0
1941,407,169.0,CREDIT,324.12,USD,2025-04-17 00:00:00,15,BRANCH,,0
1942,190,128.0,TRANSFER_OUT,641.22,GBP,2025-08-22 00:00:00,23,MOBILE,18.0,0
1943,429,103.0,TRANSFER_IN,1087.76,GBP,2025-06-04 00:00:00,9,ONLINE,670.0,0
1944,378,41.0,CREDIT,1187.1,GBP,2025-03-24 00:00:00,50,ATM,,0
1945,224,152.0,TRANSFER_IN,635.03,GBP,2025-05-29 00:00:00,26,MOBILE,447.0,0
1946,251,185.0,CREDIT,1293.28,GBP,2025-06-09 00:00:00,47,BRANCH,,0
1947,681,47.0,DEBIT,865.77,GBP,2025-06-19 00:00:00,17,ONLINE,,0
1948,662,87.0,DEBIT,393.09,GBP,2025-02-27 00:00:00,42,ONLINE,,0
1949,45,137.0,CREDIT,1410.22,GBP,2025-07-29 00:00:00,42,ONLINE,,0
1950,182,,DEBIT,1899.76,GBP,2025-01-20 00:00:00,24,BRANCH,,0
1951,524,29.0,CASH_WITHDRAWAL,748.12,GBP,2025-04-22 00:00:00,35,ATM,,0
1952,549,103.0,TRANSFER_IN,1787.79,GBP,2025-05-30 00:00:00,8,BRANCH,269.0,0
1953,570,100.0,TRANSFER_IN,1977.7,GBP,2025-08-03 00:00:00,44,ONLINE,44.0,0
1954,398,129.0,TRANSFER_OUT,887.28,GBP,2025-03-04 00:00:00,21,BRANCH,795.0,0
1955,755,,CASH_WITHDRAWAL,806.44,USD,2025-07-11 00:00:00,20,ONLINE,,0
1956,611,34.0,CREDIT,595.91,GBP,2025-06-06 00:00:00,10,ATM,,0
1957,149,50.0,CREDIT,39.13,GBP,2025-01-12 00:00:00,19,MOBILE,,0
1958,627,56.0,DEBIT,566.4,GBP,2025-05-11 00:00:00,37,ONLINE,,0
1959,93,158.0,TRANSFER_OUT,311.08,GBP,2025-05-31 00:00:00,40,BRANCH,590.0,0
1960,708,167.0,CREDIT,1029.81,GBP,2025-07-08 00:00:00,36,ONLINE,,0
1961,59,111.0,TRANSFER_OUT,822.59,GBP,2025-07-10 00:00:00,11,ONLINE,64.0,0
1962,6,51.0,CASH_WITHDRAWAL,326.78,GBP,2025-05-20 00:00:00,26,MOBILE,,0
1963,99,162.0,DEBIT,656.64,GBP,2025-03-04 00:00:00,34,MOBILE,,0
1964,564,91.0,CASH_DEPOSIT,1379.78,EUR,2025-06-18 00:00:00,50,ONLINE,,0
1965,62,137.0,CASH_WITHDRAWAL,867.23,GBP,2025-07-13 00:00:00,28,MOBILE,,0
1966,233,143.0,CREDIT,1764.62,GBP,2025-08-17 00:00:00,25,MOBILE,,0
1967,220,,TRANSFER_OUT,1800.76,GBP,2025-03-28 00:00:00,41,ONLINE,647.0,0
1968,556,,TRANSFER_OUT,358.18,GBP,2025-03-05 00:00:00,28,BRANCH,796.0,0
1969,112,20.0,CREDIT,314.33,GBP,2025-02-10 00:00:00,13,MOBILE,,0
1970,735,26.0,CASH_WITHDRAWAL,1083.43,GBP,2025-02-27 00:00:00,23,MOBILE,,0
1971,473,187.0,DEBIT,1059.07,GBP,2025-08-29 00:00:00,49,ONLINE,,0
1972,416,,TRANSFER_OUT,988.55,GBP,2025-01-12 00:00:00,28,BRANCH,596.0,0
1973,172,138.0,CASH_DEPOSIT,205.4,GBP,2025-03-10 00:00:00,16,ONLINE,,0
1974,637,156.0,TRANSFER_OUT,1913.26,GBP,2025-08-24 00:00:00,33,ONLINE,361.0,0
1975,608,137.0,CASH_WITHDRAWAL,497.66,GBP,2025-03-31 00:00:00,43,ATM,,0
1976,183,5.0,CASH_WITHDRAWAL,1644.71,GBP,2025-04-11 00:00:00,25,BRANCH,,0
1977,713,,TRANSFER_OUT,1070.06,GBP,2025-06-06 00:00:00,23,ONLINE,142.0,0
1978,332,79.0,CASH_DEPOSIT,1016.92,GBP,2025-09-01 00:00:00,11,BRANCH,,0
1979,334,70.0,CASH_WITHDRAWAL,873.13,GBP,2025-07-15 00:00:00,29,BRANCH,,0
1980,140,156.0,DEBIT,892.88,GBP,2025-02-06 00:00:00,49,ATM,,0
1981,434,78.0,DEBIT,1530.12,GBP,2025-04-12 00:00:00,32,ONLINE,,0
1982,576,153.0,TRANSFER_OUT,617.45,GBP,2025-03-07 00:00:00,36,BRANCH,703.0,0
1983,633,,TRANSFER_IN,814.23,GBP,2025-05-11 00:00:00,13,BRANCH,116.0,0
1984,421,74.0,TRANSFER_OUT,1040.38,GBP,2025-02-22 00:00:00,26,ONLINE,390.0,0
1985,300,137.0,DEBIT,534.12,GBP,2025-07-22 00:00:00,39,MOBILE,,0
1986,679,101.0,DEBIT,656.7,GBP,2025-08-02 00:00:00,3,MOBILE,,0
1987,409,118.0,DEBIT,796.43,GBP,2025-06-04 00:00:00,4,ONLINE,,0
1988,558,137.0,TRANSFER_IN,720.35,GBP,2025-02-26 00:00:00,1,MOBILE,682.0,0
1989,43,79.0,CASH_WITHDRAWAL,1630.53,GBP,2025-06-08 00:00:00,39,ATM,,0
1990,269,,CASH_WITHDRAWAL,1989.71,GBP,2025-04-17 00:00:00,16,ONLINE,,0
1991,153,,TRANSFER_OUT,1577.66,EUR,2025-01-01 00:00:00,14,ONLINE,696.0,0
1992,354,195.0,CASH_WITHDRAWAL,809.58,GBP,2025-08-11 00:00:00,50,BRANCH,,0
1993,661,92.0,TRANSFER_OUT,589.1,GBP,2025-07-16 00:00:00,37,MOBILE,449.0,0
1994,555,76.0,TRANSFER_OUT,900.41,GBP,2025-07-14 00:00:00,31,ONLINE,670.0,0
1995,122,42.0,TRANSFER_OUT,1756.98,GBP,2025-01-08 00:00:00,8,MOBILE,438.0,0
1996,382,,DEBIT,99.97,GBP,2025-03-17 00:00:00,20,BRANCH,,0
1997,135,12.0,TRANSFER_OUT,970.48,GBP,2025-04-19 00:00:00,36,ATM,384.0,0
1998,169,10.0,TRANSFER_OUT,287.82,GBP,2025-01-30 00:00:00,21,BRANCH,626.0,0
1999,612,123.0,CREDIT,634.28,GBP,2025-02-15 00:00:00,12,MOBILE,,0
2000,128,85.0,CREDIT,434.83,GBP,2025-06-18 00:00:00,19,ATM,,0
2001,31,79.0,TRANSFER_OUT,1802.03,GBP,2025-03-15 00:00:00,44,BRANCH,382.0,0
2002,612,112.0,TRANSFER_IN,345.59,GBP,2025-07-29 00:00:00,15,MOBILE,321.0,0
2003,7,21.0,CREDIT,578.5,GBP,2025-02-25 00:00:00,7,MOBILE,,0
2004,719,,CASH_DEPOSIT,117.43,GBP,2025-04-11 00:00:00,9,MOBILE,,0
2005,94,,DEBIT,1858.94,GBP,2025-03-02 00:00:00,50,MOBILE,,0
2006,649,,TRANSFER_OUT,318.32,GBP,2025-05-18 00:00:00,42,MOBILE,633.0,0
2007,355,183.0,CASH_WITHDRAWAL,645.85,GBP,2025-02-16 00:00:00,38,BRANCH,,0
2008,175,89.0,CREDIT,1427.04,GBP,2025-04-14 00:00:00,8,BRANCH,,0
2009,501,22.0,TRANSFER_OUT,137.79,GBP,2025-01-14 00:00:00,34,ONLINE,372.0,0
2010,316,67.0,TRANSFER_OUT,910.95,GBP,2025-02-28 00:00:00,49,BRANCH,654.0,0
2011,220,37.0,TRANSFER_IN,879.53,GBP,2025-07-10 00:00:00,47,BRANCH,115.0,0
2012,473,149.0,TRANSFER_IN,1406.14,USD,2025-02-21 00:00:00,17,BRANCH,618.0,0
2013,209,60.0,TRANSFER_OUT,1023.54,GBP,2025-02-19 00:00:00,8,MOBILE,432.0,0
2014,86,,DEBIT,1378.32,GBP,2025-06-14 00:00:00,34,MOBILE,,0
2015,438,,CASH_DEPOSIT,951.5,GBP,2025-02-14 00:00:00,36,ONLINE,,0
2016,362,123.0,CASH_DEPOSIT,953.06,GBP,2025-07-31 00:00:00,36,ATM,,0
2017,189,17.0,TRANSFER_IN,367.17,GBP,2025-03-20 00:00:00,27,BRANCH,677.0,0
2018,218,,CASH_WITHDRAWAL,456.72,GBP,2025-07-20 00:00:00,33,ONLINE,,0
2019,104,28.0,TRANSFER_IN,852.59,GBP,2025-03-16 00:00:00,18,ATM,509.0,0
2020,90,114.0,CASH_WITHDRAWAL,760.91,GBP,2025-07-27 00:00:00,26,ONLINE,,0
2021,318,102.0,CREDIT,1177.38,GBP,2025-08-16 00:00:00,25,ATM,,0
2022,269,,TRANSFER_IN,110.05,GBP,2025-05-30 00:00:00,2,ONLINE,115.0,0
2023,50,142.0,TRANSFER_IN,961.98,GBP,2025-05-17 00:00:00,15,BRANCH,168.0,0
2024,98,139.0,CASH_DEPOSIT,822.15,GBP,2025-08-20 00:00:00,19,MOBILE,,0
2025,667,71.0,CASH_WITHDRAWAL,1876.08,GBP,2025-03-18 00:00:00,40,ATM,,0
2026,597,44.0,CASH_DEPOSIT,1822.12,GBP,2025-07-18 00:00:00,32,BRANCH,,0
2027,651,90.0,CASH_DEPOSIT,257.2,GBP,2025-01-29 00:00:00,38,ONLINE,,0
2028,184,113.0,CASH_WITHDRAWAL,1169.69,GBP,2025-06-05 00:00:00,43,ONLINE,,0
2029,141,139.0,CREDIT,1280.4,USD,2025-08-19 00:00:00,6,ATM,,0
2030,15,,CASH_DEPOSIT,1060.6,USD,2025-08-25 00:00:00,22,ONLINE,,0
2031,273,53.0,TRANSFER_OUT,995.2,USD,2025-05-14 00:00:00,7,ONLINE,187.0,0
2032,744,8.0,CREDIT,1058.69,GBP,2025-04-22 00:00:00,35,ONLINE,,0
2033,794,63.0,CASH_DEPOSIT,1972.21,GBP,2025-05-18 00:00:00,6,BRANCH,,0
2034,345,6.0,CASH_WITHDRAWAL,1590.88,GBP,2025-08-10 00:00:00,47,MOBILE,,0
2035,108,148.0,DEBIT,743.96,GBP,2025-08-09 00:00:00,28,ATM,,0
2036,600,96.0,DEBIT,1257.87,GBP,2025-07-10 00:00:00,33,ONLINE,,0
2037,773,192.0,DEBIT,1538.76,GBP,2025-02-19 00:00:00,9,ATM,,0
2038,21,32.0,DEBIT,1153.47,GBP,2025-01-21 00:00:00,1,MOBILE,,0
2039,546,147.0,TRANSFER_OUT,618.21,GBP,2025-03-22 00:00:00,23,ONLINE,250.0,0
2040,741,147.0,DEBIT,1381.72,GBP,2025-05-17 00:00:00,7,ONLINE,,0
2041,44,16.0,CREDIT,602.18,GBP,2025-02-22 00:00:00,26,ONLINE,,0
2042,352,,CASH_DEPOSIT,994.9,GBP,2025-04-13 00:00:00,9,ATM,,0
2043,81,90.0,CASH_DEPOSIT,1442.65,GBP,2025-03-04 00:00:00,14,BRANCH,,0
2044,248,16.0,CASH_WITHDRAWAL,19.19,GBP,2025-03-24 00:00:00,49,ATM,,0
2045,93,75.0,TRANSFER_OUT,1332.99,GBP,2025-03-27 00:00:00,25,ATM,246.0,0
2046,599,48.0,TRANSFER_IN,696.7,EUR,2025-04-08 00:00:00,19,MOBILE,403.0,0
2047,696,169.0,CREDIT,1677.45,USD,2025-05-05 00:00:00,12,ATM,,0
2048,29,,CASH_DEPOSIT,1191.03,USD,2025-04-15 00:00:00,1,BRANCH,,0
2049,256,134.0,DEBIT,758.53,GBP,2025-01-18 00:00:00,46,ATM,,0
2050,79,27.0,CASH_DEPOSIT,1998.36,GBP,2025-08-31 00:00:00,21,MOBILE,,0
2051,343,163.0,TRANSFER_IN,822.14,GBP,2025-04-06 00:00:00,8,ONLINE,194.0,0
2052,686,1.0,CREDIT,983.38,GBP,2025-03-09 00:00:00,10,ATM,,0
2053,430,35.0,CASH_DEPOSIT,1745.36,GBP,2025-03-08 00:00:00,44,BRANCH,,0
2054,465,194.0,CASH_DEPOSIT,463.68,GBP,2025-02-24 00:00:00,2,ATM,,0
2055,589,108.0,TRANSFER_OUT,807.25,GBP,2025-08-09 00:00:00,43,ONLINE,584.0,0
2056,178,138.0,TRANSFER_IN,1877.28,GBP,2025-07-15 00:00:00,18,BRANCH,773.0,0
2057,360,181.0,CREDIT,1663.16,GBP,2025-05-18 00:00:00,48,ATM,,0
2058,140,,DEBIT,909.76,EUR,2025-06-14 00:00:00,28,ONLINE,,0
2059,109,70.0,CASH_WITHDRAWAL,1532.5,GBP,2025-03-20 00:00:00,14,ONLINE,,0
2060,520,141.0,TRANSFER_OUT,889.16,GBP,2025-05-12 00:00:00,15,MOBILE,220.0,0
2061,415,122.0,TRANSFER_OUT,32.78,GBP,2025-03-01 00:00:00,46,ONLINE,620.0,0
2062,13,29.0,TRANSFER_IN,390.04,GBP,2025-08-12 00:00:00,27,ONLINE,191.0,0
2063,559,35.0,TRANSFER_IN,532.69,GBP,2025-01-11 00:00:00,17,ONLINE,671.0,0
2064,175,,CREDIT,1789.41,GBP,2025-07-05 00:00:00,42,BRANCH,,0
2065,462,2.0,TRANSFER_IN,1517.13,GBP,2025-01-15 00:00:00,46,ATM,707.0,0
2066,606,,TRANSFER_IN,203.91,GBP,2025-03-11 00:00:00,24,MOBILE,565.0,0
2067,659,160.0,TRANSFER_OUT,1430.6,GBP,2025-06-12 00:00:00,10,MOBILE,769.0,0
2068,284,120.0,DEBIT,1176.83,GBP,2025-05-02 00:00:00,10,ATM,,0
2069,262,,CASH_DEPOSIT,816.71,GBP,2025-04-06 00:00:00,6,ATM,,0
2070,306,48.0,TRANSFER_IN,32.91,GBP,2025-06-27 00:00:00,42,MOBILE,177.0,0
2071,430,137.0,CASH_DEPOSIT,107.98,GBP,2025-04-08 00:00:00,34,ATM,,0
2072,102,56.0,DEBIT,952.41,GBP,2025-04-13 00:00:00,29,MOBILE,,0
2073,58,,CREDIT,1559.18,GBP,2025-03-27 00:00:00,50,MOBILE,,0
2074,401,,TRANSFER_OUT,1444.28,GBP,2025-04-03 00:00:00,13,ATM,557.0,0
2075,598,87.0,TRANSFER_OUT,954.21,GBP,2025-01-16 00:00:00,7,ATM,250.0,0
2076,140,145.0,DEBIT,56.86,GBP,2025-06-07 00:00:00,30,ONLINE,,0
2077,195,9.0,CASH_WITHDRAWAL,905.68,GBP,2025-01-28 00:00:00,14,ATM,,0
2078,580,131.0,TRANSFER_OUT,1769.78,GBP,2025-05-07 00:00:00,10,MOBILE,123.0,0
2079,26,,TRANSFER_IN,635.85,USD,2025-07-10 00:00:00,27,ONLINE,508.0,0
2080,114,141.0,DEBIT,950.55,GBP,2025-03-07 00:00:00,20,MOBILE,,0
2081,417,38.0,CREDIT,1520.35,GBP,2025-07-21 00:00:00,9,MOBILE,,0
2082,370,166.0,TRANSFER_OUT,35.72,GBP,2025-02-24 00:00:00,38,BRANCH,774.0,0
2083,85,188.0,CASH_WITHDRAWAL,1462.2,GBP,2025-03-20 00:00:00,48,ATM,,0
2084,486,,TRANSFER_OUT,1235.96,GBP,2025-02-16 00:00:00,27,BRANCH,324.0,0
2085,97,34.0,TRANSFER_OUT,820.91,GBP,2025-06-04 00:00:00,20,ONLINE,694.0,0
2086,138,89.0,CASH_WITHDRAWAL,721.39,GBP,2025-01-29 00:00:00,25,ONLINE,,0
2087,135,148.0,CASH_WITHDRAWAL,225.33,EUR,2025-02-13 00:00:00,28,ATM,,0
2088,776,188.0,CASH_DEPOSIT,1605.66,USD,2025-05-03 00:00:00,36,ATM,,0
2089,527,33.0,CREDIT,929.9,EUR,2025-05-09 00:00:00,34,BRANCH,,0
2090,320,7.0,CASH_DEPOSIT,1499.66,GBP,2025-06-18 00:00:00,36,ONLINE,,0
2091,579,9.0,TRANSFER_OUT,586.69,GBP,2025-02-03 00:00:00,6,ATM,308.0,0
2092,45,147.0,CASH_WITHDRAWAL,1453.57,GBP,2025-07-30 00:00:00,50,MOBILE,,0
2093,403,187.0,CASH_WITHDRAWAL,260.08,GBP,2025-03-25 00:00:00,15,BRANCH,,0
2094,554,112.0,TRANSFER_IN,900.85,EUR,2025-01-31 00:00:00,15,ATM,327.0,0
2095,281,38.0,CASH_WITHDRAWAL,1712.09,GBP,2025-02-12 00:00:00,13,ATM,,0
2096,703,,CREDIT,1733.11,GBP,2025-03-26 00:00:00,1,MOBILE,,0
2097,780,16.0,DEBIT,41.26,GBP,2025-03-05 00:00:00,19,ATM,,0
2098,465,29.0,CASH_DEPOSIT,14.63,GBP,2025-05-27 00:00:00,50,ONLINE,,0
2099,125,104.0,DEBIT,51.17,EUR,2025-04-09 00:00:00,37,MOBILE,,0
2100,241,127.0,CREDIT,1867.97,GBP,2025-05-29 00:00:00,44,ATM,,0
2101,758,12.0,TRANSFER_OUT,22.77,GBP,2025-03-28 00:00:00,20,ONLINE,561.0,0
2102,436,67.0,TRANSFER_OUT,493.66,GBP,2025-08-24 00:00:00,39,BRANCH,701.0,0
2103,225,31.0,DEBIT,1447.41,GBP,2025-04-25 00:00:00,6,ONLINE,,0
2104,536,,TRANSFER_IN,189.47,GBP,2025-06-15 00:00:00,24,BRANCH,338.0,0
2105,514,147.0,TRANSFER_IN,304.41,GBP,2025-06-12 00:00:00,17,ONLINE,71.0,0
2106,372,196.0,CREDIT,559.08,GBP,2025-04-25 00:00:00,21,ATM,,0
2107,589,65.0,TRANSFER_IN,1166.1,GBP,2025-08-09 00:00:00,26,ATM,453.0,0
2108,152,25.0,DEBIT,1103.32,GBP,2025-06-14 00:00:00,47,ONLINE,,0
2109,143,139.0,DEBIT,1378.99,GBP,2025-02-05 00:00:00,42,MOBILE,,0
2110,526,197.0,TRANSFER_IN,1936.45,GBP,2025-08-17 00:00:00,26,MOBILE,35.0,0
2111,544,18.0,TRANSFER_OUT,527.85,GBP,2025-02-04 00:00:00,30,MOBILE,368.0,0
2112,653,,TRANSFER_OUT,626.59,EUR,2025-03-30 00:00:00,30,ONLINE,9.0,0
2113,302,159.0,DEBIT,1985.02,GBP,2025-02-05 00:00:00,36,BRANCH,,0
2114,110,176.0,TRANSFER_OUT,1876.84,GBP,2025-07-21 00:00:00,41,BRANCH,355.0,0
2115,579,171.0,TRANSFER_OUT,233.27,GBP,2025-04-29 00:00:00,39,MOBILE,225.0,0
2116,57,105.0,DEBIT,112.3,GBP,2025-03-04 00:00:00,34,MOBILE,,0
2117,470,23.0,CASH_WITHDRAWAL,1758.56,EUR,2025-08-20 00:00:00,9,ATM,,0
2118,71,33.0,DEBIT,1311.45,GBP,2025-05-17 00:00:00,46,BRANCH,,0
2119,12,110.0,TRANSFER_OUT,1504.1,GBP,2025-07-28 00:00:00,50,BRANCH,320.0,0
2120,391,79.0,CASH_WITHDRAWAL,359.52,GBP,2025-04-23 00:00:00,27,MOBILE,,0
2121,650,7.0,DEBIT,1245.97,GBP,2025-01-02 00:00:00,24,ATM,,0
2122,737,161.0,CREDIT,1928.26,GBP,2025-08-05 00:00:00,10,BRANCH,,0
2123,241,108.0,DEBIT,984.88,GBP,2025-02-13 00:00:00,11,BRANCH,,0
2124,776,174.0,CREDIT,1652.97,GBP,2025-02-16 00:00:00,26,ATM,,0
2125,4,108.0,CASH_WITHDRAWAL,1619.43,USD,2025-09-01 00:00:00,10,MOBILE,,0
2126,283,,CASH_DEPOSIT,1759.25,USD,2025-08-07 00:00:00,35,ATM,,0
2127,523,,TRANSFER_IN,1581.26,GBP,2025-04-30 00:00:00,6,MOBILE,593.0,0
2128,62,93.0,DEBIT,77.82,EUR,2025-07-26 00:00:00,33,BRANCH,,0
2129,513,78.0,CREDIT,255.48,GBP,2025-03-11 00:00:00,14,BRANCH,,0
2130,55,108.0,CASH_WITHDRAWAL,1509.03,GBP,2025-08-31 00:00:00,8,MOBILE,,0
2131,89,164.0,TRANSFER_OUT,1687.74,GBP,2025-07-12 00:00:00,23,MOBILE,366.0,0
2132,263,45.0,DEBIT,1939.94,GBP,2025-03-12 00:00:00,19,ONLINE,,0
2133,785,172.0,CASH_WITHDRAWAL,1226.86,GBP,2025-05-20 00:00:00,36,ONLINE,,0
2134,544,64.0,DEBIT,1715.06,GBP,2025-03-20 00:00:00,15,BRANCH,,0
2135,694,74.0,CASH_DEPOSIT,1749.49,GBP,2025-02-15 00:00:00,47,ONLINE,,0
2136,541,151.0,TRANSFER_OUT,1076.0,USD,2025-03-08 00:00:00,50,ONLINE,356.0,0
2137,101,,DEBIT,367.58,GBP,2025-08-13 00:00:00,24,BRANCH,,0
2138,201,72.0,DEBIT,1605.28,GBP,2025-08-09 00:00:00,2,ONLINE,,0
2139,726,80.0,CASH_DEPOSIT,1489.23,GBP,2025-01-02 00:00:00,16,ATM,,0
2140,146,187.0,CASH_WITHDRAWAL,1745.23,GBP,2025-01-15 00:00:00,13,MOBILE,,0
2141,64,,CREDIT,214.54,GBP,2025-07-31 00:00:00,38,ONLINE,,0
2142,83,71.0,DEBIT,1877.03,GBP,2025-08-24 00:00:00,31,ONLINE,,0
2143,247,177.0,TRANSFER_OUT,1496.34,GBP,2025-04-30 00:00:00,49,ATM,47.0,0
2144,800,162.0,TRANSFER_OUT,1768.79,GBP,2025-08-29 00:00:00,23,ONLINE,740.0,0
2145,520,149.0,CASH_WITHDRAWAL,573.37,USD,2025-07-30 00:00:00,34,BRANCH,,0
2146,374,,CASH_WITHDRAWAL,245.36,GBP,2025-04-23 00:00:00,22,MOBILE,,0
2147,346,181.0,DEBIT,50.15,USD,2025-05-14 00:00:00,48,ONLINE,,0
2148,483,120.0,CASH_DEPOSIT,1522.1,GBP,2025-04-30 00:00:00,8,ATM,,0
2149,109,142.0,CASH_WITHDRAWAL,1026.41,GBP,2025-05-01 00:00:00,10,MOBILE,,0
2150,208,195.0,CASH_DEPOSIT,1269.32,GBP,2025-05-04 00:00:00,32,ONLINE,,0
2151,549,87.0,CREDIT,85.44,EUR,2025-08-19 00:00:00,1,MOBILE,,0
2152,294,173.0,CASH_WITHDRAWAL,1434.05,GBP,2025-04-01 00:00:00,30,ONLINE,,0
2153,16,66.0,CASH_WITHDRAWAL,1736.91,GBP,2025-07-16 00:00:00,9,MOBILE,,0
2154,405,,CREDIT,1940.7,GBP,2025-05-30 00:00:00,3,ATM,,0
2155,617,98.0,CASH_DEPOSIT,708.06,GBP,2025-04-12 00:00:00,43,ATM,,0
2156,21,114.0,CASH_WITHDRAWAL,1366.86,GBP,2025-06-08 00:00:00,45,ONLINE,,0
2157,252,94.0,CASH_WITHDRAWAL,1498.39,EUR,2025-01-23 00:00:00,21,ONLINE,,0
2158,754,105.0,TRANSFER_IN,1647.79,GBP,2025-01-02 00:00:00,31,ONLINE,223.0,0
2159,203,167.0,CASH_DEPOSIT,1534.85,EUR,2025-03-14 00:00:00,14,ONLINE,,0
2160,635,57.0,CASH_DEPOSIT,278.22,GBP,2025-03-16 00:00:00,33,ONLINE,,0
2161,226,78.0,DEBIT,1478.49,GBP,2025-07-27 00:00:00,5,ONLINE,,0
2162,324,,DEBIT,298.98,GBP,2025-01-19 00:00:00,25,ATM,,0
2163,737,183.0,CASH_DEPOSIT,1978.38,GBP,2025-04-14 00:00:00,46,MOBILE,,0
2164,237,158.0,TRANSFER_IN,469.18,GBP,2025-01-24 00:00:00,1,BRANCH,18.0,0
2165,122,,TRANSFER_IN,1824.61,GBP,2025-07-16 00:00:00,10,ATM,518.0,0
2166,600,32.0,TRANSFER_IN,947.56,GBP,2025-03-24 00:00:00,48,ONLINE,141.0,0
2167,560,115.0,TRANSFER_OUT,662.38,GBP,2025-03-01 00:00:00,38,BRANCH,784.0,0
2168,577,26.0,TRANSFER_IN,727.75,GBP,2025-08-07 00:00:00,41,ONLINE,781.0,0
2169,688,,TRANSFER_OUT,325.75,GBP,2025-01-05 00:00:00,10,BRANCH,300.0,0
2170,446,95.0,TRANSFER_IN,848.59,GBP,2025-02-06 00:00:00,3,BRANCH,67.0,0
2171,453,118.0,CREDIT,126.99,GBP,2025-02-01 00:00:00,24,ATM,,0
2172,270,124.0,CASH_DEPOSIT,1989.84,GBP,2025-05-04 00:00:00,43,ONLINE,,0
2173,222,82.0,TRANSFER_IN,1957.51,GBP,2025-07-18 00:00:00,12,ATM,304.0,0
2174,75,,CASH_DEPOSIT,1694.12,GBP,2025-06-21 00:00:00,12,ATM,,0
2175,52,45.0,TRANSFER_IN,522.82,GBP,2025-06-25 00:00:00,34,ATM,152.0,0
2176,462,133.0,TRANSFER_IN,1994.08,GBP,2025-04-20 00:00:00,17,MOBILE,11.0,0
2177,457,97.0,CASH_WITHDRAWAL,417.71,GBP,2025-01-18 00:00:00,46,MOBILE,,0
2178,347,141.0,TRANSFER_OUT,954.4,GBP,2025-04-02 00:00:00,39,MOBILE,224.0,0
2179,542,130.0,TRANSFER_OUT,1216.73,GBP,2025-06-21 00:00:00,45,ONLINE,270.0,0
2180,530,,CASH_DEPOSIT,1987.33,GBP,2025-03-01 00:00:00,12,ONLINE,,0
2181,711,95.0,CREDIT,523.12,GBP,2025-01-07 00:00:00,44,MOBILE,,0
2182,486,108.0,CASH_WITHDRAWAL,172.2,USD,2025-04-20 00:00:00,17,ONLINE,,0
2183,322,168.0,CASH_WITHDRAWAL,646.73,GBP,2025-07-08 00:00:00,31,ATM,,0
2184,512,89.0,TRANSFER_IN,321.78,EUR,2025-03-03 00:00:00,34,BRANCH,151.0,0
2185,186,104.0,CASH_WITHDRAWAL,1675.4,GBP,2025-02-22 00:00:00,12,ONLINE,,0
2186,724,165.0,CREDIT,966.88,GBP,2025-01-20 00:00:00,30,BRANCH,,0
2187,667,,TRANSFER_OUT,1215.46,EUR,2025-04-19 00:00:00,11,ONLINE,799.0,0
2188,302,140.0,TRANSFER_IN,232.47,GBP,2025-05-22 00:00:00,26,MOBILE,34.0,0
2189,384,27.0,TRANSFER_OUT,1910.93,GBP,2025-05-30 00:00:00,12,MOBILE,31.0,0
2190,185,146.0,CASH_DEPOSIT,32.76,USD,2025-02-17 00:00:00,44,ATM,,0
2191,276,20.0,DEBIT,847.49,GBP,2025-01-19 00:00:00,29,ATM,,0
2192,778,56.0,DEBIT,803.12,GBP,2025-08-16 00:00:00,50,ONLINE,,0
2193,351,9.0,TRANSFER_IN,1168.69,GBP,2025-04-16 00:00:00,30,MOBILE,260.0,0
2194,287,58.0,DEBIT,1726.74,GBP,2025-05-25 00:00:00,18,ATM,,0
2195,444,,CASH_DEPOSIT,15.63,GBP,2025-05-25 00:00:00,3,ATM,,0
2196,775,,TRANSFER_IN,126.43,USD,2025-01-28 00:00:00,45,MOBILE,756.0,0
2197,620,119.0,CASH_WITHDRAWAL,320.22,GBP,2025-02-16 00:00:00,35,ONLINE,,0
2198,164,,DEBIT,1645.38,GBP,2025-06-16 00:00:00,4,BRANCH,,0
2199,791,110.0,DEBIT,255.25,GBP,2025-04-18 00:00:00,29,ATM,,0
2200,662,44.0,TRANSFER_OUT,1726.71,GBP,2025-03-19 00:00:00,23,MOBILE,603.0,0
2201,501,192.0,CASH_WITHDRAWAL,1174.84,GBP,2025-07-05 00:00:00,1,ATM,,0
2202,309,,TRANSFER_OUT,1497.63,USD,2025-08-05 00:00:00,2,MOBILE,46.0,0
2203,559,184.0,DEBIT,1132.26,GBP,2025-02-13 00:00:00,39,ONLINE,,0
2204,170,20.0,TRANSFER_IN,1554.38,EUR,2025-06-08 00:00:00,3,BRANCH,266.0,0
2205,556,9.0,CASH_DEPOSIT,454.22,USD,2025-02-19 00:00:00,16,MOBILE,,0
2206,178,43.0,CREDIT,718.25,GBP,2025-07-27 00:00:00,24,BRANCH,,0
2207,353,,DEBIT,231.48,EUR,2025-03-28 00:00:00,19,BRANCH,,0
2208,736,9.0,CREDIT,1711.36,GBP,2025-07-28 00:00:00,36,BRANCH,,0
2209,712,160.0,CREDIT,1511.33,GBP,2025-08-13 00:00:00,11,BRANCH,,0
2210,253,42.0,CASH_DEPOSIT,856.38,GBP,2025-05-18 00:00:00,2,BRANCH,,0
2211,578,138.0,CASH_WITHDRAWAL,464.83,GBP,2025-07-21 00:00:00,18,BRANCH,,0
2212,93,149.0,DEBIT,891.44,GBP,2025-06-03 00:00:00,26,BRANCH,,0
2213,627,35.0,DEBIT,240.22,GBP,2025-05-08 00:00:00,26,MOBILE,,0
2214,78,80.0,CASH_DEPOSIT,746.53,GBP,2025-08-21 00:00:00,1,ATM,,0
2215,187,69.0,CASH_WITHDRAWAL,190.35,GBP,2025-04-25 00:00:00,22,ONLINE,,0
2216,601,102.0,TRANSFER_OUT,156.65,GBP,2025-05-04 00:00:00,24,MOBILE,740.0,0
2217,411,109.0,TRANSFER_IN,949.54,GBP,2025-08-07 00:00:00,33,ATM,258.0,0
2218,393,37.0,CASH_WITHDRAWAL,55.68,GBP,2025-01-31 00:00:00,29,MOBILE,,0
2219,28,152.0,CREDIT,1321.39,USD,2025-03-22 00:00:00,9,BRANCH,,0
2220,63,181.0,DEBIT,130.28,GBP,2025-08-09 00:00:00,22,BRANCH,,0
2221,11,70.0,CREDIT,1440.99,GBP,2025-05-29 00:00:00,41,ONLINE,,0
2222,307,13.0,CASH_DEPOSIT,1703.45,GBP,2025-06-01 00:00:00,30,MOBILE,,0
2223,268,33.0,TRANSFER_IN,1386.39,GBP,2025-02-03 00:00:00,10,ONLINE,514.0,0
2224,559,66.0,CASH_WITHDRAWAL,1596.8,GBP,2025-08-27 00:00:00,35,ONLINE,,0
2225,605,2.0,TRANSFER_IN,1544.46,GBP,2025-01-11 00:00:00,28,ATM,650.0,0
2226,392,,CREDIT,1923.48,EUR,2025-05-31 00:00:00,38,ATM,,0
2227,363,159.0,DEBIT,336.03,GBP,2025-05-19 00:00:00,43,BRANCH,,0
2228,444,134.0,TRANSFER_IN,1274.9,GBP,2025-04-02 00:00:00,48,MOBILE,757.0,0
2229,555,199.0,TRANSFER_IN,1400.44,GBP,2025-05-03 00:00:00,9,ATM,177.0,0
2230,19,69.0,TRANSFER_OUT,967.1,GBP,2025-07-19 00:00:00,11,BRANCH,313.0,0
2231,222,,CASH_WITHDRAWAL,1750.42,GBP,2025-01-21 00:00:00,38,ATM,,0
2232,173,45.0,CREDIT,1739.8,GBP,2025-01-28 00:00:00,35,MOBILE,,0
2233,362,170.0,CASH_WITHDRAWAL,814.44,GBP,2025-03-18 00:00:00,29,MOBILE,,0
2234,566,151.0,TRANSFER_IN,1762.22,GBP,2025-01-24 00:00:00,11,MOBILE,252.0,0
2235,281,146.0,CASH_DEPOSIT,354.13,GBP,2025-01-04 00:00:00,39,ATM,,0
2236,404,178.0,TRANSFER_OUT,84.32,GBP,2025-01-01 00:00:00,17,BRANCH,54.0,0
2237,595,50.0,CREDIT,138.17,GBP,2025-06-15 00:00:00,3,ONLINE,,0
2238,735,20.0,DEBIT,1475.96,GBP,2025-02-26 00:00:00,16,BRANCH,,0
2239,782,159.0,CREDIT,273.27,GBP,2025-04-29 00:00:00,6,ONLINE,,0
2240,607,2.0,CASH_WITHDRAWAL,98.32,EUR,2025-04-29 00:00:00,32,ONLINE,,0
2241,329,103.0,DEBIT,1847.32,GBP,2025-08-01 00:00:00,4,ATM,,0
2242,447,,TRANSFER_OUT,566.35,GBP,2025-07-02 00:00:00,23,ONLINE,16.0,0
2243,587,119.0,CREDIT,403.77,GBP,2025-04-24 00:00:00,28,MOBILE,,0
2244,229,53.0,CREDIT,1574.07,GBP,2025-06-14 00:00:00,40,BRANCH,,0
2245,290,112.0,TRANSFER_IN,278.75,GBP,2025-01-26 00:00:00,25,BRANCH,283.0,0
2246,295,192.0,CREDIT,922.23,GBP,2025-06-18 00:00:00,25,BRANCH,,0
2247,489,,DEBIT,846.87,GBP,2025-07-22 00:00:00,17,BRANCH,,0
2248,185,12.0,TRANSFER_IN,1760.6,GBP,2025-05-02 00:00:00,21,BRANCH,103.0,0
2249,524,6.0,DEBIT,1672.61,GBP,2025-06-07 00:00:00,37,MOBILE,,0
2250,177,47.0,DEBIT,1765.0,GBP,2025-02-26 00:00:00,29,BRANCH,,0
2251,274,20.0,TRANSFER_OUT,340.6,GBP,2025-04-20 00:00:00,50,BRANCH,202.0,0
2252,514,,CASH_DEPOSIT,514.78,GBP,2025-01-03 00:00:00,11,BRANCH,,0
2253,301,95.0,CASH_WITHDRAWAL,454.66,GBP,2025-02-05 00:00:00,27,ONLINE,,0
2254,288,45.0,CREDIT,1033.86,GBP,2025-03-10 00:00:00,5,ONLINE,,0
2255,4,59.0,CASH_DEPOSIT,1749.42,GBP,2025-03-22 00:00:00,31,BRANCH,,0
2256,179,186.0,TRANSFER_IN,472.74,GBP,2025-06-04 00:00:00,2,ONLINE,596.0,0
2257,800,137.0,DEBIT,527.39,GBP,2025-03-20 00:00:00,32,ATM,,0
2258,755,57.0,TRANSFER_OUT,1012.85,USD,2025-03-12 00:00:00,14,ATM,53.0,0
2259,406,22.0,CASH_DEPOSIT,1506.12,GBP,2025-08-08 00:00:00,23,ATM,,0
2260,263,,TRANSFER_OUT,267.09,EUR,2025-04-14 00:00:00,36,ONLINE,377.0,0
2261,675,178.0,DEBIT,1041.34,GBP,2025-07-11 00:00:00,39,ONLINE,,0
2262,62,122.0,CASH_WITHDRAWAL,338.04,GBP,2025-01-03 00:00:00,50,BRANCH,,0
2263,343,117.0,CASH_WITHDRAWAL,1683.31,GBP,2025-01-06 00:00:00,19,MOBILE,,0
2264,373,110.0,DEBIT,678.23,GBP,2025-06-30 00:00:00,16,ATM,,0
2265,274,,CASH_DEPOSIT,1020.85,GBP,2025-04-12 00:00:00,31,ATM,,0
2266,682,104.0,TRANSFER_OUT,1403.18,EUR,2025-05-21 00:00:00,9,MOBILE,753.0,0
2267,188,122.0,CASH_DEPOSIT,1286.53,GBP,2025-06-07 00:00:00,2,ATM,,0
2268,521,111.0,TRANSFER_IN,439.97,GBP,2025-06-23 00:00:00,39,ONLINE,397.0,0
2269,483,147.0,TRANSFER_OUT,412.68,GBP,2025-02-13 00:00:00,45,ATM,410.0,0
2270,25,81.0,CASH_WITHDRAWAL,648.69,GBP,2025-06-21 00:00:00,41,BRANCH,,0
2271,585,31.0,CASH_WITHDRAWAL,913.55,GBP,2025-08-08 00:00:00,36,ATM,,0
2272,784,20.0,CASH_DEPOSIT,1729.32,GBP,2025-04-24 00:00:00,2,ATM,,0
2273,401,16.0,DEBIT,807.43,GBP,2025-08-27 00:00:00,44,ONLINE,,0
2274,486,149.0,CASH_DEPOSIT,358.74,GBP,2025-08-03 00:00:00,40,ONLINE,,0
2275,690,,CASH_DEPOSIT,1861.33,GBP,2025-05-24 00:00:00,10,ATM,,0
2276,720,197.0,CREDIT,1546.37,GBP,2025-01-24 00:00:00,30,ONLINE,,0
2277,547,79.0,CASH_DEPOSIT,528.52,GBP,2025-03-16 00:00:00,11,ONLINE,,0
2278,212,152.0,CASH_DEPOSIT,1375.49,GBP,2025-08-15 00:00:00,6,MOBILE,,0
2279,335,164.0,CASH_DEPOSIT,1386.2,GBP,2025-04-02 00:00:00,50,ATM,,0
2280,461,98.0,CASH_DEPOSIT,363.37,GBP,2025-07-29 00:00:00,35,ATM,,0
2281,195,67.0,CASH_DEPOSIT,1063.35,USD,2025-03-01 00:00:00,36,BRANCH,,0
2282,675,14.0,CASH_WITHDRAWAL,297.66,EUR,2025-04-30 00:00:00,47,ONLINE,,0
2283,425,2.0,TRANSFER_OUT,1269.87,USD,2025-06-19 00:00:00,15,ONLINE,352.0,0
2284,661,194.0,DEBIT,210.4,GBP,2025-03-06 00:00:00,50,MOBILE,,0
2285,670,85.0,DEBIT,403.43,GBP,2025-01-12 00:00:00,8,ATM,,0
2286,56,,CREDIT,827.47,GBP,2025-04-25 00:00:00,4,MOBILE,,0
2287,32,139.0,DEBIT,1037.57,EUR,2025-04-27 00:00:00,11,ATM,,0
2288,154,154.0,TRANSFER_OUT,1102.78,GBP,2025-07-17 00:00:00,19,BRANCH,540.0,0
2289,335,8.0,CASH_WITHDRAWAL,1702.06,GBP,2025-05-13 00:00:00,33,BRANCH,,0
2290,579,166.0,TRANSFER_OUT,1264.54,GBP,2025-04-18 00:00:00,35,ONLINE,434.0,0
2291,607,185.0,CASH_DEPOSIT,1769.69,GBP,2025-01-29 00:00:00,11,ATM,,0
2292,416,4.0,CASH_DEPOSIT,71.02,GBP,2025-01-05 00:00:00,16,ONLINE,,0
2293,468,194.0,CREDIT,1988.56,GBP,2025-06-22 00:00:00,17,BRANCH,,0
2294,276,153.0,TRANSFER_OUT,1262.28,GBP,2025-03-06 00:00:00,22,ATM,7.0,0
2295,84,189.0,CASH_WITHDRAWAL,593.99,GBP,2025-06-18 00:00:00,10,BRANCH,,0
2296,167,96.0,CREDIT,818.6,GBP,2025-01-24 00:00:00,10,MOBILE,,0
2297,470,3.0,CREDIT,1104.88,GBP,2025-04-26 00:00:00,26,ONLINE,,0
2298,256,167.0,TRANSFER_OUT,6.53,USD,2025-03-04 00:00:00,25,BRANCH,137.0,0
2299,784,,TRANSFER_IN,88.85,GBP,2025-06-28 00:00:00,49,ATM,262.0,0
2300,514,180.0,CASH_DEPOSIT,1631.23,GBP,2025-07-19 00:00:00,18,ONLINE,,0
2301,249,,CASH_WITHDRAWAL,547.59,EUR,2025-01-31 00:00:00,23,ATM,,0
2302,511,95.0,TRANSFER_IN,1878.44,GBP,2025-02-08 00:00:00,13,MOBILE,237.0,0
2303,439,104.0,TRANSFER_OUT,1210.62,GBP,2025-05-16 00:00:00,27,BRANCH,600.0,0
2304,76,149.0,TRANSFER_IN,1136.06,GBP,2025-08-22 00:00:00,43,MOBILE,139.0,0
2305,767,66.0,CREDIT,1211.64,GBP,2025-02-12 00:00:00,27,MOBILE,,0
2306,12,102.0,DEBIT,1933.16,USD,2025-02-15 00:00:00,13,BRANCH,,0
2307,387,152.0,CASH_DEPOSIT,1316.32,GBP,2025-08-23 00:00:00,48,MOBILE,,0
2308,221,142.0,CASH_WITHDRAWAL,957.53,USD,2025-07-01 00:00:00,32,ATM,,0
2309,626,200.0,TRANSFER_OUT,29.65,GBP,2025-03-07 00:00:00,34,MOBILE,51.0,0
2310,536,,TRANSFER_IN,1790.95,GBP,2025-01-25 00:00:00,21,MOBILE,618.0,0
2311,541,196.0,CASH_DEPOSIT,173.85,USD,2025-01-03 00:00:00,2,ONLINE,,0
2312,69,13.0,CASH_WITHDRAWAL,1957.88,GBP,2025-08-27 00:00:00,26,MOBILE,,0
2313,632,18.0,TRANSFER_IN,1483.68,GBP,2025-08-07 00:00:00,3,BRANCH,749.0,0
2314,578,77.0,DEBIT,38.28,GBP,2025-05-28 00:00:00,32,BRANCH,,0
2315,156,,CASH_DEPOSIT,942.8,GBP,2025-06-06 00:00:00,35,ATM,,0
2316,660,172.0,TRANSFER_OUT,597.76,GBP,2025-06-20 00:00:00,45,MOBILE,304.0,0
2317,12,182.0,CASH_WITHDRAWAL,306.91,GBP,2025-03-01 00:00:00,22,MOBILE,,0
2318,32,125.0,TRANSFER_OUT,859.07,EUR,2025-06-09 00:00:00,17,ATM,129.0,0
2319,583,,CASH_DEPOSIT,1842.83,EUR,2025-06-16 00:00:00,24,ATM,,0
2320,547,2.0,DEBIT,950.35,GBP,2025-06-10 00:00:00,1,ATM,,0
2321,631,26.0,CASH_DEPOSIT,864.07,GBP,2025-05-03 00:00:00,10,BRANCH,,0
2322,7,79.0,TRANSFER_OUT,518.97,GBP,2025-03-23 00:00:00,15,ONLINE,673.0,0
2323,199,159.0,TRANSFER_IN,1701.59,GBP,2025-01-14 00:00:00,32,ATM,508.0,0
2324,202,19.0,TRANSFER_OUT,1981.21,GBP,2025-02-27 00:00:00,27,ONLINE,776.0,0
2325,590,46.0,DEBIT,297.49,GBP,2025-06-09 00:00:00,48,ONLINE,,0
2326,605,124.0,CREDIT,423.88,GBP,2025-03-18 00:00:00,47,MOBILE,,0
2327,301,,TRANSFER_IN,553.75,GBP,2025-05-21 00:00:00,39,ONLINE,799.0,0
2328,278,7.0,TRANSFER_OUT,1500.84,GBP,2025-08-10 00:00:00,9,MOBILE,323.0,0
2329,68,,DEBIT,1385.2,GBP,2025-03-24 00:00:00,5,ONLINE,,0
2330,483,177.0,CASH_DEPOSIT,1707.4,EUR,2025-05-04 00:00:00,45,MOBILE,,0
2331,674,138.0,CASH_DEPOSIT,697.49,GBP,2025-04-09 00:00:00,13,BRANCH,,0
2332,38,19.0,CASH_DEPOSIT,1590.6,GBP,2025-03-30 00:00:00,23,ONLINE,,0
2333,747,25.0,TRANSFER_IN,1790.92,GBP,2025-03-11 00:00:00,46,ATM,686.0,0
2334,375,171.0,DEBIT,1844.04,GBP,2025-05-06 00:00:00,31,ONLINE,,0
2335,52,151.0,CREDIT,1785.06,GBP,2025-07-03 00:00:00,20,BRANCH,,0
2336,320,71.0,DEBIT,1988.95,GBP,2025-08-25 00:00:00,46,MOBILE,,0
2337,183,139.0,DEBIT,1363.54,GBP,2025-04-11 00:00:00,50,MOBILE,,0
2338,786,,CASH_WITHDRAWAL,84.61,GBP,2025-08-23 00:00:00,35,ATM,,0
2339,701,,CASH_WITHDRAWAL,1944.34,GBP,2025-06-18 00:00:00,29,ONLINE,,0
2340,156,41.0,CASH_DEPOSIT,1397.14,GBP,2025-08-19 00:00:00,25,BRANCH,,0
2341,709,154.0,CREDIT,1734.57,GBP,2025-03-29 00:00:00,47,ATM,,0
2342,136,49.0,CASH_DEPOSIT,1970.98,GBP,2025-08-06 00:00:00,2,ONLINE,,0
2343,781,111.0,TRANSFER_OUT,89.93,GBP,2025-06-04 00:00:00,36,ATM,44.0,0
2344,611,174.0,CASH_WITHDRAWAL,239.38,GBP,2025-01-24 00:00:00,35,BRANCH,,0
2345,228,52.0,CASH_WITHDRAWAL,1713.04,GBP,2025-04-10 00:00:00,25,ONLINE,,0
2346,99,71.0,CASH_DEPOSIT,680.31,GBP,2025-02-11 00:00:00,26,MOBILE,,0
2347,191,29.0,CASH_DEPOSIT,1314.11,GBP,2025-04-27 00:00:00,44,MOBILE,,0
2348,151,58.0,CASH_DEPOSIT,1810.44,GBP,2025-05-02 00:00:00,31,BRANCH,,0
2349,373,76.0,TRANSFER_OUT,1454.19,EUR,2025-08-10 00:00:00,35,MOBILE,656.0,0
2350,202,193.0,DEBIT,582.1,GBP,2025-07-30 00:00:00,40,BRANCH,,0
2351,747,70.0,TRANSFER_OUT,1753.42,GBP,2025-04-10 00:00:00,27,MOBILE,418.0,0
2352,185,180.0,CASH_DEPOSIT,754.97,GBP,2025-03-01 00:00:00,1,MOBILE,,0
2353,768,190.0,CASH_DEPOSIT,605.91,GBP,2025-05-05 00:00:00,36,ATM,,0
2354,7,100.0,CASH_DEPOSIT,805.56,GBP,2025-07-28 00:00:00,4,ATM,,0
2355,243,102.0,CREDIT,870.78,GBP,2025-01-12 00:00:00,9,ONLINE,,0
2356,663,69.0,DEBIT,1249.57,GBP,2025-01-03 00:00:00,14,ONLINE,,0
2357,607,43.0,DEBIT,1611.96,GBP,2025-01-08 00:00:00,10,BRANCH,,0
2358,139,68.0,TRANSFER_IN,320.37,GBP,2025-08-30 00:00:00,30,BRANCH,583.0,0
2359,479,94.0,CREDIT,1715.65,GBP,2025-07-31 00:00:00,12,ATM,,0
2360,43,184.0,CASH_DEPOSIT,863.61,GBP,2025-04-29 00:00:00,23,ATM,,0
2361,303,66.0,TRANSFER_IN,1963.06,GBP,2025-02-05 00:00:00,3,BRANCH,293.0,0
2362,766,155.0,TRANSFER_IN,1388.5,EUR,2025-05-12 00:00:00,6,ONLINE,571.0,0
2363,17,31.0,CASH_WITHDRAWAL,1098.31,GBP,2025-06-11 00:00:00,23,MOBILE,,0
2364,291,,TRANSFER_IN,1525.37,GBP,2025-04-14 00:00:00,11,MOBILE,612.0,0
2365,703,32.0,TRANSFER_OUT,1234.98,GBP,2025-06-29 00:00:00,27,ATM,13.0,0
2366,241,,TRANSFER_OUT,209.59,GBP,2025-02-05 00:00:00,20,ATM,32.0,0
2367,459,115.0,CASH_WITHDRAWAL,312.76,GBP,2025-08-24 00:00:00,26,ONLINE,,0
2368,135,17.0,TRANSFER_IN,1010.42,GBP,2025-04-06 00:00:00,13,ONLINE,70.0,0
2369,452,186.0,CASH_WITHDRAWAL,1902.5,GBP,2025-07-27 00:00:00,7,BRANCH,,0
2370,434,135.0,TRANSFER_OUT,1146.3,GBP,2025-02-15 00:00:00,17,BRANCH,77.0,0
2371,215,84.0,TRANSFER_IN,887.46,GBP,2025-07-01 00:00:00,25,BRANCH,750.0,0
2372,764,25.0,CASH_WITHDRAWAL,1624.24,GBP,2025-08-23 00:00:00,30,ONLINE,,0
2373,327,32.0,CASH_DEPOSIT,1867.48,GBP,2025-06-14 00:00:00,34,ATM,,0
2374,446,,TRANSFER_IN,1695.99,GBP,2025-02-24 00:00:00,28,BRANCH,398.0,0
2375,127,50.0,TRANSFER_IN,1428.4,GBP,2025-06-10 00:00:00,43,ATM,406.0,0
2376,561,,TRANSFER_IN,1374.9,GBP,2025-02-17 00:00:00,16,ATM,486.0,0
2377,749,68.0,CREDIT,1711.8,GBP,2025-01-26 00:00:00,37,MOBILE,,0
2378,168,93.0,TRANSFER_OUT,980.29,GBP,2025-08-06 00:00:00,10,ATM,218.0,0
2379,699,145.0,TRANSFER_OUT,581.75,GBP,2025-08-11 00:00:00,36,MOBILE,330.0,0
2380,246,102.0,TRANSFER_OUT,755.24,EUR,2025-03-08 00:00:00,11,ATM,485.0,0
2381,243,182.0,CREDIT,451.55,GBP,2025-03-28 00:00:00,42,MOBILE,,0
2382,48,176.0,CREDIT,48.27,GBP,2025-06-26 00:00:00,1,ONLINE,,0
2383,434,59.0,CREDIT,1034.95,GBP,2025-02-24 00:00:00,20,ATM,,0
2384,676,152.0,CASH_DEPOSIT,302.95,GBP,2025-07-24 00:00:00,44,ATM,,0
2385,340,,DEBIT,659.87,GBP,2025-03-29 00:00:00,9,ATM,,0
2386,59,,TRANSFER_OUT,650.6,GBP,2025-06-05 00:00:00,40,ONLINE,207.0,0
2387,565,,DEBIT,63.76,GBP,2025-04-11 00:00:00,19,MOBILE,,0
2388,219,48.0,TRANSFER_OUT,1985.83,GBP,2025-02-08 00:00:00,9,ATM,461.0,0
2389,479,53.0,DEBIT,831.26,GBP,2025-06-29 00:00:00,3,ATM,,0
2390,412,,CASH_WITHDRAWAL,958.89,USD,2025-01-01 00:00:00,14,BRANCH,,0
2391,54,9.0,TRANSFER_IN,1230.65,GBP,2025-05-09 00:00:00,20,MOBILE,646.0,0
2392,295,10.0,CASH_WITHDRAWAL,948.47,GBP,2025-07-06 00:00:00,4,MOBILE,,0
2393,508,173.0,CASH_WITHDRAWAL,1737.74,GBP,2025-07-14 00:00:00,24,MOBILE,,0
2394,439,36.0,TRANSFER_IN,1140.5,GBP,2025-08-26 00:00:00,28,MOBILE,15.0,0
2395,41,104.0,CREDIT,1610.68,GBP,2025-04-02 00:00:00,41,ATM,,0
2396,269,,CASH_WITHDRAWAL,146.59,GBP,2025-03-10 00:00:00,21,ATM,,0
2397,662,27.0,CASH_DEPOSIT,1851.0,USD,2025-07-11 00:00:00,37,BRANCH,,0
2398,613,66.0,CASH_DEPOSIT,1828.22,GBP,2025-01-09 00:00:00,38,BRANCH,,0
2399,322,73.0,CASH_DEPOSIT,1405.89,GBP,2025-02-06 00:00:00,27,ATM,,0
2400,304,34.0,CASH_WITHDRAWAL,448.75,GBP,2025-08-17 00:00:00,25,ONLINE,,0
2401,134,184.0,CASH_DEPOSIT,1173.52,EUR,2025-06-19 00:00:00,7,BRANCH,,0
2402,631,87.0,CREDIT,506.7,GBP,2025-01-19 00:00:00,12,ATM,,0
2403,448,42.0,CREDIT,1819.69,GBP,2025-05-16 00:00:00,46,BRANCH,,0
2404,510,164.0,CREDIT,685.31,GBP,2025-07-11 00:00:00,33,ATM,,0
2405,66,,CASH_DEPOSIT,1055.08,EUR,2025-02-22 00:00:00,29,ATM,,0
2406,60,140.0,TRANSFER_IN,139.45,GBP,2025-04-09 00:00:00,45,ONLINE,749.0,0
2407,205,66.0,CASH_DEPOSIT,1286.66,GBP,2025-04-30 00:00:00,48,BRANCH,,0
2408,401,174.0,TRANSFER_IN,1033.05,GBP,2025-06-09 00:00:00,18,ATM,198.0,0
2409,695,1.0,CASH_DEPOSIT,1716.87,GBP,2025-02-21 00:00:00,26,ONLINE,,0
2410,52,,DEBIT,1149.99,GBP,2025-01-22 00:00:00,25,ATM,,0
2411,136,108.0,TRANSFER_IN,715.88,GBP,2025-04-26 00:00:00,44,ATM,285.0,0
2412,339,134.0,TRANSFER_OUT,648.34,GBP,2025-04-02 00:00:00,32,BRANCH,103.0,0
2413,177,111.0,TRANSFER_IN,16.41,GBP,2025-05-15 00:00:00,29,BRANCH,534.0,0
2414,425,,CREDIT,585.88,GBP,2025-01-19 00:00:00,27,ATM,,0
2415,362,28.0,CREDIT,354.37,GBP,2025-03-19 00:00:00,17,ONLINE,,0
2416,789,157.0,TRANSFER_OUT,1866.24,GBP,2025-07-25 00:00:00,13,MOBILE,542.0,0
2417,417,,TRANSFER_OUT,38.89,GBP,2025-08-03 00:00:00,21,ATM,43.0,0
2418,748,6.0,CREDIT,819.38,GBP,2025-06-09 00:00:00,20,BRANCH,,0
2419,158,,CASH_DEPOSIT,1287.76,GBP,2025-01-12 00:00:00,45,BRANCH,,0
2420,749,157.0,CASH_WITHDRAWAL,1071.67,GBP,2025-06-05 00:00:00,50,BRANCH,,0
2421,765,69.0,CASH_WITHDRAWAL,1158.88,GBP,2025-04-21 00:00:00,41,ONLINE,,0
2422,622,125.0,CASH_DEPOSIT,1755.89,GBP,2025-03-11 00:00:00,22,MOBILE,,0
2423,569,54.0,TRANSFER_IN,781.53,GBP,2025-01-04 00:00:00,20,BRANCH,44.0,0
2424,476,193.0,TRANSFER_OUT,1504.83,GBP,2025-05-11 00:00:00,1,BRANCH,511.0,0
2425,656,58.0,CASH_DEPOSIT,506.17,GBP,2025-03-28 00:00:00,38,ONLINE,,0
2426,144,111.0,DEBIT,341.33,GBP,2025-03-11 00:00:00,10,ONLINE,,0
2427,239,,TRANSFER_IN,1823.14,GBP,2025-07-15 00:00:00,9,BRANCH,534.0,0
2428,288,5.0,TRANSFER_OUT,386.46,GBP,2025-01-11 00:00:00,15,ONLINE,578.0,0
2429,762,118.0,TRANSFER_OUT,574.98,GBP,2025-04-03 00:00:00,40,BRANCH,117.0,0
2430,673,132.0,TRANSFER_OUT,1476.94,EUR,2025-02-21 00:00:00,1,MOBILE,621.0,0
2431,328,134.0,TRANSFER_OUT,1394.18,GBP,2025-03-12 00:00:00,7,ATM,163.0,0
2432,251,57.0,CREDIT,1942.29,GBP,2025-07-08 00:00:00,42,BRANCH,,0
2433,740,184.0,CASH_DEPOSIT,1514.7,GBP,2025-04-18 00:00:00,31,BRANCH,,0
2434,529,114.0,CREDIT,1401.09,GBP,2025-02-16 00:00:00,38,MOBILE,,0
2435,673,,CASH_WITHDRAWAL,177.47,GBP,2025-07-27 00:00:00,34,ONLINE,,0
2436,480,39.0,TRANSFER_IN,1558.98,USD,2025-07-30 00:00:00,22,BRANCH,425.0,0
2437,638,6.0,TRANSFER_OUT,1856.06,GBP,2025-04-28 00:00:00,47,MOBILE,226.0,0
2438,670,116.0,CASH_DEPOSIT,1007.66,GBP,2025-02-08 00:00:00,11,MOBILE,,0
2439,483,147.0,DEBIT,76.64,GBP,2025-07-15 00:00:00,28,BRANCH,,0
2440,280,,CASH_WITHDRAWAL,1086.59,GBP,2025-01-15 00:00:00,43,BRANCH,,0
2441,478,,CASH_DEPOSIT,649.31,GBP,2025-06-10 00:00:00,29,ATM,,0
2442,509,52.0,CASH_DEPOSIT,1052.04,EUR,2025-08-04 00:00:00,29,MOBILE,,0
2443,474,91.0,CASH_DEPOSIT,134.28,GBP,2025-01-15 00:00:00,36,BRANCH,,0
2444,379,156.0,CASH_WITHDRAWAL,1256.24,GBP,2025-07-31 00:00:00,36,MOBILE,,0
2445,518,132.0,TRANSFER_OUT,824.99,GBP,2025-08-09 00:00:00,10,ONLINE,702.0,0
2446,491,39.0,CREDIT,1189.39,GBP,2025-02-16 00:00:00,8,ONLINE,,0
2447,648,,CASH_WITHDRAWAL,180.99,EUR,2025-02-09 00:00:00,37,ATM,,0
2448,672,26.0,CASH_DEPOSIT,1535.2,GBP,2025-01-07 00:00:00,42,ATM,,0
2449,8,,TRANSFER_OUT,1431.96,GBP,2025-06-02 00:00:00,3,ONLINE,49.0,0
2450,466,57.0,TRANSFER_OUT,1559.77,GBP,2025-02-06 00:00:00,25,MOBILE,230.0,0
2451,282,,CASH_DEPOSIT,1327.19,GBP,2025-06-19 00:00:00,20,ATM,,0
2452,48,81.0,DEBIT,844.34,GBP,2025-05-11 00:00:00,40,ATM,,0
2453,532,58.0,CREDIT,679.95,GBP,2025-01-04 00:00:00,32,ATM,,0
2454,242,197.0,CREDIT,1680.53,GBP,2025-08-14 00:00:00,14,ONLINE,,0
2455,331,162.0,DEBIT,1364.28,GBP,2025-04-23 00:00:00,44,ONLINE,,0
2456,367,24.0,CASH_DEPOSIT,959.49,GBP,2025-08-13 00:00:00,48,MOBILE,,0
2457,529,72.0,TRANSFER_IN,94.2,GBP,2025-05-11 00:00:00,35,MOBILE,108.0,0
2458,79,79.0,TRANSFER_OUT,1902.19,GBP,2025-06-29 00:00:00,7,MOBILE,233.0,0
2459,664,13.0,CREDIT,804.19,EUR,2025-03-25 00:00:00,41,ATM,,0
2460,796,20.0,CASH_WITHDRAWAL,79.76,GBP,2025-08-13 00:00:00,29,ATM,,0
2461,551,37.0,CREDIT,1279.43,GBP,2025-07-19 00:00:00,41,BRANCH,,0
2462,366,75.0,TRANSFER_IN,826.97,GBP,2025-07-27 00:00:00,19,ONLINE,780.0,0
2463,238,,TRANSFER_OUT,1452.63,GBP,2025-03-18 00:00:00,2,ONLINE,443.0,0
2464,224,,CASH_DEPOSIT,642.0,GBP,2025-05-08 00:00:00,33,MOBILE,,0
2465,122,128.0,TRANSFER_IN,908.75,EUR,2025-06-19 00:00:00,29,MOBILE,107.0,0
2466,522,144.0,CASH_WITHDRAWAL,420.71,GBP,2025-05-25 00:00:00,6,BRANCH,,0
2467,573,181.0,CASH_WITHDRAWAL,612.08,GBP,2025-07-30 00:00:00,15,MOBILE,,0
2468,180,97.0,CASH_WITHDRAWAL,748.83,GBP,2025-06-10 00:00:00,48,BRANCH,,0
2469,551,111.0,TRANSFER_OUT,52.81,GBP,2025-02-23 00:00:00,20,BRANCH,394.0,0
2470,483,100.0,CREDIT,1455.68,GBP,2025-06-11 00:00:00,37,BRANCH,,0
2471,558,22.0,CASH_WITHDRAWAL,976.68,GBP,2025-08-25 00:00:00,40,ONLINE,,0
2472,435,1.0,TRANSFER_IN,31.19,GBP,2025-02-12 00:00:00,5,ONLINE,415.0,0
2473,579,166.0,TRANSFER_IN,1783.02,GBP,2025-07-21 00:00:00,49,BRANCH,281.0,0
2474,684,179.0,DEBIT,1411.94,GBP,2025-05-24 00:00:00,14,ATM,,0
2475,461,189.0,CREDIT,1185.03,GBP,2025-02-02 00:00:00,35,ATM,,0
2476,296,62.0,CREDIT,1542.45,GBP,2025-02-08 00:00:00,28,BRANCH,,0
2477,768,186.0,CASH_WITHDRAWAL,1172.36,GBP,2025-02-17 00:00:00,8,MOBILE,,0
2478,426,118.0,DEBIT,1201.57,GBP,2025-04-17 00:00:00,27,ATM,,0
2479,80,81.0,CASH_WITHDRAWAL,791.34,GBP,2025-02-14 00:00:00,3,MOBILE,,0
2480,132,179.0,CREDIT,540.99,GBP,2025-01-11 00:00:00,5,MOBILE,,0
2481,743,109.0,CASH_DEPOSIT,445.31,GBP,2025-04-02 00:00:00,40,ONLINE,,0
2482,97,116.0,CASH_DEPOSIT,148.97,GBP,2025-03-19 00:00:00,18,ATM,,0
2483,124,7.0,CASH_DEPOSIT,332.59,GBP,2025-08-08 00:00:00,23,ONLINE,,0
2484,469,102.0,TRANSFER_IN,871.39,GBP,2025-08-11 00:00:00,25,ONLINE,113.0,0
2485,563,126.0,CREDIT,762.32,GBP,2025-05-30 00:00:00,49,BRANCH,,0
2486,753,,TRANSFER_OUT,1787.79,GBP,2025-04-02 00:00:00,38,MOBILE,655.0,0
2487,188,113.0,TRANSFER_OUT,1702.36,GBP,2025-01-24 00:00:00,20,ONLINE,27.0,0
2488,222,,CASH_DEPOSIT,650.14,USD,2025-03-29 00:00:00,5,MOBILE,,0
2489,278,175.0,TRANSFER_IN,1750.63,GBP,2025-02-06 00:00:00,12,MOBILE,587.0,0
2490,1,194.0,CREDIT,1913.62,GBP,2025-08-25 00:00:00,24,BRANCH,,0
2491,388,179.0,DEBIT,750.71,GBP,2025-05-29 00:00:00,13,MOBILE,,0
2492,367,67.0,CASH_WITHDRAWAL,1564.43,GBP,2025-05-13 00:00:00,30,BRANCH,,0
2493,219,177.0,DEBIT,582.58,GBP,2025-03-15 00:00:00,16,ATM,,0
2494,508,109.0,DEBIT,1030.1,GBP,2025-05-16 00:00:00,24,ONLINE,,0
2495,62,179.0,CASH_DEPOSIT,963.44,GBP,2025-03-21 00:00:00,14,ONLINE,,0
2496,333,17.0,TRANSFER_IN,461.54,GBP,2025-04-16 00:00:00,11,ONLINE,16.0,0
2497,498,20.0,CASH_DEPOSIT,914.93,GBP,2025-06-21 00:00:00,26,BRANCH,,0
2498,434,85.0,TRANSFER_OUT,1678.7,GBP,2025-05-21 00:00:00,42,ONLINE,147.0,0
2499,439,,CASH_WITHDRAWAL,399.86,EUR,2025-04-06 00:00:00,17,MOBILE,,0
2500,724,4.0,TRANSFER_OUT,71.31,GBP,2025-01-14 00:00:00,12,ATM,344.0,0
2501,663,86.0,CASH_WITHDRAWAL,42.64,GBP,2025-08-01 00:00:00,9,MOBILE,,0
2502,296,25.0,TRANSFER_IN,1577.58,GBP,2025-04-15 00:00:00,31,ONLINE,106.0,0
2503,323,82.0,CASH_WITHDRAWAL,1179.7,GBP,2025-01-25 00:00:00,26,ATM,,0
2504,256,190.0,CASH_DEPOSIT,285.6,GBP,2025-02-04 00:00:00,18,ONLINE,,0
2505,33,,CREDIT,1738.78,GBP,2025-02-17 00:00:00,43,MOBILE,,0
2506,49,36.0,CASH_WITHDRAWAL,59.92,EUR,2025-08-06 00:00:00,5,ONLINE,,0
2507,777,137.0,TRANSFER_IN,422.11,GBP,2025-02-19 00:00:00,15,MOBILE,373.0,0
2508,186,30.0,CREDIT,320.86,GBP,2025-03-07 00:00:00,22,ATM,,0
2509,696,33.0,CREDIT,612.04,GBP,2025-03-18 00:00:00,50,BRANCH,,0
2510,625,2.0,CREDIT,531.1,GBP,2025-04-20 00:00:00,13,BRANCH,,0
2511,179,187.0,CASH_DEPOSIT,1901.76,GBP,2025-07-12 00:00:00,30,ATM,,0
2512,641,,CREDIT,557.07,GBP,2025-06-13 00:00:00,41,BRANCH,,0
2513,182,60.0,TRANSFER_IN,812.51,GBP,2025-03-27 00:00:00,45,MOBILE,393.0,0
2514,414,86.0,CASH_DEPOSIT,1694.89,GBP,2025-07-15 00:00:00,25,MOBILE,,0
2515,379,164.0,CASH_DEPOSIT,125.85,USD,2025-03-18 00:00:00,7,BRANCH,,0
2516,485,95.0,CREDIT,502.18,GBP,2025-06-28 00:00:00,24,MOBILE,,0
2517,296,,TRANSFER_IN,1847.99,GBP,2025-07-04 00:00:00,21,MOBILE,347.0,0
2518,214,179.0,CASH_WITHDRAWAL,1400.92,GBP,2025-07-15 00:00:00,41,BRANCH,,0
2519,766,75.0,CREDIT,1755.47,GBP,2025-04-10 00:00:00,32,MOBILE,,0
2520,305,122.0,DEBIT,317.53,GBP,2025-06-15 00:00:00,45,ATM,,0
2521,202,141.0,CREDIT,651.34,GBP,2025-06-18 00:00:00,19,ATM,,0
2522,562,192.0,TRANSFER_OUT,496.47,GBP,2025-04-16 00:00:00,7,ATM,749.0,0
2523,552,145.0,TRANSFER_OUT,1182.52,GBP,2025-06-05 00:00:00,49,ONLINE,426.0,0
2524,99,58.0,CASH_WITHDRAWAL,1892.95,GBP,2025-04-11 00:00:00,33,MOBILE,,0
2525,712,8.0,CREDIT,51.13,GBP,2025-05-02 00:00:00,9,ATM,,0
2526,61,43.0,DEBIT,1886.25,GBP,2025-06-07 00:00:00,28,ATM,,0
2527,568,,DEBIT,1114.08,GBP,2025-07-07 00:00:00,18,MOBILE,,0
2528,121,32.0,TRANSFER_IN,799.47,GBP,2025-07-16 00:00:00,20,ATM,407.0,0
2529,189,72.0,CREDIT,1498.59,EUR,2025-04-10 00:00:00,45,BRANCH,,0
2530,353,53.0,CREDIT,1197.71,GBP,2025-07-11 00:00:00,38,BRANCH,,0
2531,12,147.0,TRANSFER_IN,1013.73,GBP,2025-06-20 00:00:00,8,MOBILE,658.0,0
2532,424,99.0,CASH_WITHDRAWAL,587.8,GBP,2025-06-08 00:00:00,27,ATM,,0
2533,689,175.0,CASH_DEPOSIT,452.27,GBP,2025-06-03 00:00:00,8,ONLINE,,0
2534,108,,DEBIT,343.77,GBP,2025-05-27 00:00:00,2,ONLINE,,0
2535,411,64.0,CASH_DEPOSIT,1205.26,GBP,2025-01-09 00:00:00,49,ONLINE,,0
2536,200,70.0,TRANSFER_IN,434.81,USD,2025-08-02 00:00:00,31,MOBILE,703.0,0
2537,281,26.0,TRANSFER_IN,95.95,GBP,2025-07-24 00:00:00,45,BRANCH,91.0,0
2538,746,19.0,TRANSFER_OUT,989.78,GBP,2025-01-19 00:00:00,17,ONLINE,107.0,0
2539,411,73.0,CASH_DEPOSIT,1310.63,GBP,2025-06-18 00:00:00,6,ONLINE,,0
2540,49,,CASH_WITHDRAWAL,1798.42,GBP,2025-08-22 00:00:00,3,MOBILE,,0
2541,543,107.0,TRANSFER_OUT,1852.03,GBP,2025-05-20 00:00:00,3,ONLINE,636.0,0
2542,617,75.0,CREDIT,248.38,GBP,2025-02-21 00:00:00,17,BRANCH,,0
2543,310,40.0,DEBIT,423.01,GBP,2025-04-19 00:00:00,4,ATM,,0
2544,580,,DEBIT,973.9,EUR,2025-02-22 00:00:00,35,ATM,,0
2545,61,124.0,DEBIT,1711.15,USD,2025-01-30 00:00:00,14,MOBILE,,0
2546,723,175.0,TRANSFER_IN,1852.81,GBP,2025-02-04 00:00:00,20,ATM,686.0,0
2547,5,134.0,CASH_DEPOSIT,1606.99,GBP,2025-01-24 00:00:00,8,MOBILE,,0
2548,547,162.0,TRANSFER_IN,637.64,EUR,2025-07-17 00:00:00,39,MOBILE,447.0,0
2549,488,,TRANSFER_IN,984.26,GBP,2025-04-20 00:00:00,13,ONLINE,245.0,0
2550,568,21.0,DEBIT,1836.35,GBP,2025-06-07 00:00:00,8,ATM,,0
2551,126,74.0,CREDIT,502.76,GBP,2025-03-31 00:00:00,19,ONLINE,,0
2552,78,22.0,TRANSFER_IN,439.5,GBP,2025-06-02 00:00:00,43,ATM,678.0,0
2553,190,105.0,CASH_DEPOSIT,510.28,GBP,2025-02-12 00:00:00,21,MOBILE,,0
2554,776,190.0,TRANSFER_IN,1787.38,GBP,2025-06-12 00:00:00,24,BRANCH,499.0,0
2555,738,,CASH_WITHDRAWAL,935.76,GBP,2025-06-30 00:00:00,40,BRANCH,,0
2556,534,92.0,TRANSFER_OUT,783.9,GBP,2025-05-26 00:00:00,39,MOBILE,60.0,0
2557,32,152.0,CASH_WITHDRAWAL,1403.01,GBP,2025-04-26 00:00:00,23,ATM,,0
2558,214,200.0,CASH_DEPOSIT,596.01,GBP,2025-02-17 00:00:00,29,ONLINE,,0
2559,467,104.0,CREDIT,1522.04,GBP,2025-04-04 00:00:00,2,BRANCH,,0
2560,392,,TRANSFER_OUT,50.0,GBP,2025-03-17 00:00:00,42,BRANCH,114.0,0
2561,228,97.0,CASH_DEPOSIT,1298.32,EUR,2025-03-08 00:00:00,3,ATM,,0
2562,797,,DEBIT,11.84,GBP,2025-07-28 00:00:00,27,ATM,,0
2563,555,173.0,TRANSFER_IN,1976.61,GBP,2025-01-26 00:00:00,32,MOBILE,550.0,0
2564,145,105.0,CREDIT,388.39,GBP,2025-02-01 00:00:00,23,MOBILE,,0
2565,144,142.0,CREDIT,366.06,GBP,2025-03-14 00:00:00,1,BRANCH,,0
2566,483,40.0,CASH_DEPOSIT,389.25,USD,2025-01-09 00:00:00,1,BRANCH,,0
2567,95,193.0,CASH_DEPOSIT,539.61,GBP,2025-01-30 00:00:00,15,BRANCH,,0
2568,105,64.0,TRANSFER_IN,1335.69,GBP,2025-08-31 00:00:00,50,BRANCH,199.0,0
2569,327,,TRANSFER_OUT,1855.65,GBP,2025-06-14 00:00:00,34,MOBILE,8.0,0
2570,448,164.0,CASH_WITHDRAWAL,1872.34,GBP,2025-05-06 00:00:00,36,ONLINE,,0
2571,614,135.0,CREDIT,63.28,EUR,2025-08-06 00:00:00,5,ONLINE,,0
2572,308,74.0,CASH_WITHDRAWAL,1886.73,GBP,2025-01-20 00:00:00,40,BRANCH,,0
2573,778,196.0,CASH_DEPOSIT,1523.1,GBP,2025-06-17 00:00:00,17,BRANCH,,0
2574,481,117.0,TRANSFER_IN,1466.86,GBP,2025-05-21 00:00:00,3,MOBILE,88.0,0
2575,657,143.0,CASH_DEPOSIT,450.43,GBP,2025-07-13 00:00:00,23,ATM,,0
2576,573,7.0,CASH_WITHDRAWAL,1990.8,GBP,2025-05-30 00:00:00,50,ONLINE,,0
2577,684,57.0,CASH_WITHDRAWAL,1243.03,USD,2025-03-06 00:00:00,16,ATM,,0
2578,611,82.0,TRANSFER_IN,1107.34,USD,2025-07-20 00:00:00,24,BRANCH,715.0,0
2579,787,195.0,TRANSFER_IN,377.21,EUR,2025-08-02 00:00:00,27,ATM,581.0,0
2580,653,77.0,TRANSFER_IN,1788.26,GBP,2025-07-25 00:00:00,35,ATM,16.0,0
2581,387,13.0,TRANSFER_OUT,666.46,GBP,2025-03-01 00:00:00,29,BRANCH,381.0,0
2582,455,,DEBIT,801.15,GBP,2025-04-17 00:00:00,6,MOBILE,,0
2583,429,18.0,TRANSFER_IN,1177.55,GBP,2025-02-05 00:00:00,23,MOBILE,651.0,0
2584,21,50.0,TRANSFER_OUT,1447.16,GBP,2025-02-11 00:00:00,41,ATM,303.0,0
2585,276,199.0,TRANSFER_OUT,1720.06,GBP,2025-07-25 00:00:00,1,BRANCH,692.0,0
2586,189,37.0,TRANSFER_IN,352.35,GBP,2025-01-02 00:00:00,50,ONLINE,281.0,0
2587,82,33.0,TRANSFER_IN,225.67,GBP,2025-03-05 00:00:00,26,ONLINE,336.0,0
2588,548,118.0,TRANSFER_IN,1692.46,GBP,2025-01-08 00:00:00,25,MOBILE,511.0,0
2589,577,,DEBIT,328.49,GBP,2025-04-26 00:00:00,4,MOBILE,,0
2590,782,169.0,CREDIT,1243.06,GBP,2025-06-03 00:00:00,19,BRANCH,,0
2591,186,,DEBIT,647.71,GBP,2025-07-27 00:00:00,9,ATM,,0
2592,232,6.0,CREDIT,1212.18,GBP,2025-08-20 00:00:00,45,ONLINE,,0
2593,454,125.0,TRANSFER_IN,1902.8,GBP,2025-08-01 00:00:00,9,ONLINE,310.0,0
2594,90,139.0,CREDIT,1810.82,GBP,2025-03-03 00:00:00,38,MOBILE,,0
2595,416,54.0,TRANSFER_OUT,1717.58,GBP,2025-04-12 00:00:00,15,MOBILE,364.0,0
2596,770,56.0,DEBIT,1678.81,GBP,2025-05-09 00:00:00,3,BRANCH,,0
2597,545,92.0,DEBIT,373.97,GBP,2025-01-25 00:00:00,43,ONLINE,,0
2598,109,165.0,CREDIT,427.23,GBP,2025-05-06 00:00:00,39,ATM,,0
2599,87,1.0,DEBIT,1294.02,GBP,2025-05-29 00:00:00,42,BRANCH,,0
2600,441,38.0,CREDIT,1684.16,GBP,2025-07-03 00:00:00,44,BRANCH,,0
2601,717,132.0,CASH_WITHDRAWAL,740.09,USD,2025-01-01 00:00:00,47,ATM,,0
2602,594,,CREDIT,457.67,GBP,2025-07-19 00:00:00,23,MOBILE,,0
2603,140,22.0,TRANSFER_OUT,1303.52,GBP,2025-08-23 00:00:00,35,ONLINE,292.0,0
2604,340,113.0,CASH_WITHDRAWAL,579.44,GBP,2025-01-04 00:00:00,48,ONLINE,,0
2605,630,194.0,TRANSFER_IN,395.64,GBP,2025-08-22 00:00:00,7,ONLINE,687.0,0
2606,463,,TRANSFER_OUT,1938.55,GBP,2025-03-29 00:00:00,4,BRANCH,182.0,0
2607,675,195.0,TRANSFER_OUT,138.46,GBP,2025-05-28 00:00:00,11,ONLINE,718.0,0
2608,664,141.0,DEBIT,816.53,GBP,2025-07-04 00:00:00,40,ONLINE,,0
2609,160,18.0,CASH_WITHDRAWAL,232.18,GBP,2025-05-21 00:00:00,44,ATM,,0
2610,25,123.0,CASH_WITHDRAWAL,858.02,GBP,2025-02-04 00:00:00,10,MOBILE,,0
2611,701,139.0,TRANSFER_IN,1173.62,GBP,2025-02-05 00:00:00,25,BRANCH,663.0,0
2612,525,57.0,TRANSFER_OUT,172.16,GBP,2025-02-08 00:00:00,39,BRANCH,198.0,0
2613,23,192.0,CREDIT,909.84,GBP,2025-08-21 00:00:00,16,MOBILE,,0
2614,250,19.0,CREDIT,290.69,GBP,2025-06-03 00:00:00,43,ATM,,0
2615,390,33.0,TRANSFER_OUT,1511.16,GBP,2025-03-08 00:00:00,7,ATM,675.0,0
2616,568,175.0,TRANSFER_OUT,828.41,GBP,2025-08-14 00:00:00,22,MOBILE,537.0,0
2617,143,26.0,TRANSFER_IN,1336.26,GBP,2025-04-10 00:00:00,23,MOBILE,718.0,0
2618,439,48.0,TRANSFER_OUT,893.01,GBP,2025-02-26 00:00:00,24,ONLINE,148.0,0
2619,500,72.0,TRANSFER_IN,1886.42,GBP,2025-07-26 00:00:00,16,ATM,375.0,0
2620,689,193.0,TRANSFER_OUT,1229.12,USD,2025-05-16 00:00:00,29,BRANCH,603.0,0
2621,437,72.0,CASH_DEPOSIT,579.52,GBP,2025-01-31 00:00:00,2,BRANCH,,0
2622,417,81.0,DEBIT,1917.35,GBP,2025-05-26 00:00:00,27,BRANCH,,0
2623,393,86.0,DEBIT,290.27,GBP,2025-08-10 00:00:00,27,MOBILE,,0
2624,769,107.0,CASH_WITHDRAWAL,986.92,GBP,2025-03-01 00:00:00,48,BRANCH,,0
2625,720,113.0,CASH_DEPOSIT,1556.36,GBP,2025-08-13 00:00:00,18,MOBILE,,0
2626,75,29.0,TRANSFER_IN,876.99,GBP,2025-04-06 00:00:00,1,MOBILE,151.0,0
2627,201,127.0,TRANSFER_OUT,1102.46,EUR,2025-03-15 00:00:00,23,ATM,741.0,0
2628,581,36.0,TRANSFER_IN,236.85,GBP,2025-06-28 00:00:00,42,ONLINE,470.0,0
2629,25,167.0,CASH_DEPOSIT,1061.75,GBP,2025-04-26 00:00:00,36,MOBILE,,0
2630,793,114.0,CASH_WITHDRAWAL,1463.62,GBP,2025-01-15 00:00:00,37,BRANCH,,0
2631,325,102.0,TRANSFER_OUT,803.4,GBP,2025-01-04 00:00:00,26,MOBILE,417.0,0
2632,646,36.0,CASH_DEPOSIT,855.55,GBP,2025-01-18 00:00:00,9,MOBILE,,0
2633,28,,DEBIT,1783.23,GBP,2025-05-13 00:00:00,19,BRANCH,,0
2634,130,65.0,CASH_DEPOSIT,411.06,EUR,2025-04-19 00:00:00,29,ATM,,0
2635,24,,CASH_DEPOSIT,336.94,USD,2025-05-08 00:00:00,47,ONLINE,,0
2636,715,3.0,TRANSFER_IN,1282.03,GBP,2025-08-23 00:00:00,19,ATM,614.0,0
2637,137,95.0,TRANSFER_OUT,563.46,GBP,2025-01-14 00:00:00,8,MOBILE,150.0,0
2638,268,196.0,DEBIT,1816.65,USD,2025-01-13 00:00:00,42,ONLINE,,0
2639,80,85.0,TRANSFER_IN,786.05,GBP,2025-07-21 00:00:00,34,ONLINE,554.0,0
2640,50,135.0,CASH_WITHDRAWAL,1021.59,GBP,2025-07-06 00:00:00,48,ONLINE,,0
2641,293,18.0,DEBIT,567.28,GBP,2025-01-17 00:00:00,23,ATM,,0
2642,395,,TRANSFER_IN,156.32,GBP,2025-03-26 00:00:00,13,ONLINE,282.0,0
2643,528,123.0,TRANSFER_IN,918.87,GBP,2025-01-13 00:00:00,13,ONLINE,640.0,0
2644,655,104.0,CASH_DEPOSIT,1863.14,GBP,2025-04-25 00:00:00,8,ATM,,0
2645,462,10.0,DEBIT,1924.32,GBP,2025-02-09 00:00:00,30,ONLINE,,0
2646,415,,CASH_DEPOSIT,1389.36,GBP,2025-02-22 00:00:00,31,ONLINE,,0
2647,447,94.0,CASH_DEPOSIT,1856.05,GBP,2025-07-24 00:00:00,34,ATM,,0
2648,116,147.0,TRANSFER_OUT,1654.07,GBP,2025-04-02 00:00:00,38,MOBILE,680.0,0
2649,204,17.0,TRANSFER_OUT,1740.22,GBP,2025-08-10 00:00:00,2,BRANCH,550.0,0
2650,213,66.0,TRANSFER_IN,1289.03,GBP,2025-03-31 00:00:00,28,BRANCH,451.0,0
2651,723,95.0,CREDIT,732.67,GBP,2025-03-05 00:00:00,38,MOBILE,,0
2652,290,103.0,CASH_WITHDRAWAL,288.34,GBP,2025-07-18 00:00:00,45,ATM,,0
2653,344,18.0,CASH_WITHDRAWAL,663.85,GBP,2025-08-26 00:00:00,28,ATM,,0
2654,562,54.0,DEBIT,1630.5,GBP,2025-01-02 00:00:00,10,BRANCH,,0
2655,210,119.0,CREDIT,960.58,GBP,2025-06-01 00:00:00,36,MOBILE,,0
2656,262,164.0,TRANSFER_IN,1622.96,GBP,2025-02-12 00:00:00,21,MOBILE,531.0,0
2657,380,,TRANSFER_OUT,217.46,GBP,2025-07-25 00:00:00,35,ATM,196.0,0
2658,8,145.0,TRANSFER_OUT,254.5,GBP,2025-01-03 00:00:00,41,ATM,784.0,0
2659,230,184.0,CREDIT,1900.51,GBP,2025-05-01 00:00:00,30,ONLINE,,0
2660,124,,CASH_DEPOSIT,588.52,GBP,2025-06-27 00:00:00,47,ATM,,0
2661,669,100.0,CREDIT,7.19,GBP,2025-01-03 00:00:00,29,ONLINE,,0
2662,150,37.0,CASH_WITHDRAWAL,1715.81,GBP,2025-03-17 00:00:00,44,BRANCH,,0
2663,501,174.0,DEBIT,700.85,GBP,2025-08-06 00:00:00,45,ATM,,0
2664,481,159.0,CASH_WITHDRAWAL,1807.07,USD,2025-01-28 00:00:00,25,BRANCH,,0
2665,727,90.0,TRANSFER_OUT,808.26,GBP,2025-03-17 00:00:00,3,ATM,537.0,0
2666,241,200.0,TRANSFER_IN,37.08,GBP,2025-04-04 00:00:00,10,MOBILE,289.0,0
2667,142,,TRANSFER_OUT,1365.89,GBP,2025-07-19 00:00:00,30,MOBILE,712.0,0
2668,187,23.0,CASH_DEPOSIT,156.5,GBP,2025-06-09 00:00:00,46,ONLINE,,0
2669,470,178.0,TRANSFER_IN,959.09,GBP,2025-01-13 00:00:00,49,ONLINE,343.0,0
2670,505,151.0,DEBIT,169.82,EUR,2025-07-10 00:00:00,45,ONLINE,,0
2671,45,182.0,CREDIT,841.02,GBP,2025-01-09 00:00:00,9,ATM,,0
2672,358,184.0,CREDIT,1340.5,GBP,2025-08-21 00:00:00,22,ATM,,0
2673,570,,CREDIT,445.21,GBP,2025-05-09 00:00:00,46,MOBILE,,0
2674,367,23.0,CASH_DEPOSIT,377.85,GBP,2025-04-14 00:00:00,31,ONLINE,,0
2675,259,182.0,CASH_DEPOSIT,1848.63,USD,2025-08-07 00:00:00,19,MOBILE,,0
2676,160,54.0,DEBIT,1885.11,EUR,2025-07-29 00:00:00,43,ATM,,0
2677,434,200.0,CASH_DEPOSIT,288.26,GBP,2025-03-27 00:00:00,17,MOBILE,,0
2678,738,33.0,TRANSFER_IN,10.21,GBP,2025-06-26 00:00:00,48,MOBILE,22.0,0
2679,560,13.0,DEBIT,611.87,GBP,2025-07-22 00:00:00,2,BRANCH,,0
2680,89,144.0,TRANSFER_IN,563.21,GBP,2025-05-07 00:00:00,8,ATM,668.0,0
2681,208,166.0,CASH_WITHDRAWAL,1452.35,USD,2025-08-19 00:00:00,27,MOBILE,,0
2682,391,196.0,CREDIT,1624.59,GBP,2025-01-15 00:00:00,4,ONLINE,,0
2683,604,153.0,CASH_DEPOSIT,473.42,GBP,2025-05-14 00:00:00,8,ONLINE,,0
2684,318,,CASH_DEPOSIT,1934.52,GBP,2025-06-14 00:00:00,15,BRANCH,,0
2685,716,,DEBIT,673.53,EUR,2025-06-09 00:00:00,44,ONLINE,,0
2686,637,13.0,TRANSFER_IN,1414.02,GBP,2025-04-17 00:00:00,28,ONLINE,249.0,0
2687,789,44.0,CASH_DEPOSIT,1832.8,GBP,2025-07-21 00:00:00,6,MOBILE,,0
2688,141,110.0,CASH_DEPOSIT,138.23,USD,2025-07-19 00:00:00,30,BRANCH,,0
2689,788,1.0,TRANSFER_IN,1823.16,GBP,2025-08-01 00:00:00,6,ONLINE,358.0,0
2690,698,55.0,CASH_WITHDRAWAL,1560.61,GBP,2025-08-09 00:00:00,40,ATM,,0
2691,510,,CASH_DEPOSIT,898.49,GBP,2025-02-05 00:00:00,7,ONLINE,,0
2692,765,171.0,TRANSFER_OUT,1214.78,GBP,2025-04-15 00:00:00,47,BRANCH,664.0,0
2693,30,27.0,TRANSFER_OUT,1625.53,GBP,2025-06-26 00:00:00,7,ATM,491.0,0
2694,408,,CREDIT,1318.11,GBP,2025-02-25 00:00:00,27,MOBILE,,0
2695,443,171.0,CASH_WITHDRAWAL,718.28,GBP,2025-06-17 00:00:00,26,MOBILE,,0
2696,471,,CREDIT,1186.29,GBP,2025-04-21 00:00:00,28,ATM,,0
2697,528,,CASH_DEPOSIT,27.33,GBP,2025-02-19 00:00:00,29,ATM,,0
2698,88,,TRANSFER_IN,342.17,GBP,2025-06-14 00:00:00,39,ONLINE,475.0,0
2699,299,62.0,TRANSFER_IN,1133.37,GBP,2025-03-24 00:00:00,22,ATM,492.0,0
2700,477,83.0,CASH_DEPOSIT,1672.71,GBP,2025-01-07 00:00:00,36,MOBILE,,0
2701,571,190.0,CASH_DEPOSIT,54.15,GBP,2025-01-19 00:00:00,46,BRANCH,,0
2702,128,28.0,TRANSFER_OUT,662.67,GBP,2025-02-18 00:00:00,37,ONLINE,143.0,0
2703,605,,TRANSFER_IN,1735.47,GBP,2025-01-24 00:00:00,35,ATM,83.0,0
2704,664,79.0,CASH_DEPOSIT,859.92,GBP,2025-06-16 00:00:00,24,ONLINE,,0
2705,5,48.0,TRANSFER_IN,543.19,GBP,2025-02-16 00:00:00,34,ATM,575.0,0
2706,504,119.0,DEBIT,1254.79,GBP,2025-07-18 00:00:00,10,MOBILE,,0
2707,19,188.0,CREDIT,683.09,GBP,2025-06-14 00:00:00,33,ATM,,0
2708,641,71.0,CREDIT,1145.38,USD,2025-06-19 00:00:00,42,BRANCH,,0
2709,153,,CREDIT,457.99,GBP,2025-06-04 00:00:00,14,ONLINE,,0
2710,650,99.0,CREDIT,1773.44,GBP,2025-09-01 00:00:00,32,MOBILE,,0
2711,21,,TRANSFER_IN,1572.07,USD,2025-02-05 00:00:00,17,ATM,373.0,0
2712,245,189.0,CASH_WITHDRAWAL,580.12,GBP,2025-07-27 00:00:00,21,ATM,,0
2713,707,165.0,TRANSFER_IN,613.63,USD,2025-08-19 00:00:00,27,ATM,262.0,0
2714,51,139.0,TRANSFER_OUT,1579.03,GBP,2025-03-19 00:00:00,17,BRANCH,225.0,0
2715,261,17.0,TRANSFER_IN,764.73,GBP,2025-05-21 00:00:00,35,ATM,363.0,0
2716,527,192.0,TRANSFER_IN,1015.82,GBP,2025-05-24 00:00:00,48,MOBILE,678.0,0
2717,362,110.0,CASH_WITHDRAWAL,324.24,GBP,2025-05-07 00:00:00,14,ATM,,0
2718,402,,CASH_DEPOSIT,629.81,GBP,2025-08-09 00:00:00,43,ATM,,0
2719,485,121.0,DEBIT,1849.0,USD,2025-03-04 00:00:00,11,ATM,,0
2720,790,,CASH_DEPOSIT,440.79,GBP,2025-03-06 00:00:00,20,MOBILE,,0
2721,747,153.0,CASH_WITHDRAWAL,677.75,GBP,2025-04-02 00:00:00,2,BRANCH,,0
2722,327,93.0,CASH_WITHDRAWAL,68.6,GBP,2025-03-10 00:00:00,26,ATM,,0
2723,170,3.0,DEBIT,918.48,GBP,2025-08-23 00:00:00,49,MOBILE,,0
2724,581,120.0,TRANSFER_OUT,458.42,GBP,2025-08-21 00:00:00,10,BRANCH,277.0,0
2725,651,89.0,CASH_WITHDRAWAL,1259.63,GBP,2025-03-03 00:00:00,36,ONLINE,,0
2726,65,86.0,CASH_DEPOSIT,1985.65,GBP,2025-01-10 00:00:00,44,MOBILE,,0
2727,706,2.0,TRANSFER_IN,1984.95,GBP,2025-02-17 00:00:00,36,ONLINE,320.0,0
2728,215,17.0,CREDIT,1818.17,GBP,2025-07-17 00:00:00,44,MOBILE,,0
2729,230,159.0,TRANSFER_IN,380.24,GBP,2025-07-05 00:00:00,7,ONLINE,146.0,0
2730,245,148.0,DEBIT,553.17,USD,2025-04-02 00:00:00,12,ATM,,0
2731,271,112.0,CASH_WITHDRAWAL,763.71,GBP,2025-06-20 00:00:00,23,ONLINE,,0
2732,709,94.0,TRANSFER_OUT,450.77,GBP,2025-07-03 00:00:00,44,BRANCH,357.0,0
2733,300,21.0,TRANSFER_IN,1265.68,GBP,2025-01-11 00:00:00,39,ONLINE,599.0,0
2734,238,21.0,TRANSFER_OUT,1332.8,USD,2025-08-01 00:00:00,23,BRANCH,774.0,0
2735,701,117.0,CASH_WITHDRAWAL,67.35,GBP,2025-02-04 00:00:00,31,MOBILE,,0
2736,557,,TRANSFER_OUT,913.98,GBP,2025-03-06 00:00:00,25,ONLINE,144.0,0
2737,89,122.0,TRANSFER_IN,1926.83,GBP,2025-07-15 00:00:00,48,MOBILE,780.0,0
2738,436,26.0,CREDIT,1507.75,GBP,2025-03-07 00:00:00,34,ONLINE,,0
2739,524,,CASH_WITHDRAWAL,886.94,GBP,2025-05-31 00:00:00,40,ONLINE,,0
2740,435,22.0,CASH_DEPOSIT,1665.35,GBP,2025-07-22 00:00:00,16,BRANCH,,0
2741,76,127.0,DEBIT,624.98,GBP,2025-03-26 00:00:00,47,MOBILE,,0
2742,129,,CASH_WITHDRAWAL,1448.53,GBP,2025-06-23 00:00:00,7,MOBILE,,0
2743,779,59.0,CASH_DEPOSIT,1839.92,GBP,2025-01-10 00:00:00,20,BRANCH,,0
2744,93,167.0,CREDIT,119.08,GBP,2025-07-28 00:00:00,16,ATM,,0
2745,305,174.0,CREDIT,1108.19,GBP,2025-03-02 00:00:00,7,MOBILE,,0
2746,262,93.0,TRANSFER_IN,885.92,GBP,2025-06-05 00:00:00,40,ONLINE,113.0,0
2747,736,152.0,DEBIT,1498.23,GBP,2025-02-19 00:00:00,6,MOBILE,,0
2748,663,112.0,CASH_DEPOSIT,748.16,EUR,2025-08-15 00:00:00,3,MOBILE,,0
2749,681,,TRANSFER_OUT,969.87,GBP,2025-01-28 00:00:00,21,ONLINE,418.0,0
2750,151,30.0,CASH_WITHDRAWAL,1872.57,GBP,2025-04-10 00:00:00,22,ONLINE,,0
2751,463,42.0,CASH_DEPOSIT,227.53,GBP,2025-06-25 00:00:00,40,ONLINE,,0
2752,762,129.0,TRANSFER_OUT,461.03,GBP,2025-02-10 00:00:00,7,MOBILE,407.0,0
2753,581,,TRANSFER_IN,888.09,GBP,2025-04-22 00:00:00,50,ATM,117.0,0
2754,792,36.0,CASH_DEPOSIT,1030.12,GBP,2025-01-01 00:00:00,29,BRANCH,,0
2755,355,,CASH_WITHDRAWAL,1239.41,GBP,2025-04-06 00:00:00,13,ONLINE,,0
2756,261,14.0,DEBIT,1618.68,GBP,2025-02-03 00:00:00,50,ATM,,0
2757,761,,CREDIT,1123.12,GBP,2025-01-09 00:00:00,14,BRANCH,,0
2758,654,15.0,CREDIT,1190.92,GBP,2025-04-26 00:00:00,49,ATM,,0
2759,49,200.0,DEBIT,548.04,GBP,2025-07-04 00:00:00,14,BRANCH,,0
2760,418,118.0,CASH_WITHDRAWAL,699.23,GBP,2025-05-18 00:00:00,46,MOBILE,,0
2761,246,139.0,CASH_DEPOSIT,197.04,GBP,2025-03-04 00:00:00,36,MOBILE,,0
2762,458,13.0,TRANSFER_IN,204.76,GBP,2025-04-07 00:00:00,4,ONLINE,559.0,0
2763,318,1.0,DEBIT,473.87,GBP,2025-02-13 00:00:00,24,MOBILE,,0
2764,178,141.0,CASH_WITHDRAWAL,397.99,GBP,2025-08-14 00:00:00,49,ATM,,0
2765,536,200.0,CASH_WITHDRAWAL,825.09,GBP,2025-01-03 00:00:00,16,ONLINE,,0
2766,665,,TRANSFER_OUT,1980.76,GBP,2025-06-03 00:00:00,1,ATM,768.0,0
2767,523,79.0,CASH_WITHDRAWAL,974.75,GBP,2025-01-12 00:00:00,3,ONLINE,,0
2768,363,66.0,CASH_WITHDRAWAL,1435.96,GBP,2025-05-02 00:00:00,1,ATM,,0
2769,117,69.0,CASH_DEPOSIT,733.54,GBP,2025-07-23 00:00:00,42,BRANCH,,0
2770,107,118.0,DEBIT,1060.53,GBP,2025-01-29 00:00:00,50,ONLINE,,0
2771,638,165.0,TRANSFER_IN,726.81,USD,2025-06-05 00:00:00,31,MOBILE,632.0,0
2772,405,100.0,DEBIT,1202.08,GBP,2025-05-08 00:00:00,6,MOBILE,,0
2773,450,176.0,DEBIT,1377.76,GBP,2025-05-09 00:00:00,27,MOBILE,,0
2774,436,91.0,TRANSFER_OUT,217.57,GBP,2025-07-15 00:00:00,25,ATM,557.0,0
2775,225,,TRANSFER_IN,730.1,GBP,2025-01-26 00:00:00,13,ATM,766.0,0
2776,294,,DEBIT,335.92,GBP,2025-06-25 00:00:00,42,BRANCH,,0
2777,684,18.0,TRANSFER_IN,597.75,GBP,2025-04-08 00:00:00,12,ATM,435.0,0
2778,210,1.0,TRANSFER_IN,1903.1,GBP,2025-07-26 00:00:00,30,ATM,798.0,0
2779,100,45.0,CASH_WITHDRAWAL,1343.53,GBP,2025-03-17 00:00:00,33,MOBILE,,0
2780,116,137.0,CASH_WITHDRAWAL,845.89,USD,2025-03-09 00:00:00,31,ONLINE,,0
2781,257,97.0,CASH_DEPOSIT,1954.03,GBP,2025-05-11 00:00:00,31,ONLINE,,0
2782,222,144.0,CREDIT,10.96,GBP,2025-02-26 00:00:00,32,MOBILE,,0
2783,412,177.0,DEBIT,1532.19,GBP,2025-02-16 00:00:00,48,MOBILE,,0
2784,799,,CASH_DEPOSIT,231.66,GBP,2025-05-04 00:00:00,4,ATM,,0
2785,338,72.0,DEBIT,92.14,GBP,2025-04-07 00:00:00,48,MOBILE,,0
2786,593,140.0,TRANSFER_OUT,344.83,GBP,2025-03-13 00:00:00,31,ONLINE,532.0,0
2787,198,138.0,DEBIT,895.47,GBP,2025-08-31 00:00:00,26,ONLINE,,0
2788,492,115.0,CASH_DEPOSIT,1227.58,GBP,2025-07-06 00:00:00,34,BRANCH,,0
2789,591,73.0,CASH_DEPOSIT,1230.53,GBP,2025-01-15 00:00:00,21,MOBILE,,0
2790,139,32.0,DEBIT,561.92,USD,2025-04-17 00:00:00,23,ONLINE,,0
2791,567,170.0,DEBIT,1989.83,EUR,2025-04-21 00:00:00,5,ATM,,0
2792,217,176.0,CASH_WITHDRAWAL,630.2,EUR,2025-04-15 00:00:00,13,ONLINE,,0
2793,173,94.0,TRANSFER_IN,900.02,GBP,2025-08-10 00:00:00,49,ATM,106.0,0
2794,429,156.0,TRANSFER_OUT,439.75,EUR,2025-01-23 00:00:00,37,MOBILE,539.0,0
2795,707,166.0,CASH_DEPOSIT,1774.68,GBP,2025-05-16 00:00:00,11,ONLINE,,0
2796,117,165.0,DEBIT,1001.68,GBP,2025-05-07 00:00:00,23,MOBILE,,0
2797,700,30.0,TRANSFER_OUT,447.5,EUR,2025-04-18 00:00:00,8,MOBILE,79.0,0
2798,482,135.0,TRANSFER_IN,539.18,GBP,2025-08-06 00:00:00,3,BRANCH,706.0,0
2799,617,,CREDIT,955.06,GBP,2025-04-02 00:00:00,48,BRANCH,,0
2800,381,86.0,CASH_DEPOSIT,453.69,GBP,2025-08-20 00:00:00,16,ONLINE,,0
2801,157,72.0,CASH_WITHDRAWAL,439.57,GBP,2025-02-07 00:00:00,21,BRANCH,,0
2802,109,70.0,DEBIT,1668.09,GBP,2025-02-17 00:00:00,21,ONLINE,,0
2803,645,66.0,TRANSFER_OUT,1735.95,EUR,2025-07-29 00:00:00,46,MOBILE,724.0,0
2804,193,10.0,DEBIT,1393.95,GBP,2025-05-27 00:00:00,39,BRANCH,,0
2805,367,54.0,CASH_WITHDRAWAL,1546.26,GBP,2025-03-01 00:00:00,7,BRANCH,,0
2806,399,14.0,CASH_DEPOSIT,488.51,USD,2025-06-03 00:00:00,26,BRANCH,,0
2807,794,,DEBIT,1302.97,GBP,2025-06-19 00:00:00,20,BRANCH,,0
2808,594,35.0,CASH_WITHDRAWAL,558.74,GBP,2025-05-24 00:00:00,48,MOBILE,,0
2809,720,124.0,CASH_WITHDRAWAL,1553.92,GBP,2025-06-16 00:00:00,49,ONLINE,,0
2810,429,17.0,DEBIT,1755.3,GBP,2025-06-09 00:00:00,31,MOBILE,,0
2811,440,123.0,CASH_WITHDRAWAL,276.49,GBP,2025-02-27 00:00:00,46,BRANCH,,0
2812,12,47.0,TRANSFER_IN,269.55,GBP,2025-02-13 00:00:00,48,BRANCH,97.0,0
2813,705,185.0,CREDIT,1622.46,GBP,2025-06-22 00:00:00,16,MOBILE,,0
2814,752,81.0,TRANSFER_IN,1804.07,GBP,2025-05-20 00:00:00,7,BRANCH,298.0,0
2815,275,195.0,CASH_DEPOSIT,1745.87,GBP,2025-06-21 00:00:00,43,ONLINE,,0
2816,162,63.0,TRANSFER_IN,19.61,GBP,2025-04-23 00:00:00,27,BRANCH,719.0,0
2817,94,189.0,CASH_DEPOSIT,854.46,GBP,2025-03-28 00:00:00,27,BRANCH,,0
2818,9,148.0,TRANSFER_IN,210.59,GBP,2025-02-19 00:00:00,40,ONLINE,198.0,0
2819,479,80.0,CASH_WITHDRAWAL,272.8,GBP,2025-01-24 00:00:00,44,ONLINE,,0
2820,521,,CREDIT,774.16,GBP,2025-08-19 00:00:00,50,ONLINE,,0
2821,28,82.0,TRANSFER_OUT,642.45,GBP,2025-07-11 00:00:00,37,MOBILE,37.0,0
2822,650,,CREDIT,963.17,GBP,2025-04-21 00:00:00,38,ATM,,0
2823,615,43.0,CASH_DEPOSIT,697.21,GBP,2025-04-09 00:00:00,6,BRANCH,,0
2824,96,,CASH_WITHDRAWAL,1646.33,GBP,2025-02-19 00:00:00,39,ONLINE,,0
2825,637,79.0,CREDIT,564.48,GBP,2025-02-08 00:00:00,19,ONLINE,,0
2826,388,46.0,CASH_DEPOSIT,1490.64,GBP,2025-02-18 00:00:00,13,BRANCH,,0
2827,691,155.0,CREDIT,1904.78,GBP,2025-05-01 00:00:00,24,ONLINE,,0
2828,756,112.0,CASH_DEPOSIT,512.53,GBP,2025-04-22 00:00:00,50,BRANCH,,0
2829,295,64.0,CASH_WITHDRAWAL,1126.23,GBP,2025-06-08 00:00:00,9,BRANCH,,0
2830,352,69.0,CREDIT,683.35,GBP,2025-05-28 00:00:00,23,MOBILE,,0
2831,778,,CASH_WITHDRAWAL,1807.32,GBP,2025-06-09 00:00:00,24,BRANCH,,0
2832,492,,DEBIT,501.23,GBP,2025-08-20 00:00:00,39,ATM,,0
2833,291,83.0,CASH_DEPOSIT,196.77,USD,2025-03-26 00:00:00,3,BRANCH,,0
2834,469,141.0,CASH_DEPOSIT,406.81,GBP,2025-06-01 00:00:00,38,BRANCH,,0
2835,281,131.0,TRANSFER_OUT,428.47,GBP,2025-03-14 00:00:00,48,ATM,683.0,0
2836,387,112.0,TRANSFER_OUT,902.7,GBP,2025-05-29 00:00:00,17,ATM,17.0,0
2837,419,118.0,CASH_WITHDRAWAL,1707.44,GBP,2025-08-12 00:00:00,28,ONLINE,,0
2838,88,,CASH_DEPOSIT,883.43,GBP,2025-01-07 00:00:00,49,MOBILE,,0
2839,537,184.0,TRANSFER_OUT,209.74,GBP,2025-08-01 00:00:00,23,ATM,443.0,0
2840,746,168.0,TRANSFER_IN,157.76,GBP,2025-04-19 00:00:00,2,ONLINE,394.0,0
2841,504,67.0,CASH_DEPOSIT,1774.2,GBP,2025-02-22 00:00:00,19,MOBILE,,0
2842,377,164.0,TRANSFER_OUT,1153.09,GBP,2025-08-15 00:00:00,18,BRANCH,778.0,0
2843,18,105.0,TRANSFER_OUT,1714.46,GBP,2025-08-31 00:00:00,15,ATM,352.0,0
2844,319,183.0,CASH_WITHDRAWAL,1802.9,USD,2025-01-19 00:00:00,31,MOBILE,,0
2845,340,,DEBIT,604.82,GBP,2025-02-03 00:00:00,22,ONLINE,,0
2846,699,,CASH_DEPOSIT,650.83,GBP,2025-05-06 00:00:00,28,MOBILE,,0
2847,774,78.0,CASH_DEPOSIT,1985.47,GBP,2025-04-16 00:00:00,49,MOBILE,,0
2848,530,147.0,CREDIT,1518.69,GBP,2025-05-24 00:00:00,4,ATM,,0
2849,201,90.0,CREDIT,42.8,GBP,2025-01-06 00:00:00,50,ONLINE,,0
2850,783,141.0,CASH_DEPOSIT,757.86,GBP,2025-07-26 00:00:00,40,MOBILE,,0
2851,2,165.0,CASH_DEPOSIT,1720.01,GBP,2025-08-11 00:00:00,46,ATM,,0
2852,471,97.0,TRANSFER_OUT,102.3,GBP,2025-03-25 00:00:00,27,MOBILE,53.0,0
2853,199,56.0,TRANSFER_IN,611.57,GBP,2025-06-10 00:00:00,39,BRANCH,413.0,0
2854,521,97.0,CASH_WITHDRAWAL,1478.81,GBP,2025-01-27 00:00:00,35,ONLINE,,0
2855,691,,CREDIT,448.59,GBP,2025-04-18 00:00:00,6,ATM,,0
2856,732,,DEBIT,899.74,GBP,2025-02-01 00:00:00,29,BRANCH,,0
2857,287,,TRANSFER_OUT,925.79,GBP,2025-06-22 00:00:00,27,MOBILE,398.0,0
2858,251,,TRANSFER_OUT,1078.67,GBP,2025-05-11 00:00:00,40,ATM,508.0,0
2859,272,198.0,TRANSFER_IN,1228.49,GBP,2025-06-16 00:00:00,16,BRANCH,515.0,0
2860,730,151.0,TRANSFER_IN,1697.64,GBP,2025-04-28 00:00:00,17,ONLINE,772.0,0
2861,246,120.0,TRANSFER_OUT,1117.36,GBP,2025-03-09 00:00:00,10,ONLINE,492.0,0
2862,432,21.0,TRANSFER_IN,1195.56,GBP,2025-03-18 00:00:00,6,ONLINE,325.0,0
2863,773,54.0,CASH_WITHDRAWAL,1555.03,GBP,2025-05-31 00:00:00,4,ONLINE,,0
2864,659,147.0,TRANSFER_IN,1478.26,GBP,2025-04-06 00:00:00,26,BRANCH,744.0,0
2865,519,191.0,TRANSFER_IN,1446.09,GBP,2025-05-15 00:00:00,22,ATM,375.0,0
2866,252,47.0,CREDIT,1730.51,GBP,2025-04-16 00:00:00,28,ONLINE,,0
2867,647,172.0,DEBIT,1724.09,GBP,2025-04-30 00:00:00,2,ONLINE,,0
2868,72,63.0,TRANSFER_IN,1171.9,GBP,2025-04-03 00:00:00,27,ONLINE,81.0,0
2869,615,154.0,CASH_DEPOSIT,1137.55,GBP,2025-08-02 00:00:00,21,ONLINE,,0
2870,89,175.0,TRANSFER_IN,1007.25,GBP,2025-04-25 00:00:00,18,ATM,437.0,0
2871,79,79.0,TRANSFER_OUT,900.11,USD,2025-05-11 00:00:00,32,ONLINE,288.0,0
2872,738,150.0,TRANSFER_OUT,802.79,GBP,2025-07-20 00:00:00,25,MOBILE,726.0,0
2873,629,96.0,CASH_WITHDRAWAL,270.67,GBP,2025-06-03 00:00:00,38,BRANCH,,0
2874,18,159.0,DEBIT,556.07,GBP,2025-03-01 00:00:00,45,MOBILE,,0
2875,4,148.0,CASH_WITHDRAWAL,375.94,GBP,2025-03-15 00:00:00,2,BRANCH,,0
2876,285,,CASH_WITHDRAWAL,487.73,GBP,2025-02-14 00:00:00,10,ONLINE,,0
2877,260,18.0,CREDIT,1751.96,GBP,2025-04-07 00:00:00,3,BRANCH,,0
2878,497,63.0,CREDIT,1105.77,GBP,2025-03-06 00:00:00,30,BRANCH,,0
2879,172,77.0,TRANSFER_IN,1656.09,GBP,2025-03-25 00:00:00,39,BRANCH,289.0,0
2880,106,192.0,CASH_WITHDRAWAL,337.13,GBP,2025-07-20 00:00:00,33,ATM,,0
2881,661,92.0,DEBIT,1076.85,GBP,2025-06-29 00:00:00,49,ATM,,0
2882,424,128.0,TRANSFER_OUT,608.38,GBP,2025-02-22 00:00:00,24,ONLINE,518.0,0
2883,691,37.0,TRANSFER_IN,1030.66,GBP,2025-08-19 00:00:00,27,BRANCH,548.0,0
2884,81,160.0,CASH_DEPOSIT,1552.76,GBP,2025-02-12 00:00:00,45,ONLINE,,0
2885,501,84.0,TRANSFER_IN,1754.26,GBP,2025-01-15 00:00:00,37,BRANCH,723.0,0
2886,694,20.0,CREDIT,1942.4,GBP,2025-04-07 00:00:00,22,BRANCH,,0
2887,532,,DEBIT,756.7,GBP,2025-06-08 00:00:00,12,MOBILE,,0
2888,551,25.0,CASH_DEPOSIT,444.58,GBP,2025-05-27 00:00:00,6,ONLINE,,0
2889,750,51.0,CASH_DEPOSIT,134.74,GBP,2025-04-09 00:00:00,13,BRANCH,,0
2890,131,45.0,TRANSFER_IN,1829.88,GBP,2025-06-05 00:00:00,24,ATM,763.0,0
2891,248,,DEBIT,1681.63,GBP,2025-01-27 00:00:00,12,ONLINE,,0
2892,528,121.0,CREDIT,593.91,USD,2025-07-05 00:00:00,26,ONLINE,,0
2893,202,86.0,CASH_WITHDRAWAL,715.94,GBP,2025-01-14 00:00:00,5,BRANCH,,0
2894,229,16.0,TRANSFER_IN,597.18,GBP,2025-05-17 00:00:00,6,ONLINE,49.0,0
2895,632,,CASH_WITHDRAWAL,817.5,GBP,2025-03-19 00:00:00,43,BRANCH,,0
2896,328,190.0,CASH_WITHDRAWAL,867.16,GBP,2025-03-20 00:00:00,21,BRANCH,,0
2897,123,190.0,CREDIT,1197.28,GBP,2025-04-15 00:00:00,40,BRANCH,,0
2898,350,107.0,TRANSFER_IN,1370.45,EUR,2025-01-06 00:00:00,27,ONLINE,712.0,0
2899,767,165.0,TRANSFER_OUT,1381.59,GBP,2025-01-16 00:00:00,49,MOBILE,164.0,0
2900,681,190.0,DEBIT,811.97,GBP,2025-07-31 00:00:00,33,MOBILE,,0
2901,156,163.0,TRANSFER_OUT,714.9,GBP,2025-02-13 00:00:00,42,ATM,634.0,0
2902,583,38.0,DEBIT,1060.51,GBP,2025-05-08 00:00:00,37,ONLINE,,0
2903,764,89.0,CASH_DEPOSIT,464.64,GBP,2025-06-12 00:00:00,41,BRANCH,,0
2904,505,34.0,CASH_DEPOSIT,1256.46,GBP,2025-02-21 00:00:00,11,MOBILE,,0
2905,32,166.0,CASH_WITHDRAWAL,929.29,GBP,2025-05-24 00:00:00,22,ATM,,0
2906,753,49.0,CASH_DEPOSIT,928.85,GBP,2025-06-06 00:00:00,23,ONLINE,,0
2907,303,184.0,DEBIT,665.71,EUR,2025-06-30 00:00:00,10,ATM,,0
2908,17,,DEBIT,579.63,GBP,2025-07-22 00:00:00,12,BRANCH,,0
2909,14,92.0,TRANSFER_IN,1773.39,GBP,2025-07-25 00:00:00,26,BRANCH,43.0,0
2910,736,66.0,DEBIT,1270.96,USD,2025-04-22 00:00:00,26,BRANCH,,0
2911,210,100.0,TRANSFER_IN,1255.87,GBP,2025-07-26 00:00:00,9,MOBILE,528.0,0
2912,573,131.0,CASH_DEPOSIT,888.38,USD,2025-04-19 00:00:00,45,MOBILE,,0
2913,76,169.0,DEBIT,836.3,GBP,2025-08-26 00:00:00,9,ONLINE,,0
2914,91,,CASH_WITHDRAWAL,1736.93,GBP,2025-01-03 00:00:00,18,ATM,,0
2915,604,193.0,TRANSFER_OUT,1805.59,GBP,2025-05-28 00:00:00,40,ONLINE,220.0,0
2916,522,85.0,DEBIT,1521.06,GBP,2025-08-08 00:00:00,34,BRANCH,,0
2917,748,44.0,CASH_WITHDRAWAL,1141.23,GBP,2025-05-31 00:00:00,46,ONLINE,,0
2918,266,145.0,CASH_WITHDRAWAL,100.32,GBP,2025-03-20 00:00:00,29,MOBILE,,0
2919,575,92.0,DEBIT,1914.84,GBP,2025-02-25 00:00:00,41,ONLINE,,0
2920,578,57.0,CREDIT,1316.73,GBP,2025-01-03 00:00:00,36,BRANCH,,0
2921,523,104.0,CASH_WITHDRAWAL,1059.8,GBP,2025-08-02 00:00:00,22,ATM,,0
2922,706,152.0,CREDIT,738.28,GBP,2025-06-19 00:00:00,35,MOBILE,,0
2923,163,43.0,CASH_WITHDRAWAL,1075.36,GBP,2025-07-15 00:00:00,8,MOBILE,,0
2924,158,54.0,DEBIT,876.4,GBP,2025-03-29 00:00:00,28,BRANCH,,0
2925,698,,TRANSFER_OUT,972.49,GBP,2025-05-07 00:00:00,33,ONLINE,626.0,0
2926,409,142.0,CREDIT,961.86,GBP,2025-03-13 00:00:00,37,BRANCH,,0
2927,589,38.0,DEBIT,465.95,GBP,2025-01-21 00:00:00,31,BRANCH,,0
2928,353,182.0,TRANSFER_IN,1201.4,GBP,2025-05-09 00:00:00,45,ATM,282.0,0
2929,551,71.0,DEBIT,1934.1,GBP,2025-06-12 00:00:00,19,ATM,,0
2930,701,,CREDIT,859.94,GBP,2025-01-31 00:00:00,48,ONLINE,,0
2931,632,109.0,TRANSFER_IN,672.62,GBP,2025-04-15 00:00:00,23,BRANCH,74.0,0
2932,786,165.0,TRANSFER_OUT,624.81,GBP,2025-04-14 00:00:00,29,ATM,244.0,0
2933,740,13.0,CASH_DEPOSIT,1911.05,GBP,2025-05-10 00:00:00,12,ONLINE,,0
2934,113,50.0,DEBIT,176.29,GBP,2025-05-28 00:00:00,31,MOBILE,,0
2935,177,,CREDIT,256.87,GBP,2025-05-19 00:00:00,48,MOBILE,,0
2936,313,154.0,CREDIT,961.8,GBP,2025-01-13 00:00:00,37,BRANCH,,0
2937,447,13.0,DEBIT,1609.91,EUR,2025-03-12 00:00:00,1,MOBILE,,0
2938,202,,CASH_DEPOSIT,14.99,GBP,2025-03-27 00:00:00,15,ATM,,0
2939,766,135.0,TRANSFER_OUT,803.49,GBP,2025-01-27 00:00:00,23,BRANCH,268.0,0
2940,280,5.0,TRANSFER_IN,493.87,GBP,2025-04-11 00:00:00,3,ATM,497.0,0
2941,274,,TRANSFER_OUT,1267.82,GBP,2025-02-04 00:00:00,4,BRANCH,768.0,0
2942,212,179.0,TRANSFER_IN,1249.98,GBP,2025-06-03 00:00:00,45,MOBILE,728.0,0
2943,544,,TRANSFER_IN,820.49,GBP,2025-08-25 00:00:00,44,MOBILE,514.0,0
2944,374,44.0,DEBIT,1759.56,USD,2025-07-04 00:00:00,42,MOBILE,,0
2945,571,6.0,CASH_WITHDRAWAL,996.77,GBP,2025-03-23 00:00:00,36,MOBILE,,0
2946,92,,TRANSFER_OUT,368.87,GBP,2025-08-30 00:00:00,39,BRANCH,408.0,0
2947,490,69.0,TRANSFER_IN,1498.03,GBP,2025-05-24 00:00:00,40,ONLINE,493.0,0
2948,352,145.0,CASH_WITHDRAWAL,1141.19,GBP,2025-05-10 00:00:00,5,ATM,,0
2949,495,18.0,CREDIT,1147.31,GBP,2025-03-18 00:00:00,7,BRANCH,,0
2950,619,87.0,CREDIT,1346.01,GBP,2025-03-12 00:00:00,40,MOBILE,,0
2951,533,195.0,CREDIT,1037.11,GBP,2025-06-19 00:00:00,37,ATM,,0
2952,279,112.0,TRANSFER_IN,761.57,GBP,2025-08-18 00:00:00,3,ATM,20.0,0
2953,371,186.0,CASH_DEPOSIT,530.33,GBP,2025-02-23 00:00:00,41,BRANCH,,0
2954,228,,TRANSFER_OUT,1076.4,GBP,2025-01-27 00:00:00,22,ATM,578.0,0
2955,179,,CASH_WITHDRAWAL,10.33,GBP,2025-07-16 00:00:00,40,ONLINE,,0
2956,499,178.0,CREDIT,600.42,GBP,2025-02-23 00:00:00,24,ATM,,0
2957,478,14.0,CASH_WITHDRAWAL,100.24,GBP,2025-03-27 00:00:00,42,BRANCH,,0
2958,474,59.0,TRANSFER_IN,1231.05,GBP,2025-06-19 00:00:00,5,BRANCH,711.0,0
2959,550,45.0,TRANSFER_IN,1885.46,GBP,2025-05-09 00:00:00,22,ATM,261.0,0
2960,107,70.0,CASH_WITHDRAWAL,1932.98,GBP,2025-03-21 00:00:00,7,ATM,,0
2961,547,167.0,TRANSFER_IN,937.85,GBP,2025-03-22 00:00:00,10,MOBILE,149.0,0
2962,550,96.0,TRANSFER_IN,1107.61,GBP,2025-06-22 00:00:00,48,BRANCH,498.0,0
2963,765,125.0,TRANSFER_IN,1856.29,GBP,2025-04-15 00:00:00,26,ONLINE,160.0,0
2964,544,68.0,CASH_WITHDRAWAL,1282.35,GBP,2025-04-16 00:00:00,11,MOBILE,,0
2965,219,168.0,CASH_WITHDRAWAL,607.39,GBP,2025-01-05 00:00:00,30,ONLINE,,0
2966,258,152.0,TRANSFER_OUT,1269.03,GBP,2025-07-06 00:00:00,32,ATM,738.0,0
2967,711,75.0,DEBIT,1114.16,GBP,2025-05-27 00:00:00,22,ONLINE,,0
2968,531,128.0,TRANSFER_IN,748.86,GBP,2025-01-10 00:00:00,8,ATM,27.0,0
2969,196,100.0,DEBIT,43.49,GBP,2025-06-07 00:00:00,44,ONLINE,,0
2970,675,,DEBIT,879.47,GBP,2025-04-09 00:00:00,30,BRANCH,,0
2971,589,140.0,TRANSFER_OUT,1402.95,GBP,2025-05-16 00:00:00,21,BRANCH,697.0,0
2972,101,181.0,CREDIT,224.13,GBP,2025-05-29 00:00:00,50,MOBILE,,0
2973,681,150.0,TRANSFER_OUT,893.11,GBP,2025-04-01 00:00:00,13,ATM,499.0,0
2974,246,173.0,TRANSFER_IN,1407.95,GBP,2025-01-12 00:00:00,32,ONLINE,466.0,0
2975,132,138.0,CREDIT,543.83,GBP,2025-02-24 00:00:00,15,BRANCH,,0
2976,110,157.0,DEBIT,153.45,GBP,2025-06-04 00:00:00,30,BRANCH,,0
2977,169,80.0,CASH_DEPOSIT,457.29,GBP,2025-06-22 00:00:00,15,BRANCH,,0
2978,492,187.0,CASH_DEPOSIT,831.02,GBP,2025-08-15 00:00:00,5,BRANCH,,0
2979,533,,CREDIT,1408.67,EUR,2025-06-20 00:00:00,4,ATM,,0
2980,690,94.0,CASH_WITHDRAWAL,876.72,GBP,2025-07-28 00:00:00,10,ATM,,0
2981,26,88.0,CREDIT,1897.42,GBP,2025-03-02 00:00:00,47,ATM,,0
2982,606,,CASH_WITHDRAWAL,1557.92,GBP,2025-08-15 00:00:00,33,ATM,,0
2983,440,,DEBIT,181.48,GBP,2025-02-02 00:00:00,13,MOBILE,,0
2984,78,169.0,CREDIT,647.93,GBP,2025-04-07 00:00:00,6,ONLINE,,0
2985,600,165.0,CASH_DEPOSIT,1137.38,USD,2025-07-27 00:00:00,40,BRANCH,,0
2986,404,,TRANSFER_IN,905.75,GBP,2025-06-11 00:00:00,18,ATM,382.0,0
2987,717,96.0,CASH_WITHDRAWAL,1638.85,GBP,2025-08-25 00:00:00,5,ONLINE,,0
2988,534,198.0,CASH_WITHDRAWAL,1066.99,USD,2025-01-22 00:00:00,14,ATM,,0
2989,461,5.0,CASH_WITHDRAWAL,679.56,GBP,2025-05-22 00:00:00,42,ONLINE,,0
2990,707,114.0,CASH_WITHDRAWAL,860.53,GBP,2025-01-26 00:00:00,35,BRANCH,,0
2991,509,,TRANSFER_IN,767.09,GBP,2025-01-08 00:00:00,5,BRANCH,678.0,0
2992,535,63.0,TRANSFER_IN,537.59,GBP,2025-01-25 00:00:00,8,MOBILE,454.0,0
2993,174,100.0,DEBIT,395.21,GBP,2025-08-13 00:00:00,50,ATM,,0
2994,299,124.0,DEBIT,1465.97,GBP,2025-04-18 00:00:00,43,ATM,,0
2995,446,140.0,CREDIT,1552.08,GBP,2025-07-09 00:00:00,39,BRANCH,,0
2996,3,168.0,TRANSFER_OUT,1379.64,GBP,2025-04-17 00:00:00,12,ONLINE,511.0,0
2997,151,140.0,CASH_DEPOSIT,1691.88,GBP,2025-01-13 00:00:00,43,BRANCH,,0
2998,106,148.0,CREDIT,94.21,EUR,2025-04-10 00:00:00,20,BRANCH,,0
2999,411,110.0,TRANSFER_OUT,600.53,GBP,2025-01-22 00:00:00,26,ONLINE,331.0,0
3000,736,,CREDIT,1220.41,GBP,2025-07-20 00:00:00,17,ONLINE,,0
3001,579,193.0,TRANSFER_OUT,1292.12,GBP,2025-02-03 00:00:00,22,ONLINE,723.0,0
3002,611,14.0,DEBIT,1106.86,GBP,2025-04-06 00:00:00,36,ONLINE,,0
3003,193,140.0,CREDIT,1161.26,GBP,2025-01-03 00:00:00,30,BRANCH,,0
3004,180,86.0,CREDIT,138.63,GBP,2025-08-19 00:00:00,26,MOBILE,,0
3005,800,,CREDIT,806.05,GBP,2025-02-14 00:00:00,8,ATM,,0
3006,586,194.0,DEBIT,1103.05,GBP,2025-04-04 00:00:00,18,ONLINE,,0
3007,145,,CASH_DEPOSIT,467.65,GBP,2025-04-05 00:00:00,35,MOBILE,,0
3008,775,77.0,CREDIT,1366.47,GBP,2025-01-22 00:00:00,1,ATM,,0
3009,371,84.0,DEBIT,962.64,GBP,2025-03-06 00:00:00,25,MOBILE,,0
3010,791,89.0,DEBIT,56.87,GBP,2025-01-21 00:00:00,20,ONLINE,,0
3011,784,140.0,CREDIT,382.85,GBP,2025-04-05 00:00:00,33,ATM,,0
3012,580,57.0,TRANSFER_IN,1617.01,USD,2025-01-26 00:00:00,32,ATM,84.0,0
3013,498,50.0,DEBIT,694.07,GBP,2025-08-21 00:00:00,4,BRANCH,,0
3014,76,179.0,TRANSFER_OUT,14.6,GBP,2025-04-11 00:00:00,17,MOBILE,780.0,0
3015,650,152.0,TRANSFER_IN,421.62,GBP,2025-05-24 00:00:00,17,ONLINE,775.0,0
3016,571,104.0,TRANSFER_OUT,932.25,GBP,2025-08-08 00:00:00,4,ONLINE,398.0,0
3017,287,84.0,CASH_WITHDRAWAL,1686.37,USD,2025-06-23 00:00:00,41,MOBILE,,0
3018,82,121.0,CREDIT,93.99,GBP,2025-03-09 00:00:00,38,ATM,,0
3019,767,,CASH_WITHDRAWAL,905.12,USD,2025-08-18 00:00:00,17,BRANCH,,0
3020,120,78.0,CASH_DEPOSIT,565.41,GBP,2025-01-12 00:00:00,38,BRANCH,,0
3021,718,,TRANSFER_OUT,1452.1,GBP,2025-01-30 00:00:00,35,ONLINE,353.0,0
3022,397,88.0,TRANSFER_IN,328.58,GBP,2025-06-02 00:00:00,50,BRANCH,594.0,0
3023,736,,TRANSFER_OUT,830.05,GBP,2025-01-28 00:00:00,4,ATM,590.0,0
3024,485,116.0,TRANSFER_IN,583.41,GBP,2025-04-18 00:00:00,22,ATM,154.0,0
3025,525,117.0,CREDIT,337.01,GBP,2025-02-23 00:00:00,19,BRANCH,,0
3026,275,,CASH_WITHDRAWAL,54.33,GBP,2025-01-03 00:00:00,39,BRANCH,,0
3027,702,90.0,CASH_WITHDRAWAL,836.64,GBP,2025-04-08 00:00:00,47,MOBILE,,0
3028,666,105.0,DEBIT,440.88,GBP,2025-04-15 00:00:00,36,ATM,,0
3029,35,114.0,TRANSFER_OUT,1781.29,GBP,2025-04-06 00:00:00,30,ONLINE,776.0,0
3030,670,145.0,TRANSFER_OUT,292.91,GBP,2025-04-30 00:00:00,38,MOBILE,764.0,0
3031,778,,DEBIT,1341.81,GBP,2025-08-31 00:00:00,29,MOBILE,,0
3032,367,142.0,CASH_DEPOSIT,841.79,GBP,2025-07-23 00:00:00,3,ATM,,0
3033,553,,CASH_WITHDRAWAL,1832.99,GBP,2025-02-11 00:00:00,15,MOBILE,,0
3034,701,,CREDIT,108.51,GBP,2025-06-07 00:00:00,38,MOBILE,,0
3035,259,6.0,TRANSFER_OUT,1629.72,USD,2025-05-25 00:00:00,17,MOBILE,697.0,0
3036,3,89.0,CASH_WITHDRAWAL,265.38,GBP,2025-05-18 00:00:00,26,BRANCH,,0
3037,798,79.0,DEBIT,277.4,GBP,2025-05-04 00:00:00,46,ONLINE,,0
3038,34,68.0,TRANSFER_IN,1064.47,GBP,2025-03-28 00:00:00,19,ATM,799.0,0
3039,349,30.0,CASH_DEPOSIT,1265.34,GBP,2025-05-14 00:00:00,1,BRANCH,,0
3040,171,80.0,CREDIT,1061.17,GBP,2025-03-05 00:00:00,29,ATM,,0
3041,779,,CREDIT,733.5,GBP,2025-05-03 00:00:00,36,ATM,,0
3042,564,115.0,CASH_DEPOSIT,796.79,GBP,2025-01-11 00:00:00,15,MOBILE,,0
3043,173,20.0,TRANSFER_OUT,73.19,USD,2025-05-24 00:00:00,26,ATM,214.0,0
3044,607,170.0,CREDIT,1082.19,GBP,2025-05-15 00:00:00,50,ATM,,0
3045,164,,CASH_DEPOSIT,996.64,GBP,2025-06-29 00:00:00,5,BRANCH,,0
3046,162,,CASH_DEPOSIT,727.77,GBP,2025-05-28 00:00:00,8,ATM,,0
3047,683,80.0,TRANSFER_IN,234.14,GBP,2025-02-19 00:00:00,49,MOBILE,555.0,0
3048,571,121.0,DEBIT,43.68,GBP,2025-01-11 00:00:00,12,ATM,,0
3049,320,21.0,CREDIT,1878.3,GBP,2025-02-10 00:00:00,47,ONLINE,,0
3050,85,126.0,TRANSFER_IN,598.63,EUR,2025-04-12 00:00:00,18,ATM,635.0,0
3051,141,179.0,DEBIT,115.83,USD,2025-04-17 00:00:00,9,ATM,,0
3052,328,5.0,DEBIT,714.25,GBP,2025-06-24 00:00:00,37,ATM,,0
3053,259,14.0,CREDIT,1736.1,GBP,2025-05-04 00:00:00,35,BRANCH,,0
3054,300,49.0,CREDIT,31.73,USD,2025-02-06 00:00:00,16,MOBILE,,0
3055,408,165.0,DEBIT,855.36,GBP,2025-08-10 00:00:00,17,BRANCH,,0
3056,457,,CREDIT,462.09,GBP,2025-01-20 00:00:00,18,BRANCH,,0
3057,513,159.0,CASH_WITHDRAWAL,923.31,GBP,2025-01-12 00:00:00,47,ONLINE,,0
3058,580,156.0,TRANSFER_OUT,1340.27,GBP,2025-02-03 00:00:00,23,ONLINE,586.0,0
3059,134,144.0,CREDIT,1101.67,GBP,2025-02-02 00:00:00,16,MOBILE,,0
3060,722,145.0,TRANSFER_OUT,1684.35,GBP,2025-05-28 00:00:00,42,MOBILE,773.0,0
3061,489,130.0,CREDIT,1188.81,GBP,2025-05-18 00:00:00,41,BRANCH,,0
3062,331,,DEBIT,861.57,GBP,2025-06-04 00:00:00,42,ATM,,0
3063,86,43.0,DEBIT,1808.56,GBP,2025-08-01 00:00:00,30,BRANCH,,0
3064,713,,TRANSFER_IN,1829.91,GBP,2025-07-27 00:00:00,30,MOBILE,597.0,0
3065,422,34.0,TRANSFER_IN,1204.57,GBP,2025-05-20 00:00:00,16,ONLINE,183.0,0
3066,308,121.0,CASH_WITHDRAWAL,901.82,GBP,2025-06-15 00:00:00,28,ATM,,0
3067,492,193.0,TRANSFER_IN,597.65,GBP,2025-02-20 00:00:00,41,BRANCH,312.0,0
3068,638,,CASH_DEPOSIT,993.34,GBP,2025-08-10 00:00:00,25,BRANCH,,0
3069,488,104.0,CASH_WITHDRAWAL,1703.56,GBP,2025-05-13 00:00:00,44,ONLINE,,0
3070,161,147.0,DEBIT,1526.98,GBP,2025-08-26 00:00:00,35,ONLINE,,0
3071,657,76.0,TRANSFER_OUT,1164.46,GBP,2025-01-13 00:00:00,41,ONLINE,739.0,0
3072,52,3.0,CASH_DEPOSIT,136.3,GBP,2025-05-04 00:00:00,15,ATM,,0
3073,426,43.0,TRANSFER_OUT,766.98,GBP,2025-06-27 00:00:00,9,MOBILE,375.0,0
3074,268,9.0,CREDIT,828.12,GBP,2025-01-14 00:00:00,39,ONLINE,,0
3075,736,,CASH_WITHDRAWAL,1949.21,USD,2025-02-07 00:00:00,30,MOBILE,,0
3076,112,,DEBIT,1505.52,GBP,2025-02-16 00:00:00,26,BRANCH,,0
3077,68,85.0,TRANSFER_OUT,1145.3,GBP,2025-08-13 00:00:00,1,ONLINE,535.0,0
3078,273,157.0,CREDIT,438.77,GBP,2025-05-16 00:00:00,48,BRANCH,,0
3079,460,,CREDIT,320.04,GBP,2025-03-04 00:00:00,49,BRANCH,,0
3080,632,107.0,CASH_WITHDRAWAL,965.19,GBP,2025-08-28 00:00:00,6,BRANCH,,0
3081,256,,DEBIT,1580.34,GBP,2025-07-16 00:00:00,11,BRANCH,,0
3082,477,61.0,TRANSFER_OUT,652.27,GBP,2025-02-21 00:00:00,10,ONLINE,589.0,0
3083,39,163.0,DEBIT,867.49,GBP,2025-04-15 00:00:00,5,BRANCH,,0
3084,309,129.0,TRANSFER_OUT,502.59,GBP,2025-03-25 00:00:00,21,BRANCH,675.0,0
3085,54,73.0,CREDIT,1284.39,GBP,2025-06-08 00:00:00,32,MOBILE,,0
3086,742,16.0,CASH_WITHDRAWAL,868.57,USD,2025-08-31 00:00:00,37,MOBILE,,0
3087,637,60.0,CASH_WITHDRAWAL,1151.26,GBP,2025-03-12 00:00:00,21,MOBILE,,0
3088,758,152.0,CREDIT,1583.41,GBP,2025-02-14 00:00:00,33,ATM,,0
3089,572,86.0,TRANSFER_OUT,400.27,GBP,2025-07-31 00:00:00,33,ONLINE,227.0,0
3090,253,124.0,CREDIT,558.08,GBP,2025-08-18 00:00:00,44,MOBILE,,0
3091,52,59.0,TRANSFER_OUT,623.9,GBP,2025-02-09 00:00:00,19,ATM,260.0,0
3092,23,138.0,TRANSFER_IN,385.8,GBP,2025-02-10 00:00:00,4,MOBILE,236.0,0
3093,356,19.0,TRANSFER_OUT,101.15,GBP,2025-02-03 00:00:00,21,ONLINE,30.0,0
3094,500,94.0,TRANSFER_IN,651.91,EUR,2025-07-25 00:00:00,38,BRANCH,650.0,0
3095,716,39.0,CREDIT,1791.25,GBP,2025-06-22 00:00:00,20,BRANCH,,0
3096,403,21.0,CASH_DEPOSIT,1243.2,GBP,2025-04-06 00:00:00,6,MOBILE,,0
3097,329,10.0,TRANSFER_OUT,1542.54,GBP,2025-01-24 00:00:00,16,BRANCH,22.0,0
3098,358,58.0,CASH_WITHDRAWAL,1378.72,GBP,2025-03-07 00:00:00,49,ONLINE,,0
3099,632,121.0,DEBIT,669.7,GBP,2025-07-13 00:00:00,21,BRANCH,,0
3100,509,,TRANSFER_OUT,867.32,GBP,2025-05-12 00:00:00,41,MOBILE,285.0,0
3101,420,111.0,DEBIT,1491.24,GBP,2025-08-07 00:00:00,5,BRANCH,,0
3102,734,81.0,CREDIT,23.47,GBP,2025-04-28 00:00:00,28,ONLINE,,0
3103,321,40.0,DEBIT,632.21,GBP,2025-04-09 00:00:00,33,BRANCH,,0
3104,684,153.0,TRANSFER_OUT,923.86,GBP,2025-02-18 00:00:00,44,MOBILE,710.0,0
3105,433,130.0,DEBIT,1491.6,GBP,2025-01-28 00:00:00,3,ONLINE,,0
3106,292,107.0,CASH_WITHDRAWAL,196.61,GBP,2025-02-25 00:00:00,39,MOBILE,,0
3107,498,,CASH_DEPOSIT,1004.17,GBP,2025-06-02 00:00:00,14,ONLINE,,0
3108,288,101.0,CASH_WITHDRAWAL,233.59,EUR,2025-04-15 00:00:00,33,ATM,,0
3109,725,91.0,DEBIT,1057.25,GBP,2025-08-27 00:00:00,27,ONLINE,,0
3110,359,170.0,CASH_DEPOSIT,766.71,EUR,2025-04-08 00:00:00,31,MOBILE,,0
3111,537,123.0,CREDIT,1430.5,GBP,2025-01-01 00:00:00,47,ONLINE,,0
3112,690,75.0,TRANSFER_OUT,312.9,GBP,2025-02-23 00:00:00,23,ATM,290.0,0
3113,19,58.0,CASH_WITHDRAWAL,1450.24,GBP,2025-05-17 00:00:00,15,ONLINE,,0
3114,788,114.0,CASH_DEPOSIT,1521.67,GBP,2025-05-26 00:00:00,24,ONLINE,,0
3115,657,73.0,CASH_DEPOSIT,1099.51,GBP,2025-08-17 00:00:00,6,BRANCH,,0
3116,397,145.0,DEBIT,1887.92,GBP,2025-05-12 00:00:00,47,ATM,,0
3117,461,144.0,TRANSFER_IN,1526.91,EUR,2025-04-19 00:00:00,20,BRANCH,442.0,0
3118,47,156.0,TRANSFER_IN,1642.95,GBP,2025-03-19 00:00:00,16,ONLINE,516.0,0
3119,50,,CASH_WITHDRAWAL,880.6,GBP,2025-02-07 00:00:00,2,ONLINE,,0
3120,138,89.0,TRANSFER_OUT,665.9,GBP,2025-03-03 00:00:00,50,ATM,721.0,0
3121,489,62.0,DEBIT,1355.63,GBP,2025-05-07 00:00:00,45,ATM,,0
3122,111,42.0,TRANSFER_OUT,219.92,GBP,2025-05-04 00:00:00,44,MOBILE,13.0,0
3123,106,171.0,DEBIT,281.3,GBP,2025-07-29 00:00:00,19,BRANCH,,0
3124,329,15.0,TRANSFER_IN,595.1,EUR,2025-06-20 00:00:00,37,MOBILE,582.0,0
3125,508,118.0,CREDIT,1043.25,GBP,2025-03-21 00:00:00,25,ONLINE,,0
3126,402,52.0,TRANSFER_IN,501.22,GBP,2025-06-21 00:00:00,4,ONLINE,31.0,0
3127,595,58.0,TRANSFER_IN,318.99,GBP,2025-08-28 00:00:00,15,ONLINE,504.0,0
3128,709,,TRANSFER_IN,217.18,USD,2025-03-22 00:00:00,18,ATM,773.0,0
3129,397,159.0,TRANSFER_OUT,1387.91,GBP,2025-05-14 00:00:00,39,ATM,161.0,0
3130,149,116.0,TRANSFER_IN,1265.51,GBP,2025-02-12 00:00:00,9,MOBILE,39.0,0
3131,133,74.0,DEBIT,747.7,GBP,2025-04-26 00:00:00,7,MOBILE,,0
3132,369,95.0,CASH_DEPOSIT,1129.9,GBP,2025-03-09 00:00:00,7,MOBILE,,0
3133,791,,DEBIT,676.94,GBP,2025-04-21 00:00:00,3,ONLINE,,0
3134,185,33.0,TRANSFER_OUT,1056.77,GBP,2025-03-12 00:00:00,32,ONLINE,598.0,0
3135,571,50.0,TRANSFER_OUT,170.38,GBP,2025-04-11 00:00:00,40,BRANCH,565.0,0
3136,289,40.0,DEBIT,293.77,GBP,2025-03-08 00:00:00,45,MOBILE,,0
3137,258,101.0,CREDIT,1449.75,GBP,2025-04-29 00:00:00,16,ATM,,0
3138,79,11.0,CREDIT,1886.33,GBP,2025-08-12 00:00:00,8,ONLINE,,0
3139,713,174.0,TRANSFER_OUT,1264.44,GBP,2025-08-24 00:00:00,17,ONLINE,619.0,0
3140,781,147.0,TRANSFER_OUT,17.77,GBP,2025-03-09 00:00:00,30,ONLINE,514.0,0
3141,582,,DEBIT,1662.48,GBP,2025-07-25 00:00:00,40,MOBILE,,0
3142,752,97.0,CASH_WITHDRAWAL,1354.7,GBP,2025-03-19 00:00:00,47,ATM,,0
3143,420,172.0,CREDIT,582.48,EUR,2025-03-09 00:00:00,6,BRANCH,,0
3144,96,18.0,CASH_DEPOSIT,211.77,EUR,2025-03-21 00:00:00,1,BRANCH,,0
3145,88,60.0,CREDIT,633.15,GBP,2025-08-12 00:00:00,38,ONLINE,,0
3146,318,10.0,CASH_DEPOSIT,725.51,GBP,2025-07-10 00:00:00,18,ONLINE,,0
3147,396,76.0,CASH_WITHDRAWAL,1635.97,GBP,2025-02-24 00:00:00,5,ONLINE,,0
3148,203,91.0,TRANSFER_OUT,547.17,GBP,2025-08-31 00:00:00,49,MOBILE,469.0,0
3149,336,121.0,CASH_DEPOSIT,541.24,GBP,2025-07-05 00:00:00,18,ONLINE,,0
3150,228,116.0,TRANSFER_IN,520.25,GBP,2025-06-07 00:00:00,34,ATM,4.0,0
3151,619,,CREDIT,1218.87,GBP,2025-04-11 00:00:00,48,BRANCH,,0
3152,92,162.0,TRANSFER_OUT,1927.13,GBP,2025-08-02 00:00:00,25,ONLINE,230.0,0
3153,172,116.0,TRANSFER_IN,471.32,GBP,2025-06-15 00:00:00,36,ONLINE,357.0,0
3154,501,,TRANSFER_OUT,486.66,GBP,2025-01-10 00:00:00,6,ONLINE,547.0,0
3155,618,86.0,TRANSFER_IN,816.97,GBP,2025-03-24 00:00:00,15,ATM,39.0,0
3156,398,,DEBIT,127.56,GBP,2025-09-01 00:00:00,34,ATM,,0
3157,476,144.0,TRANSFER_OUT,1550.92,GBP,2025-07-28 00:00:00,34,BRANCH,521.0,0
3158,259,120.0,DEBIT,1796.88,GBP,2025-07-26 00:00:00,7,ONLINE,,0
3159,55,,TRANSFER_OUT,1596.88,GBP,2025-01-19 00:00:00,29,ATM,784.0,0
3160,228,81.0,CASH_DEPOSIT,1815.37,GBP,2025-07-27 00:00:00,13,ONLINE,,0
3161,455,29.0,DEBIT,887.49,GBP,2025-07-14 00:00:00,28,ONLINE,,0
3162,38,7.0,CREDIT,1844.22,GBP,2025-03-17 00:00:00,6,BRANCH,,0
3163,343,,TRANSFER_OUT,898.24,GBP,2025-03-01 00:00:00,43,BRANCH,680.0,0
3164,579,180.0,TRANSFER_IN,751.18,GBP,2025-05-26 00:00:00,7,ATM,795.0,0
3165,697,55.0,CASH_WITHDRAWAL,472.11,GBP,2025-01-01 00:00:00,49,ONLINE,,0
3166,319,150.0,CASH_DEPOSIT,364.32,GBP,2025-03-31 00:00:00,14,ATM,,0
3167,735,190.0,CASH_DEPOSIT,957.86,GBP,2025-03-02 00:00:00,7,ATM,,0
3168,222,,TRANSFER_IN,1527.88,GBP,2025-02-09 00:00:00,18,ATM,735.0,0
3169,741,51.0,CASH_WITHDRAWAL,1624.52,GBP,2025-08-05 00:00:00,34,ATM,,0
3170,338,,CREDIT,1672.01,GBP,2025-05-03 00:00:00,43,ATM,,0
3171,567,24.0,TRANSFER_IN,1404.08,EUR,2025-03-12 00:00:00,37,MOBILE,128.0,0
3172,784,156.0,TRANSFER_OUT,883.44,GBP,2025-01-02 00:00:00,24,BRANCH,573.0,0
3173,657,59.0,TRANSFER_IN,927.7,GBP,2025-08-14 00:00:00,46,ONLINE,398.0,0
3174,140,101.0,CASH_WITHDRAWAL,1623.88,GBP,2025-02-18 00:00:00,24,BRANCH,,0
3175,403,54.0,CASH_DEPOSIT,1072.55,GBP,2025-01-04 00:00:00,7,BRANCH,,0
3176,679,,CASH_WITHDRAWAL,658.68,GBP,2025-08-05 00:00:00,15,MOBILE,,0
3177,257,122.0,CASH_WITHDRAWAL,1680.66,GBP,2025-05-19 00:00:00,26,ATM,,0
3178,766,39.0,TRANSFER_IN,647.7,GBP,2025-08-07 00:00:00,42,ONLINE,338.0,0
3179,25,45.0,TRANSFER_OUT,1969.9,GBP,2025-06-20 00:00:00,6,ONLINE,684.0,0
3180,790,22.0,TRANSFER_IN,851.14,GBP,2025-08-05 00:00:00,38,ATM,198.0,0
3181,576,65.0,CASH_WITHDRAWAL,1248.86,GBP,2025-02-05 00:00:00,6,MOBILE,,0
3182,2,190.0,CASH_DEPOSIT,1026.43,GBP,2025-02-19 00:00:00,34,BRANCH,,0
3183,682,,CASH_DEPOSIT,1250.86,GBP,2025-06-25 00:00:00,46,ATM,,0
3184,490,173.0,CREDIT,151.78,GBP,2025-03-09 00:00:00,34,ONLINE,,0
3185,506,120.0,CASH_WITHDRAWAL,493.8,USD,2025-03-23 00:00:00,47,ATM,,0
3186,72,33.0,DEBIT,1545.34,GBP,2025-02-04 00:00:00,9,ONLINE,,0
3187,421,21.0,CASH_DEPOSIT,1455.83,GBP,2025-03-15 00:00:00,8,ATM,,0
3188,394,162.0,CASH_WITHDRAWAL,1949.62,GBP,2025-01-08 00:00:00,10,MOBILE,,0
3189,424,30.0,CASH_WITHDRAWAL,1257.44,GBP,2025-04-19 00:00:00,33,MOBILE,,0
3190,325,,CASH_DEPOSIT,1184.15,GBP,2025-04-29 00:00:00,28,BRANCH,,0
3191,16,,CREDIT,454.53,GBP,2025-01-18 00:00:00,46,MOBILE,,0
3192,675,88.0,CREDIT,1577.85,GBP,2025-08-15 00:00:00,41,ATM,,0
3193,466,,CREDIT,764.17,GBP,2025-04-29 00:00:00,38,BRANCH,,0
3194,620,,CASH_DEPOSIT,645.15,EUR,2025-03-22 00:00:00,12,ATM,,0
3195,780,78.0,CASH_WITHDRAWAL,1042.87,GBP,2025-03-05 00:00:00,48,ATM,,0
3196,786,139.0,TRANSFER_OUT,1017.05,EUR,2025-01-20 00:00:00,20,MOBILE,227.0,0
3197,48,7.0,CASH_DEPOSIT,1416.53,GBP,2025-05-24 00:00:00,32,ATM,,0
3198,88,,TRANSFER_IN,1406.45,GBP,2025-06-18 00:00:00,45,ONLINE,790.0,0
3199,656,,CASH_WITHDRAWAL,1778.11,GBP,2025-05-16 00:00:00,31,ONLINE,,0
3200,176,,CASH_DEPOSIT,200.45,GBP,2025-07-02 00:00:00,47,BRANCH,,0
3201,400,,TRANSFER_OUT,340.76,GBP,2025-08-15 00:00:00,47,ATM,405.0,0
3202,743,38.0,CREDIT,651.38,GBP,2025-05-18 00:00:00,1,MOBILE,,0
3203,638,169.0,CASH_DEPOSIT,1180.93,USD,2025-07-17 00:00:00,15,ATM,,0
3204,585,92.0,TRANSFER_OUT,1706.17,GBP,2025-03-30 00:00:00,5,MOBILE,261.0,0
3205,738,175.0,DEBIT,151.61,GBP,2025-02-25 00:00:00,26,ATM,,0
3206,13,136.0,TRANSFER_OUT,301.09,GBP,2025-06-17 00:00:00,30,ATM,107.0,0
3207,106,143.0,TRANSFER_IN,1461.92,GBP,2025-02-23 00:00:00,2,ONLINE,557.0,0
3208,44,64.0,DEBIT,1487.52,GBP,2025-02-07 00:00:00,37,MOBILE,,0
3209,644,164.0,CASH_DEPOSIT,282.93,GBP,2025-08-21 00:00:00,11,ONLINE,,0
3210,41,,CASH_WITHDRAWAL,1433.65,GBP,2025-01-22 00:00:00,11,ATM,,0
3211,236,91.0,TRANSFER_IN,1091.81,GBP,2025-01-01 00:00:00,31,MOBILE,7.0,0
3212,66,6.0,CASH_DEPOSIT,593.38,GBP,2025-03-06 00:00:00,44,ONLINE,,0
3213,448,42.0,TRANSFER_OUT,1228.08,GBP,2025-08-16 00:00:00,14,ATM,335.0,0
3214,68,188.0,CASH_WITHDRAWAL,657.84,GBP,2025-06-25 00:00:00,46,ONLINE,,0
3215,19,,DEBIT,69.56,GBP,2025-03-19 00:00:00,45,BRANCH,,0
3216,728,110.0,CREDIT,419.94,GBP,2025-02-23 00:00:00,27,ONLINE,,0
3217,463,62.0,TRANSFER_IN,81.38,GBP,2025-05-16 00:00:00,15,ONLINE,723.0,0
3218,195,175.0,CREDIT,1754.92,GBP,2025-02-20 00:00:00,30,BRANCH,,0
3219,210,112.0,CASH_DEPOSIT,287.38,EUR,2025-08-10 00:00:00,39,ONLINE,,0
3220,426,57.0,DEBIT,846.94,USD,2025-06-06 00:00:00,25,ATM,,0
3221,745,3.0,CREDIT,416.65,GBP,2025-04-06 00:00:00,18,BRANCH,,0
3222,66,,TRANSFER_OUT,203.68,GBP,2025-05-29 00:00:00,30,ONLINE,32.0,0
3223,703,75.0,CASH_WITHDRAWAL,665.92,GBP,2025-03-26 00:00:00,47,ONLINE,,0
3224,502,37.0,CASH_DEPOSIT,1891.01,GBP,2025-02-13 00:00:00,34,ONLINE,,0
3225,601,25.0,DEBIT,720.54,GBP,2025-01-05 00:00:00,42,ATM,,0
3226,631,181.0,TRANSFER_OUT,201.94,GBP,2025-02-19 00:00:00,8,BRANCH,167.0,0
3227,726,41.0,CASH_WITHDRAWAL,492.86,GBP,2025-06-19 00:00:00,36,ONLINE,,0
3228,333,141.0,CREDIT,1968.29,GBP,2025-06-12 00:00:00,20,MOBILE,,0
3229,359,,CASH_WITHDRAWAL,119.25,GBP,2025-07-02 00:00:00,20,ATM,,0
3230,415,88.0,CASH_WITHDRAWAL,1741.38,GBP,2025-04-04 00:00:00,3,ONLINE,,0
3231,90,85.0,CREDIT,1635.06,GBP,2025-06-25 00:00:00,28,MOBILE,,0
3232,475,140.0,CASH_DEPOSIT,1078.91,GBP,2025-02-26 00:00:00,6,ATM,,0
3233,283,5.0,CREDIT,44.64,USD,2025-07-25 00:00:00,35,ONLINE,,0
3234,724,121.0,DEBIT,1674.36,GBP,2025-07-24 00:00:00,20,MOBILE,,0
3235,183,57.0,TRANSFER_IN,1914.77,GBP,2025-06-27 00:00:00,50,BRANCH,677.0,0
3236,749,47.0,DEBIT,655.34,GBP,2025-05-25 00:00:00,27,ATM,,0
3237,329,154.0,CASH_DEPOSIT,1965.2,GBP,2025-06-24 00:00:00,13,ATM,,0
3238,607,58.0,DEBIT,1418.74,GBP,2025-04-30 00:00:00,27,MOBILE,,0
3239,453,,TRANSFER_IN,1535.27,GBP,2025-01-23 00:00:00,25,ONLINE,563.0,0
3240,584,,TRANSFER_IN,1936.12,GBP,2025-08-22 00:00:00,3,ONLINE,357.0,0
3241,676,,CREDIT,367.16,GBP,2025-02-21 00:00:00,25,ATM,,0
3242,63,132.0,CREDIT,548.23,GBP,2025-07-11 00:00:00,5,MOBILE,,0
3243,688,148.0,CASH_DEPOSIT,1175.49,GBP,2025-01-02 00:00:00,44,ATM,,0
3244,288,28.0,CASH_WITHDRAWAL,238.08,GBP,2025-08-03 00:00:00,37,ATM,,0
3245,592,,CASH_DEPOSIT,257.66,GBP,2025-08-21 00:00:00,22,ATM,,0
3246,50,,CREDIT,426.43,GBP,2025-07-11 00:00:00,35,BRANCH,,0
3247,150,188.0,CASH_WITHDRAWAL,1926.65,GBP,2025-06-07 00:00:00,33,ATM,,0
3248,525,140.0,TRANSFER_IN,1553.0,USD,2025-04-12 00:00:00,45,MOBILE,53.0,0
3249,729,,CASH_DEPOSIT,22.06,GBP,2025-03-02 00:00:00,32,BRANCH,,0
3250,631,157.0,CASH_WITHDRAWAL,1308.68,GBP,2025-03-12 00:00:00,21,ATM,,0
3251,701,,CASH_WITHDRAWAL,509.04,GBP,2025-03-12 00:00:00,8,ONLINE,,0
3252,463,44.0,CASH_WITHDRAWAL,854.96,GBP,2025-07-17 00:00:00,22,BRANCH,,0
3253,670,197.0,TRANSFER_OUT,1661.54,EUR,2025-06-26 00:00:00,26,ONLINE,752.0,0
3254,266,149.0,CASH_WITHDRAWAL,1839.61,GBP,2025-06-06 00:00:00,34,BRANCH,,0
3255,642,146.0,CASH_WITHDRAWAL,113.11,GBP,2025-06-30 00:00:00,37,ATM,,0
3256,373,81.0,TRANSFER_OUT,1017.23,GBP,2025-06-22 00:00:00,32,BRANCH,427.0,0
3257,682,,CASH_DEPOSIT,148.73,GBP,2025-03-21 00:00:00,14,BRANCH,,0
3258,694,178.0,CREDIT,118.29,GBP,2025-06-21 00:00:00,7,ATM,,0
3259,477,,DEBIT,1760.92,GBP,2025-08-09 00:00:00,13,BRANCH,,0
3260,674,161.0,DEBIT,986.4,GBP,2025-04-10 00:00:00,38,MOBILE,,0
3261,153,184.0,CASH_WITHDRAWAL,1004.59,GBP,2025-03-02 00:00:00,13,ATM,,0
3262,596,88.0,CREDIT,1908.1,GBP,2025-07-16 00:00:00,3,MOBILE,,0
3263,230,36.0,CASH_WITHDRAWAL,1603.32,GBP,2025-02-10 00:00:00,30,MOBILE,,0
3264,322,182.0,TRANSFER_IN,1618.68,GBP,2025-04-26 00:00:00,10,BRANCH,609.0,0
3265,707,36.0,CREDIT,495.11,GBP,2025-01-20 00:00:00,19,ATM,,0
3266,628,9.0,CASH_DEPOSIT,489.84,GBP,2025-04-05 00:00:00,23,ATM,,0
3267,43,,CREDIT,78.31,GBP,2025-05-01 00:00:00,17,ONLINE,,0
3268,200,80.0,TRANSFER_IN,1874.35,GBP,2025-05-25 00:00:00,18,ATM,402.0,0
3269,114,28.0,CASH_DEPOSIT,1129.62,EUR,2025-06-12 00:00:00,10,ATM,,0
3270,694,4.0,TRANSFER_OUT,653.23,GBP,2025-04-14 00:00:00,7,MOBILE,173.0,0
3271,154,,CASH_DEPOSIT,1299.97,GBP,2025-06-11 00:00:00,2,BRANCH,,0
3272,396,108.0,CASH_DEPOSIT,1391.47,GBP,2025-01-02 00:00:00,17,BRANCH,,0
3273,379,88.0,CASH_DEPOSIT,669.27,GBP,2025-04-15 00:00:00,14,BRANCH,,0
3274,439,128.0,TRANSFER_OUT,1537.48,GBP,2025-06-22 00:00:00,20,MOBILE,238.0,0
3275,662,105.0,CREDIT,1155.23,GBP,2025-03-09 00:00:00,44,ATM,,0
3276,37,46.0,CASH_WITHDRAWAL,1484.95,GBP,2025-05-25 00:00:00,25,MOBILE,,0
3277,435,,CASH_DEPOSIT,39.66,EUR,2025-02-08 00:00:00,4,ATM,,0
3278,384,,CASH_WITHDRAWAL,51.61,GBP,2025-07-17 00:00:00,39,ONLINE,,0
3279,443,119.0,DEBIT,1835.79,GBP,2025-03-29 00:00:00,44,ONLINE,,0
3280,177,54.0,CASH_DEPOSIT,1697.45,GBP,2025-06-06 00:00:00,3,ATM,,0
3281,447,42.0,DEBIT,767.87,GBP,2025-05-22 00:00:00,42,MOBILE,,0
3282,703,176.0,CREDIT,1178.39,GBP,2025-08-03 00:00:00,5,MOBILE,,0
3283,592,,CASH_WITHDRAWAL,1220.75,GBP,2025-08-06 00:00:00,22,MOBILE,,0
3284,26,41.0,CREDIT,1839.69,GBP,2025-01-15 00:00:00,36,MOBILE,,0
3285,149,168.0,TRANSFER_OUT,891.72,GBP,2025-04-27 00:00:00,50,ONLINE,324.0,0
3286,293,83.0,TRANSFER_OUT,1472.0,GBP,2025-04-24 00:00:00,11,MOBILE,64.0,0
3287,410,41.0,CASH_WITHDRAWAL,1322.17,GBP,2025-07-11 00:00:00,48,ONLINE,,0
3288,82,,CREDIT,845.67,GBP,2025-01-14 00:00:00,19,BRANCH,,0
3289,426,94.0,CASH_DEPOSIT,1161.28,GBP,2025-08-14 00:00:00,18,ATM,,0
3290,419,146.0,TRANSFER_OUT,1637.85,GBP,2025-06-15 00:00:00,28,BRANCH,451.0,0
3291,160,66.0,TRANSFER_IN,357.88,GBP,2025-04-26 00:00:00,36,ATM,712.0,0
3292,257,141.0,CASH_DEPOSIT,525.44,GBP,2025-07-27 00:00:00,45,BRANCH,,0
3293,427,120.0,TRANSFER_OUT,1552.0,GBP,2025-04-22 00:00:00,6,MOBILE,630.0,0
3294,527,117.0,CREDIT,1093.78,GBP,2025-05-14 00:00:00,4,MOBILE,,0
3295,525,38.0,TRANSFER_OUT,1375.6,GBP,2025-06-14 00:00:00,49,ATM,264.0,0
3296,123,1.0,TRANSFER_IN,395.77,GBP,2025-06-15 00:00:00,34,ATM,35.0,0
3297,343,184.0,TRANSFER_OUT,1087.78,GBP,2025-02-21 00:00:00,5,ATM,388.0,0
3298,313,,CASH_DEPOSIT,1677.04,GBP,2025-02-06 00:00:00,30,MOBILE,,0
3299,127,,TRANSFER_IN,271.4,GBP,2025-03-02 00:00:00,24,BRANCH,86.0,0
3300,409,22.0,CASH_DEPOSIT,1209.84,USD,2025-05-23 00:00:00,2,ATM,,0
3301,3,,DEBIT,945.21,GBP,2025-07-19 00:00:00,47,ATM,,0
3302,498,,DEBIT,737.2,GBP,2025-04-30 00:00:00,42,ONLINE,,0
3303,742,,TRANSFER_OUT,1654.89,GBP,2025-02-27 00:00:00,15,ATM,562.0,0
3304,593,114.0,CASH_DEPOSIT,761.72,GBP,2025-06-15 00:00:00,19,ATM,,0
3305,86,84.0,DEBIT,187.72,EUR,2025-01-14 00:00:00,44,ATM,,0
3306,53,,TRANSFER_OUT,1112.76,GBP,2025-07-05 00:00:00,12,ONLINE,382.0,0
3307,50,171.0,TRANSFER_IN,1132.87,GBP,2025-07-15 00:00:00,41,MOBILE,721.0,0
3308,700,9.0,DEBIT,28.85,GBP,2025-06-08 00:00:00,31,BRANCH,,0
3309,640,122.0,TRANSFER_IN,1298.6,GBP,2025-06-17 00:00:00,43,BRANCH,656.0,0
3310,236,,TRANSFER_OUT,645.98,USD,2025-07-11 00:00:00,20,BRANCH,779.0,0
3311,172,99.0,CASH_WITHDRAWAL,1358.01,GBP,2025-07-09 00:00:00,17,MOBILE,,0
3312,58,104.0,TRANSFER_IN,230.45,GBP,2025-02-24 00:00:00,29,BRANCH,41.0,0
3313,697,,DEBIT,1801.41,EUR,2025-04-28 00:00:00,50,MOBILE,,0
3314,455,193.0,TRANSFER_OUT,1484.41,GBP,2025-06-25 00:00:00,39,ATM,389.0,0
3315,547,174.0,TRANSFER_OUT,1535.41,GBP,2025-05-16 00:00:00,21,BRANCH,509.0,0
3316,786,118.0,TRANSFER_IN,1199.43,GBP,2025-04-03 00:00:00,34,BRANCH,631.0,0
3317,741,131.0,DEBIT,553.69,GBP,2025-01-09 00:00:00,33,ONLINE,,0
3318,217,,TRANSFER_IN,1009.11,GBP,2025-07-08 00:00:00,3,BRANCH,455.0,0
3319,262,7.0,CASH_DEPOSIT,1236.32,GBP,2025-02-23 00:00:00,12,BRANCH,,0
3320,383,82.0,CREDIT,1948.16,GBP,2025-01-28 00:00:00,7,ONLINE,,0
3321,93,15.0,CASH_WITHDRAWAL,1038.57,GBP,2025-08-09 00:00:00,5,BRANCH,,0
3322,421,131.0,CASH_DEPOSIT,1110.04,USD,2025-06-02 00:00:00,15,MOBILE,,0
3323,79,148.0,TRANSFER_OUT,239.98,GBP,2025-01-14 00:00:00,43,ATM,741.0,0
3324,712,71.0,CASH_WITHDRAWAL,1874.3,GBP,2025-08-13 00:00:00,49,ONLINE,,0
3325,160,108.0,TRANSFER_IN,313.95,GBP,2025-08-31 00:00:00,32,MOBILE,9.0,0
3326,343,,TRANSFER_IN,1095.56,GBP,2025-05-28 00:00:00,34,ATM,562.0,0
3327,105,37.0,DEBIT,1708.46,GBP,2025-05-01 00:00:00,44,BRANCH,,0
3328,624,72.0,TRANSFER_OUT,613.57,GBP,2025-02-14 00:00:00,38,MOBILE,467.0,0
3329,107,141.0,TRANSFER_IN,1365.97,EUR,2025-01-21 00:00:00,17,ATM,81.0,0
3330,470,87.0,CASH_DEPOSIT,99.6,GBP,2025-07-24 00:00:00,10,MOBILE,,0
3331,434,110.0,CASH_DEPOSIT,1839.37,GBP,2025-06-08 00:00:00,30,ATM,,0
3332,482,72.0,TRANSFER_IN,1027.88,USD,2025-01-18 00:00:00,16,BRANCH,5.0,0
3333,119,,CREDIT,1445.48,GBP,2025-06-27 00:00:00,14,ATM,,0
3334,4,155.0,TRANSFER_OUT,368.08,GBP,2025-06-19 00:00:00,5,MOBILE,258.0,0
3335,386,,CASH_DEPOSIT,1207.61,GBP,2025-08-04 00:00:00,18,BRANCH,,0
3336,302,63.0,TRANSFER_OUT,1438.94,GBP,2025-04-15 00:00:00,8,ONLINE,369.0,0
3337,420,103.0,CREDIT,1411.98,GBP,2025-03-03 00:00:00,4,ATM,,0
3338,29,86.0,CASH_DEPOSIT,508.38,GBP,2025-03-22 00:00:00,15,ONLINE,,0
3339,388,181.0,CREDIT,901.77,EUR,2025-03-05 00:00:00,4,MOBILE,,0
3340,451,,CREDIT,1617.81,USD,2025-01-18 00:00:00,35,ATM,,0
3341,651,73.0,TRANSFER_IN,915.85,USD,2025-02-18 00:00:00,5,ONLINE,134.0,0
3342,641,140.0,CASH_WITHDRAWAL,33.6,GBP,2025-02-17 00:00:00,36,ATM,,0
3343,553,13.0,TRANSFER_OUT,835.31,GBP,2025-08-14 00:00:00,20,BRANCH,638.0,0
3344,523,103.0,TRANSFER_OUT,467.14,GBP,2025-07-01 00:00:00,19,ONLINE,536.0,0
3345,30,142.0,CASH_WITHDRAWAL,1046.9,GBP,2025-01-20 00:00:00,11,ATM,,0
3346,444,81.0,CASH_DEPOSIT,548.66,GBP,2025-07-02 00:00:00,39,BRANCH,,0
3347,180,41.0,CASH_WITHDRAWAL,1682.19,USD,2025-08-15 00:00:00,3,BRANCH,,0
3348,158,21.0,CASH_WITHDRAWAL,444.34,GBP,2025-07-28 00:00:00,40,ATM,,0
3349,94,194.0,CREDIT,423.17,GBP,2025-01-05 00:00:00,14,ATM,,0
3350,391,76.0,CREDIT,1576.36,USD,2025-05-20 00:00:00,25,MOBILE,,0
3351,438,,CASH_WITHDRAWAL,1328.49,GBP,2025-05-01 00:00:00,10,ATM,,0
3352,757,8.0,CASH_WITHDRAWAL,490.19,GBP,2025-08-22 00:00:00,31,ATM,,0
3353,575,69.0,TRANSFER_OUT,1940.05,EUR,2025-04-15 00:00:00,12,MOBILE,228.0,0
3354,273,89.0,CASH_WITHDRAWAL,1409.94,GBP,2025-03-29 00:00:00,28,MOBILE,,0
3355,198,,CREDIT,1718.26,USD,2025-05-08 00:00:00,42,ONLINE,,0
3356,58,55.0,TRANSFER_IN,1063.83,GBP,2025-05-01 00:00:00,14,ONLINE,129.0,0
3357,795,191.0,CASH_WITHDRAWAL,1340.04,GBP,2025-05-21 00:00:00,23,ATM,,0
3358,24,42.0,TRANSFER_IN,88.31,GBP,2025-02-09 00:00:00,22,BRANCH,346.0,0
3359,298,,CASH_DEPOSIT,1209.24,GBP,2025-06-25 00:00:00,15,ATM,,0
3360,470,76.0,DEBIT,212.48,GBP,2025-05-23 00:00:00,35,ONLINE,,0
3361,369,108.0,CASH_WITHDRAWAL,1569.76,GBP,2025-08-11 00:00:00,42,ATM,,0
3362,239,88.0,TRANSFER_OUT,1219.4,GBP,2025-03-13 00:00:00,33,BRANCH,765.0,0
3363,688,192.0,CREDIT,418.42,GBP,2025-06-09 00:00:00,5,MOBILE,,0
3364,291,85.0,TRANSFER_IN,1071.64,USD,2025-01-08 00:00:00,1,ATM,166.0,0
3365,245,68.0,TRANSFER_IN,1167.45,GBP,2025-08-04 00:00:00,18,MOBILE,432.0,0
3366,282,106.0,DEBIT,1274.18,GBP,2025-02-22 00:00:00,4,ONLINE,,0
3367,132,,DEBIT,454.65,EUR,2025-06-27 00:00:00,8,MOBILE,,0
3368,739,,TRANSFER_OUT,186.78,GBP,2025-02-06 00:00:00,35,MOBILE,254.0,0
3369,365,160.0,DEBIT,644.33,EUR,2025-01-10 00:00:00,35,ONLINE,,0
3370,120,56.0,CREDIT,916.78,GBP,2025-02-20 00:00:00,21,ATM,,0
3371,470,163.0,CASH_WITHDRAWAL,902.45,GBP,2025-07-16 00:00:00,30,ONLINE,,0
3372,327,,TRANSFER_IN,1218.27,GBP,2025-04-05 00:00:00,30,BRANCH,362.0,0
3373,507,88.0,CASH_DEPOSIT,1142.23,EUR,2025-08-17 00:00:00,22,BRANCH,,0
3374,665,162.0,TRANSFER_OUT,272.34,GBP,2025-01-22 00:00:00,29,ONLINE,308.0,0
3375,527,74.0,DEBIT,1120.51,GBP,2025-08-30 00:00:00,11,BRANCH,,0
3376,135,170.0,TRANSFER_IN,291.11,USD,2025-08-17 00:00:00,43,MOBILE,794.0,0
3377,778,167.0,TRANSFER_IN,197.08,GBP,2025-06-11 00:00:00,46,MOBILE,95.0,0
3378,307,,TRANSFER_IN,985.39,GBP,2025-03-23 00:00:00,10,ONLINE,210.0,0
3379,42,171.0,CREDIT,949.8,GBP,2025-06-09 00:00:00,17,ATM,,0
3380,208,188.0,CASH_DEPOSIT,287.29,EUR,2025-07-30 00:00:00,47,BRANCH,,0
3381,700,,CREDIT,1448.37,GBP,2025-02-13 00:00:00,48,BRANCH,,0
3382,293,180.0,CREDIT,1167.59,USD,2025-03-01 00:00:00,19,ONLINE,,0
3383,590,46.0,CASH_WITHDRAWAL,181.65,GBP,2025-01-10 00:00:00,24,MOBILE,,0
3384,363,82.0,CASH_DEPOSIT,1138.53,GBP,2025-03-14 00:00:00,31,BRANCH,,0
3385,91,168.0,CREDIT,1808.95,GBP,2025-04-15 00:00:00,1,ONLINE,,0
3386,567,,DEBIT,1909.85,GBP,2025-02-22 00:00:00,20,MOBILE,,0
3387,269,,CASH_WITHDRAWAL,736.95,GBP,2025-02-24 00:00:00,39,ATM,,0
3388,709,119.0,TRANSFER_OUT,1096.0,GBP,2025-05-07 00:00:00,16,BRANCH,132.0,0
3389,119,39.0,DEBIT,1547.68,GBP,2025-08-15 00:00:00,45,MOBILE,,0
3390,515,58.0,DEBIT,189.07,GBP,2025-03-20 00:00:00,36,ONLINE,,0
3391,167,155.0,DEBIT,1114.34,GBP,2025-07-02 00:00:00,5,ATM,,0
3392,694,93.0,CREDIT,380.57,GBP,2025-01-28 00:00:00,44,ONLINE,,0
3393,526,172.0,CREDIT,388.43,GBP,2025-05-24 00:00:00,47,MOBILE,,0
3394,97,39.0,CREDIT,1521.95,USD,2025-05-06 00:00:00,4,BRANCH,,0
3395,729,,DEBIT,1823.01,GBP,2025-08-08 00:00:00,42,MOBILE,,0
3396,708,145.0,DEBIT,1238.67,USD,2025-03-16 00:00:00,3,BRANCH,,0
3397,31,185.0,CREDIT,1564.53,GBP,2025-08-16 00:00:00,16,BRANCH,,0
3398,270,111.0,DEBIT,1916.51,GBP,2025-08-17 00:00:00,34,ATM,,0
3399,789,15.0,CASH_WITHDRAWAL,994.38,GBP,2025-06-30 00:00:00,10,BRANCH,,0
3400,725,,TRANSFER_OUT,308.29,GBP,2025-04-07 00:00:00,49,MOBILE,121.0,0
3401,404,51.0,CASH_WITHDRAWAL,997.44,GBP,2025-07-06 00:00:00,5,ONLINE,,0
3402,668,,CASH_WITHDRAWAL,1489.98,GBP,2025-03-22 00:00:00,50,ATM,,0
3403,32,,CASH_DEPOSIT,1226.04,EUR,2025-01-16 00:00:00,28,ATM,,0
3404,473,89.0,CASH_DEPOSIT,1217.03,GBP,2025-06-02 00:00:00,26,ATM,,0
3405,703,184.0,CREDIT,1973.7,GBP,2025-06-26 00:00:00,30,ONLINE,,0
3406,30,191.0,CASH_WITHDRAWAL,639.96,GBP,2025-07-20 00:00:00,2,ATM,,0
3407,68,13.0,CASH_DEPOSIT,844.61,GBP,2025-02-25 00:00:00,20,MOBILE,,0
3408,32,104.0,TRANSFER_IN,1779.66,GBP,2025-03-17 00:00:00,19,MOBILE,639.0,0
3409,667,120.0,TRANSFER_IN,1201.56,GBP,2025-05-28 00:00:00,32,MOBILE,146.0,0
3410,538,,TRANSFER_IN,1827.1,GBP,2025-02-06 00:00:00,44,BRANCH,564.0,0
3411,346,92.0,TRANSFER_IN,1997.88,GBP,2025-06-08 00:00:00,50,ONLINE,590.0,0
3412,431,55.0,TRANSFER_IN,1041.16,GBP,2025-07-12 00:00:00,16,ATM,508.0,0
3413,556,53.0,CASH_DEPOSIT,1422.32,GBP,2025-08-13 00:00:00,37,MOBILE,,0
3414,149,,CASH_DEPOSIT,38.9,GBP,2025-03-02 00:00:00,27,BRANCH,,0
3415,450,80.0,TRANSFER_OUT,845.08,GBP,2025-05-13 00:00:00,28,ATM,729.0,0
3416,273,60.0,TRANSFER_OUT,1534.61,GBP,2025-04-13 00:00:00,15,ONLINE,469.0,0
3417,341,44.0,CASH_DEPOSIT,887.32,GBP,2025-02-01 00:00:00,17,BRANCH,,0
3418,526,132.0,DEBIT,226.26,GBP,2025-03-06 00:00:00,6,BRANCH,,0
3419,450,29.0,CASH_WITHDRAWAL,626.65,GBP,2025-04-08 00:00:00,5,ONLINE,,0
3420,425,31.0,DEBIT,617.3,EUR,2025-08-13 00:00:00,25,ONLINE,,0
3421,92,43.0,TRANSFER_OUT,1498.29,GBP,2025-03-27 00:00:00,22,BRANCH,727.0,0
3422,646,90.0,TRANSFER_IN,355.02,GBP,2025-03-05 00:00:00,25,BRANCH,798.0,0
3423,238,23.0,TRANSFER_IN,1614.87,GBP,2025-08-13 00:00:00,44,BRANCH,648.0,0
3424,703,87.0,CASH_DEPOSIT,711.57,GBP,2025-04-19 00:00:00,2,ONLINE,,0
3425,237,,DEBIT,189.97,EUR,2025-02-08 00:00:00,32,MOBILE,,0
3426,226,,TRANSFER_OUT,1600.72,GBP,2025-03-10 00:00:00,44,MOBILE,708.0,0
3427,102,187.0,TRANSFER_OUT,1488.77,GBP,2025-04-10 00:00:00,34,MOBILE,548.0,0
3428,377,15.0,CASH_DEPOSIT,653.06,GBP,2025-04-26 00:00:00,2,MOBILE,,0
3429,265,184.0,CASH_DEPOSIT,1149.31,GBP,2025-08-24 00:00:00,24,ONLINE,,0
3430,557,49.0,TRANSFER_OUT,1608.04,GBP,2025-08-08 00:00:00,49,ONLINE,247.0,0
3431,282,,CASH_WITHDRAWAL,507.5,GBP,2025-08-12 00:00:00,48,ATM,,0
3432,475,177.0,TRANSFER_OUT,349.58,GBP,2025-05-27 00:00:00,22,BRANCH,727.0,0
3433,128,47.0,CASH_DEPOSIT,1909.54,GBP,2025-06-06 00:00:00,48,ATM,,0
3434,439,76.0,CREDIT,1671.44,USD,2025-08-04 00:00:00,45,BRANCH,,0
3435,446,88.0,CREDIT,1003.48,EUR,2025-04-17 00:00:00,48,ONLINE,,0
3436,664,,CREDIT,545.45,GBP,2025-06-19 00:00:00,19,BRANCH,,0
3437,600,81.0,CASH_WITHDRAWAL,239.5,GBP,2025-02-24 00:00:00,36,MOBILE,,0
3438,167,188.0,CASH_DEPOSIT,1214.05,GBP,2025-06-25 00:00:00,44,ONLINE,,0
3439,55,4.0,TRANSFER_OUT,1114.59,EUR,2025-06-24 00:00:00,46,BRANCH,652.0,0
3440,672,104.0,DEBIT,1476.65,GBP,2025-08-08 00:00:00,18,BRANCH,,0
3441,573,179.0,TRANSFER_IN,351.59,GBP,2025-06-13 00:00:00,16,BRANCH,731.0,0
3442,360,139.0,CREDIT,1281.61,GBP,2025-06-22 00:00:00,35,ATM,,0
3443,731,104.0,CASH_WITHDRAWAL,986.43,EUR,2025-06-18 00:00:00,14,ONLINE,,0
3444,142,84.0,TRANSFER_OUT,551.47,GBP,2025-07-02 00:00:00,31,ONLINE,85.0,0
3445,350,34.0,CASH_WITHDRAWAL,1459.25,GBP,2025-05-15 00:00:00,30,ONLINE,,0
3446,692,,CASH_DEPOSIT,558.8,EUR,2025-05-05 00:00:00,47,ONLINE,,0
3447,119,,DEBIT,156.75,USD,2025-03-07 00:00:00,25,ONLINE,,0
3448,106,,CASH_DEPOSIT,486.03,GBP,2025-04-28 00:00:00,24,BRANCH,,0
3449,177,78.0,TRANSFER_OUT,429.71,GBP,2025-07-17 00:00:00,43,BRANCH,728.0,0
3450,190,185.0,CASH_WITHDRAWAL,968.29,GBP,2025-06-22 00:00:00,47,ATM,,0
3451,470,121.0,CASH_DEPOSIT,1123.22,GBP,2025-02-07 00:00:00,22,MOBILE,,0
3452,177,25.0,CREDIT,177.66,GBP,2025-07-17 00:00:00,36,ONLINE,,0
3453,564,,CREDIT,815.33,GBP,2025-05-30 00:00:00,4,ATM,,0
3454,682,187.0,DEBIT,301.06,GBP,2025-08-22 00:00:00,47,MOBILE,,0
3455,563,,CASH_DEPOSIT,1294.94,GBP,2025-01-17 00:00:00,27,BRANCH,,0
3456,413,172.0,CASH_DEPOSIT,271.53,GBP,2025-07-03 00:00:00,1,ONLINE,,0
3457,194,191.0,TRANSFER_OUT,24.2,GBP,2025-06-01 00:00:00,2,ATM,48.0,0
3458,252,199.0,DEBIT,1057.82,GBP,2025-07-07 00:00:00,27,ATM,,0
3459,770,,CASH_DEPOSIT,453.47,GBP,2025-07-24 00:00:00,49,ONLINE,,0
3460,585,,CASH_DEPOSIT,472.98,GBP,2025-06-02 00:00:00,10,ATM,,0
3461,504,139.0,TRANSFER_OUT,1731.14,EUR,2025-06-07 00:00:00,27,BRANCH,61.0,0
3462,487,173.0,TRANSFER_IN,1625.09,GBP,2025-04-24 00:00:00,9,ATM,483.0,0
3463,405,71.0,DEBIT,1547.96,GBP,2025-05-09 00:00:00,7,ATM,,0
3464,601,123.0,CASH_DEPOSIT,703.3,EUR,2025-02-19 00:00:00,20,BRANCH,,0
3465,784,39.0,DEBIT,375.88,USD,2025-06-06 00:00:00,15,ONLINE,,0
3466,222,191.0,TRANSFER_OUT,1328.29,USD,2025-02-13 00:00:00,24,ATM,229.0,0
3467,248,184.0,DEBIT,1998.19,GBP,2025-07-18 00:00:00,17,ONLINE,,0
3468,751,86.0,DEBIT,868.2,GBP,2025-06-15 00:00:00,10,BRANCH,,0
3469,477,123.0,TRANSFER_IN,248.73,GBP,2025-05-23 00:00:00,13,ATM,779.0,0
3470,649,7.0,DEBIT,1441.64,GBP,2025-08-03 00:00:00,14,ATM,,0
3471,741,,TRANSFER_OUT,1202.96,GBP,2025-02-04 00:00:00,32,ATM,237.0,0
3472,223,,CREDIT,303.15,USD,2025-02-10 00:00:00,50,MOBILE,,0
3473,477,57.0,TRANSFER_OUT,1349.97,GBP,2025-07-12 00:00:00,38,MOBILE,105.0,0
3474,37,59.0,CASH_WITHDRAWAL,945.71,GBP,2025-06-28 00:00:00,46,ONLINE,,0
3475,8,150.0,TRANSFER_IN,289.44,GBP,2025-08-28 00:00:00,3,MOBILE,761.0,0
3476,457,51.0,CREDIT,470.28,GBP,2025-06-24 00:00:00,8,MOBILE,,0
3477,547,103.0,CASH_WITHDRAWAL,1533.26,GBP,2025-04-03 00:00:00,42,ATM,,0
3478,561,4.0,TRANSFER_IN,932.16,GBP,2025-06-01 00:00:00,34,BRANCH,771.0,0
3479,704,123.0,TRANSFER_OUT,1144.88,GBP,2025-01-05 00:00:00,42,ATM,303.0,0
3480,379,,TRANSFER_IN,617.79,GBP,2025-06-26 00:00:00,10,ONLINE,377.0,0
3481,502,139.0,CREDIT,929.82,GBP,2025-04-22 00:00:00,19,ONLINE,,0
3482,331,38.0,CASH_WITHDRAWAL,1648.7,GBP,2025-06-04 00:00:00,28,BRANCH,,0
3483,632,186.0,CREDIT,1054.72,GBP,2025-06-12 00:00:00,37,ONLINE,,0
3484,227,158.0,CASH_DEPOSIT,940.15,EUR,2025-06-23 00:00:00,14,ONLINE,,0
3485,711,61.0,CREDIT,193.73,GBP,2025-07-13 00:00:00,38,ATM,,0
3486,354,200.0,DEBIT,1363.47,GBP,2025-02-02 00:00:00,22,ONLINE,,0
3487,406,189.0,CASH_WITHDRAWAL,1050.4,GBP,2025-07-16 00:00:00,3,ATM,,0
3488,662,77.0,TRANSFER_OUT,838.01,GBP,2025-03-18 00:00:00,37,ATM,253.0,0
3489,146,92.0,CASH_WITHDRAWAL,1233.2,EUR,2025-03-01 00:00:00,34,BRANCH,,0
3490,190,121.0,TRANSFER_OUT,341.95,GBP,2025-04-01 00:00:00,37,ATM,248.0,0
3491,694,53.0,CASH_DEPOSIT,1354.95,GBP,2025-06-02 00:00:00,39,BRANCH,,0
3492,630,153.0,TRANSFER_IN,19.41,GBP,2025-03-31 00:00:00,21,BRANCH,425.0,0
3493,371,170.0,CASH_WITHDRAWAL,739.16,GBP,2025-01-15 00:00:00,33,ATM,,0
3494,223,39.0,CASH_WITHDRAWAL,1705.08,GBP,2025-02-07 00:00:00,48,ATM,,0
3495,209,97.0,CREDIT,1367.38,USD,2025-07-08 00:00:00,25,ATM,,0
3496,210,48.0,CREDIT,1894.41,GBP,2025-08-24 00:00:00,33,ATM,,0
3497,275,154.0,DEBIT,855.04,GBP,2025-07-24 00:00:00,7,ONLINE,,0
3498,35,78.0,CASH_DEPOSIT,1041.2,GBP,2025-07-06 00:00:00,2,ATM,,0
3499,213,,CASH_WITHDRAWAL,312.73,GBP,2025-08-25 00:00:00,49,ATM,,0
3500,793,147.0,CASH_WITHDRAWAL,1383.25,GBP,2025-05-12 00:00:00,23,BRANCH,,0
3501,646,,DEBIT,971.27,GBP,2025-01-15 00:00:00,40,ONLINE,,0
3502,614,25.0,TRANSFER_OUT,588.81,USD,2025-06-13 00:00:00,36,ONLINE,15.0,0
3503,293,126.0,CREDIT,1432.97,GBP,2025-05-28 00:00:00,20,BRANCH,,0
3504,506,177.0,CREDIT,1081.43,GBP,2025-08-14 00:00:00,4,BRANCH,,0
3505,134,147.0,DEBIT,1320.07,GBP,2025-03-30 00:00:00,6,MOBILE,,0
3506,454,78.0,CASH_WITHDRAWAL,901.47,GBP,2025-05-16 00:00:00,49,MOBILE,,0
3507,456,68.0,TRANSFER_IN,91.58,GBP,2025-05-11 00:00:00,21,MOBILE,516.0,0
3508,42,192.0,TRANSFER_IN,120.23,GBP,2025-05-11 00:00:00,37,ATM,288.0,0
3509,403,,CASH_WITHDRAWAL,334.97,USD,2025-07-18 00:00:00,15,BRANCH,,0
3510,258,153.0,TRANSFER_IN,357.72,GBP,2025-07-29 00:00:00,7,BRANCH,399.0,0
3511,33,,CASH_DEPOSIT,906.49,GBP,2025-05-20 00:00:00,3,MOBILE,,0
3512,339,,TRANSFER_OUT,1245.69,GBP,2025-01-01 00:00:00,20,ONLINE,218.0,0
3513,489,113.0,TRANSFER_IN,921.81,GBP,2025-05-30 00:00:00,8,ONLINE,437.0,0
3514,84,30.0,TRANSFER_IN,93.34,GBP,2025-07-06 00:00:00,37,ATM,716.0,0
3515,321,,CASH_DEPOSIT,1578.36,GBP,2025-07-02 00:00:00,45,ONLINE,,0
3516,654,164.0,DEBIT,89.6,GBP,2025-02-01 00:00:00,21,MOBILE,,0
3517,221,34.0,CASH_DEPOSIT,834.89,GBP,2025-04-13 00:00:00,1,ONLINE,,0
3518,229,81.0,CASH_WITHDRAWAL,5.65,EUR,2025-05-31 00:00:00,22,ATM,,0
3519,198,3.0,DEBIT,1983.08,EUR,2025-02-17 00:00:00,19,BRANCH,,0
3520,477,139.0,DEBIT,1822.89,GBP,2025-04-09 00:00:00,48,ONLINE,,0
3521,613,146.0,CASH_DEPOSIT,236.29,USD,2025-01-10 00:00:00,23,BRANCH,,0
3522,124,172.0,CASH_WITHDRAWAL,1622.07,GBP,2025-08-26 00:00:00,37,ATM,,0
3523,546,129.0,TRANSFER_OUT,1590.93,GBP,2025-05-04 00:00:00,1,ONLINE,658.0,0
3524,319,38.0,CASH_DEPOSIT,1702.13,GBP,2025-07-12 00:00:00,36,BRANCH,,0
3525,18,180.0,DEBIT,1202.32,GBP,2025-06-01 00:00:00,15,MOBILE,,0
3526,144,50.0,TRANSFER_IN,1155.09,GBP,2025-02-04 00:00:00,3,BRANCH,43.0,0
3527,682,55.0,TRANSFER_OUT,1746.2,GBP,2025-08-26 00:00:00,31,ATM,372.0,0
3528,535,99.0,CREDIT,1434.11,GBP,2025-01-02 00:00:00,25,ATM,,0
3529,109,47.0,TRANSFER_OUT,1579.04,GBP,2025-07-04 00:00:00,3,MOBILE,61.0,0
3530,398,95.0,DEBIT,861.51,GBP,2025-01-24 00:00:00,11,ONLINE,,0
3531,121,13.0,CASH_WITHDRAWAL,131.63,GBP,2025-02-01 00:00:00,43,MOBILE,,0
3532,685,200.0,CREDIT,1750.23,GBP,2025-06-05 00:00:00,15,MOBILE,,0
3533,61,92.0,CASH_DEPOSIT,1750.26,GBP,2025-05-07 00:00:00,38,MOBILE,,0
3534,61,39.0,CREDIT,234.47,GBP,2025-06-19 00:00:00,22,ATM,,0
3535,569,130.0,CASH_WITHDRAWAL,1212.58,GBP,2025-01-27 00:00:00,2,ATM,,0
3536,649,196.0,TRANSFER_OUT,1721.06,GBP,2025-03-15 00:00:00,23,ONLINE,353.0,0
3537,168,37.0,DEBIT,1685.88,GBP,2025-01-02 00:00:00,34,ONLINE,,0
3538,415,199.0,DEBIT,1883.14,EUR,2025-03-06 00:00:00,17,ATM,,0
3539,44,,CASH_WITHDRAWAL,155.38,GBP,2025-08-21 00:00:00,7,BRANCH,,0
3540,40,,CASH_DEPOSIT,1682.36,GBP,2025-05-25 00:00:00,21,BRANCH,,0
3541,288,91.0,DEBIT,1641.35,GBP,2025-06-24 00:00:00,48,BRANCH,,0
3542,514,34.0,CASH_WITHDRAWAL,1889.61,GBP,2025-04-12 00:00:00,28,MOBILE,,0
3543,701,140.0,TRANSFER_IN,1145.14,GBP,2025-03-08 00:00:00,10,BRANCH,81.0,0
3544,313,159.0,CASH_WITHDRAWAL,37.07,GBP,2025-04-27 00:00:00,42,ATM,,0
3545,442,49.0,CASH_WITHDRAWAL,1523.39,GBP,2025-04-27 00:00:00,26,ATM,,0
3546,620,154.0,TRANSFER_IN,394.53,GBP,2025-08-29 00:00:00,19,ATM,143.0,0
3547,538,,TRANSFER_OUT,251.31,USD,2025-08-16 00:00:00,34,BRANCH,597.0,0
3548,15,176.0,TRANSFER_OUT,263.31,GBP,2025-04-10 00:00:00,6,ONLINE,777.0,0
3549,400,197.0,CASH_WITHDRAWAL,1082.59,GBP,2025-07-16 00:00:00,13,BRANCH,,0
3550,612,70.0,TRANSFER_OUT,1752.88,GBP,2025-06-11 00:00:00,44,ATM,495.0,0
3551,667,102.0,TRANSFER_IN,760.07,GBP,2025-07-10 00:00:00,32,BRANCH,46.0,0
3552,162,94.0,TRANSFER_OUT,1903.93,GBP,2025-07-03 00:00:00,10,BRANCH,152.0,0
3553,281,52.0,TRANSFER_IN,306.99,GBP,2025-04-10 00:00:00,3,ONLINE,534.0,0
3554,329,134.0,CASH_DEPOSIT,621.26,GBP,2025-01-17 00:00:00,29,MOBILE,,0
3555,111,15.0,TRANSFER_IN,1546.57,GBP,2025-04-03 00:00:00,47,MOBILE,339.0,0
3556,204,49.0,CASH_WITHDRAWAL,242.46,GBP,2025-08-24 00:00:00,27,ONLINE,,0
3557,338,160.0,CREDIT,579.87,GBP,2025-02-08 00:00:00,9,ONLINE,,0
3558,7,38.0,CASH_DEPOSIT,545.38,GBP,2025-07-10 00:00:00,15,ONLINE,,0
3559,284,,CASH_WITHDRAWAL,1598.57,GBP,2025-01-08 00:00:00,35,ATM,,0
3560,525,178.0,CREDIT,1363.42,GBP,2025-08-13 00:00:00,31,MOBILE,,0
3561,706,,DEBIT,1513.87,GBP,2025-01-30 00:00:00,28,MOBILE,,0
3562,234,126.0,CASH_DEPOSIT,1880.94,EUR,2025-05-09 00:00:00,7,ONLINE,,0
3563,44,,CASH_DEPOSIT,768.82,EUR,2025-04-15 00:00:00,23,ATM,,0
3564,532,194.0,TRANSFER_OUT,1622.48,GBP,2025-04-03 00:00:00,33,ATM,463.0,0
3565,290,89.0,CREDIT,836.94,GBP,2025-03-18 00:00:00,33,MOBILE,,0
3566,201,127.0,CASH_WITHDRAWAL,302.44,GBP,2025-07-11 00:00:00,12,MOBILE,,0
3567,655,84.0,DEBIT,139.88,GBP,2025-05-15 00:00:00,44,MOBILE,,0
3568,567,12.0,CREDIT,507.27,GBP,2025-05-22 00:00:00,48,MOBILE,,0
3569,524,,CREDIT,19.2,GBP,2025-04-12 00:00:00,31,ATM,,0
3570,389,,CASH_WITHDRAWAL,93.3,GBP,2025-05-20 00:00:00,32,BRANCH,,0
3571,329,129.0,TRANSFER_OUT,162.67,GBP,2025-01-15 00:00:00,41,ATM,321.0,0
3572,213,56.0,CASH_WITHDRAWAL,1823.05,GBP,2025-06-04 00:00:00,13,ONLINE,,0
3573,381,182.0,CREDIT,795.28,GBP,2025-06-17 00:00:00,3,ATM,,0
3574,303,22.0,TRANSFER_IN,1581.75,GBP,2025-01-01 00:00:00,41,ONLINE,16.0,0
3575,397,74.0,TRANSFER_IN,288.96,GBP,2025-06-02 00:00:00,25,BRANCH,361.0,0
3576,725,70.0,CREDIT,431.0,GBP,2025-06-06 00:00:00,31,ONLINE,,0
3577,126,93.0,CREDIT,458.03,GBP,2025-03-12 00:00:00,38,ATM,,0
3578,169,158.0,TRANSFER_OUT,61.84,GBP,2025-01-12 00:00:00,48,MOBILE,649.0,0
3579,310,78.0,CASH_DEPOSIT,1201.3,GBP,2025-07-02 00:00:00,35,BRANCH,,0
3580,565,161.0,DEBIT,1468.66,GBP,2025-01-24 00:00:00,31,ATM,,0
3581,55,,CREDIT,235.63,GBP,2025-02-09 00:00:00,32,BRANCH,,0
3582,223,57.0,CASH_DEPOSIT,259.49,EUR,2025-09-01 00:00:00,14,MOBILE,,0
3583,121,48.0,CREDIT,1742.53,GBP,2025-05-23 00:00:00,3,ATM,,0
3584,15,53.0,CASH_WITHDRAWAL,239.73,GBP,2025-08-30 00:00:00,48,MOBILE,,0
3585,406,80.0,TRANSFER_OUT,945.84,USD,2025-01-02 00:00:00,30,ONLINE,227.0,0
3586,413,196.0,TRANSFER_IN,807.42,GBP,2025-04-26 00:00:00,25,MOBILE,166.0,0
3587,563,,DEBIT,1731.58,GBP,2025-06-25 00:00:00,42,MOBILE,,0
3588,124,55.0,CASH_DEPOSIT,833.6,EUR,2025-05-04 00:00:00,36,BRANCH,,0
3589,781,110.0,TRANSFER_IN,1418.09,GBP,2025-02-22 00:00:00,13,ONLINE,307.0,0
3590,740,165.0,CASH_DEPOSIT,1996.61,GBP,2025-02-12 00:00:00,43,ONLINE,,0
3591,412,102.0,DEBIT,1775.45,GBP,2025-03-01 00:00:00,7,MOBILE,,0
3592,208,68.0,CREDIT,1996.97,GBP,2025-07-06 00:00:00,18,ONLINE,,0
3593,116,,CASH_WITHDRAWAL,622.03,USD,2025-03-31 00:00:00,7,MOBILE,,0
3594,268,8.0,TRANSFER_OUT,1499.98,GBP,2025-06-24 00:00:00,6,ATM,776.0,0
3595,725,144.0,CASH_WITHDRAWAL,1453.05,GBP,2025-04-07 00:00:00,17,ONLINE,,0
3596,86,187.0,TRANSFER_IN,1160.87,USD,2025-05-27 00:00:00,17,MOBILE,76.0,0
3597,638,147.0,CREDIT,1843.19,GBP,2025-08-07 00:00:00,27,MOBILE,,0
3598,706,148.0,TRANSFER_OUT,358.65,GBP,2025-04-20 00:00:00,34,ATM,488.0,0
3599,500,54.0,TRANSFER_IN,1577.68,GBP,2025-02-23 00:00:00,50,BRANCH,92.0,0
3600,498,153.0,DEBIT,1171.72,GBP,2025-07-28 00:00:00,36,ONLINE,,0
3601,561,77.0,CREDIT,867.54,GBP,2025-02-03 00:00:00,13,MOBILE,,0
3602,623,174.0,TRANSFER_OUT,1699.8,GBP,2025-08-10 00:00:00,2,ONLINE,97.0,0
3603,77,157.0,DEBIT,671.95,GBP,2025-01-01 00:00:00,20,BRANCH,,0
3604,188,106.0,TRANSFER_IN,1001.29,GBP,2025-01-20 00:00:00,17,ONLINE,90.0,0
3605,3,,CASH_DEPOSIT,1901.77,GBP,2025-08-28 00:00:00,25,BRANCH,,0
3606,472,5.0,TRANSFER_IN,1679.3,EUR,2025-03-29 00:00:00,31,MOBILE,544.0,0
3607,678,,TRANSFER_OUT,911.11,USD,2025-04-29 00:00:00,43,MOBILE,397.0,0
3608,463,10.0,CASH_DEPOSIT,1352.79,GBP,2025-07-25 00:00:00,12,MOBILE,,0
3609,470,79.0,CREDIT,1350.88,GBP,2025-05-11 00:00:00,25,ATM,,0
3610,163,,TRANSFER_IN,1242.8,GBP,2025-06-20 00:00:00,49,BRANCH,371.0,0
3611,699,51.0,CREDIT,1537.6,GBP,2025-01-02 00:00:00,8,ONLINE,,0
3612,698,174.0,CASH_DEPOSIT,196.27,USD,2025-02-22 00:00:00,41,MOBILE,,0
3613,748,,TRANSFER_OUT,14.18,USD,2025-05-11 00:00:00,22,ATM,521.0,0
3614,566,165.0,CASH_WITHDRAWAL,1102.84,GBP,2025-01-09 00:00:00,49,BRANCH,,0
3615,690,52.0,TRANSFER_IN,1004.4,USD,2025-08-09 00:00:00,38,BRANCH,218.0,0
3616,714,,TRANSFER_OUT,551.24,EUR,2025-02-13 00:00:00,25,MOBILE,154.0,0
3617,502,127.0,CASH_WITHDRAWAL,851.47,GBP,2025-08-12 00:00:00,23,ATM,,0
3618,271,133.0,TRANSFER_OUT,1313.37,GBP,2025-06-08 00:00:00,17,BRANCH,454.0,0
3619,763,91.0,CASH_WITHDRAWAL,1619.25,GBP,2025-08-07 00:00:00,29,BRANCH,,0
3620,328,184.0,CASH_WITHDRAWAL,263.77,GBP,2025-04-04 00:00:00,16,ATM,,0
3621,508,166.0,DEBIT,1120.52,GBP,2025-08-01 00:00:00,48,ATM,,0
3622,323,,CASH_WITHDRAWAL,1249.37,GBP,2025-01-07 00:00:00,16,ATM,,0
3623,358,9.0,TRANSFER_OUT,1052.33,GBP,2025-05-17 00:00:00,14,MOBILE,747.0,0
3624,547,104.0,CASH_DEPOSIT,381.04,GBP,2025-01-31 00:00:00,16,ATM,,0
3625,616,190.0,CASH_DEPOSIT,90.58,EUR,2025-05-02 00:00:00,15,ATM,,0
3626,215,71.0,DEBIT,706.74,GBP,2025-04-09 00:00:00,14,MOBILE,,0
3627,724,8.0,TRANSFER_IN,211.2,GBP,2025-08-14 00:00:00,10,ATM,370.0,0
3628,529,137.0,TRANSFER_OUT,1265.12,GBP,2025-02-21 00:00:00,19,ATM,479.0,0
3629,288,69.0,CASH_WITHDRAWAL,1966.98,GBP,2025-08-19 00:00:00,26,ATM,,0
3630,764,56.0,CREDIT,1807.34,GBP,2025-07-20 00:00:00,37,ATM,,0
3631,271,153.0,CREDIT,1566.21,GBP,2025-07-14 00:00:00,37,BRANCH,,0
3632,72,23.0,DEBIT,362.18,GBP,2025-01-12 00:00:00,31,ONLINE,,0
3633,699,,TRANSFER_IN,234.39,GBP,2025-05-13 00:00:00,17,ATM,488.0,0
3634,580,52.0,CASH_DEPOSIT,396.64,GBP,2025-08-02 00:00:00,2,ATM,,0
3635,90,56.0,TRANSFER_IN,897.14,GBP,2025-03-11 00:00:00,46,ATM,541.0,0
3636,605,88.0,DEBIT,1891.94,EUR,2025-04-15 00:00:00,3,MOBILE,,0
3637,779,186.0,TRANSFER_OUT,1722.13,GBP,2025-04-21 00:00:00,49,ATM,62.0,0
3638,493,180.0,CASH_DEPOSIT,1362.0,GBP,2025-02-10 00:00:00,39,MOBILE,,0
3639,245,,TRANSFER_OUT,1845.27,EUR,2025-02-02 00:00:00,13,ATM,473.0,0
3640,260,166.0,CASH_DEPOSIT,1044.23,GBP,2025-06-22 00:00:00,7,MOBILE,,0
3641,255,129.0,TRANSFER_OUT,22.92,EUR,2025-05-06 00:00:00,38,ONLINE,777.0,0
3642,46,193.0,TRANSFER_OUT,1690.82,GBP,2025-08-15 00:00:00,2,ATM,274.0,0
3643,42,117.0,CASH_DEPOSIT,413.94,GBP,2025-06-15 00:00:00,20,ATM,,0
3644,544,132.0,CREDIT,1612.03,GBP,2025-05-13 00:00:00,50,BRANCH,,0
3645,474,85.0,CASH_WITHDRAWAL,573.07,GBP,2025-08-11 00:00:00,19,BRANCH,,0
3646,636,48.0,CASH_DEPOSIT,120.22,GBP,2025-01-31 00:00:00,29,MOBILE,,0
3647,680,66.0,CREDIT,1480.02,GBP,2025-05-07 00:00:00,48,BRANCH,,0
3648,765,69.0,TRANSFER_IN,1987.73,USD,2025-07-10 00:00:00,38,MOBILE,25.0,0
3649,205,,CASH_WITHDRAWAL,72.18,GBP,2025-04-06 00:00:00,28,ONLINE,,0
3650,731,,CREDIT,849.53,GBP,2025-01-14 00:00:00,8,BRANCH,,0
3651,163,167.0,DEBIT,1798.37,GBP,2025-06-03 00:00:00,43,ATM,,0
3652,391,6.0,CASH_DEPOSIT,1645.93,GBP,2025-03-04 00:00:00,23,ATM,,0
3653,362,1.0,CREDIT,63.56,GBP,2025-06-01 00:00:00,8,BRANCH,,0
3654,282,,DEBIT,1609.6,GBP,2025-02-23 00:00:00,11,ONLINE,,0
3655,121,161.0,CASH_DEPOSIT,717.78,GBP,2025-08-24 00:00:00,21,ONLINE,,0
3656,23,52.0,DEBIT,1330.28,GBP,2025-06-29 00:00:00,3,ATM,,0
3657,530,15.0,TRANSFER_IN,1059.05,GBP,2025-06-27 00:00:00,3,MOBILE,58.0,0
3658,355,74.0,CASH_WITHDRAWAL,899.33,USD,2025-04-24 00:00:00,49,ATM,,0
3659,615,53.0,CASH_DEPOSIT,1623.64,EUR,2025-03-11 00:00:00,46,BRANCH,,0
3660,654,61.0,CASH_DEPOSIT,1660.59,GBP,2025-01-22 00:00:00,35,MOBILE,,0
3661,498,174.0,CREDIT,1530.55,USD,2025-08-27 00:00:00,18,MOBILE,,0
3662,601,26.0,CASH_DEPOSIT,689.87,USD,2025-06-15 00:00:00,30,ATM,,0
3663,793,135.0,CASH_WITHDRAWAL,1449.02,GBP,2025-03-28 00:00:00,38,ONLINE,,0
3664,250,132.0,DEBIT,1152.5,GBP,2025-08-07 00:00:00,40,BRANCH,,0
3665,311,129.0,TRANSFER_OUT,778.42,GBP,2025-03-28 00:00:00,1,BRANCH,525.0,0
3666,568,190.0,DEBIT,1770.13,GBP,2025-07-08 00:00:00,2,MOBILE,,0
3667,671,105.0,CASH_WITHDRAWAL,584.51,GBP,2025-03-27 00:00:00,2,ATM,,0
3668,423,93.0,TRANSFER_IN,1568.79,GBP,2025-07-24 00:00:00,50,MOBILE,378.0,0
3669,341,20.0,DEBIT,1018.04,GBP,2025-06-19 00:00:00,10,ATM,,0
3670,450,77.0,TRANSFER_OUT,1536.44,GBP,2025-05-08 00:00:00,32,BRANCH,382.0,0
3671,589,,TRANSFER_IN,571.32,GBP,2025-02-02 00:00:00,14,ATM,152.0,0
3672,296,64.0,TRANSFER_OUT,1194.29,GBP,2025-01-05 00:00:00,32,ONLINE,728.0,0
3673,292,,TRANSFER_IN,1201.69,GBP,2025-08-02 00:00:00,20,ATM,473.0,0
3674,272,,DEBIT,875.57,GBP,2025-06-23 00:00:00,37,BRANCH,,0
3675,432,126.0,DEBIT,312.31,GBP,2025-02-26 00:00:00,22,ONLINE,,0
3676,173,111.0,TRANSFER_OUT,530.7,GBP,2025-01-06 00:00:00,25,BRANCH,127.0,0
3677,159,,CREDIT,984.18,GBP,2025-04-12 00:00:00,24,MOBILE,,0
3678,65,,TRANSFER_IN,1897.13,GBP,2025-02-21 00:00:00,18,ONLINE,509.0,0
3679,653,,DEBIT,681.27,USD,2025-05-23 00:00:00,16,BRANCH,,0
3680,362,87.0,TRANSFER_IN,1847.65,GBP,2025-02-01 00:00:00,28,MOBILE,209.0,0
3681,382,169.0,TRANSFER_OUT,1400.21,USD,2025-04-17 00:00:00,33,ONLINE,574.0,0
3682,628,2.0,TRANSFER_IN,1977.08,GBP,2025-01-24 00:00:00,2,ATM,778.0,0
3683,735,52.0,DEBIT,949.93,GBP,2025-03-26 00:00:00,44,ATM,,0
3684,573,41.0,DEBIT,1253.37,GBP,2025-05-30 00:00:00,15,MOBILE,,0
3685,401,12.0,CASH_DEPOSIT,1364.89,GBP,2025-01-18 00:00:00,43,ATM,,0
3686,37,133.0,CASH_DEPOSIT,1094.91,GBP,2025-01-07 00:00:00,6,ONLINE,,0
3687,378,196.0,CASH_DEPOSIT,397.82,GBP,2025-01-28 00:00:00,24,MOBILE,,0
3688,178,104.0,TRANSFER_IN,101.73,GBP,2025-02-18 00:00:00,44,MOBILE,725.0,0
3689,223,,TRANSFER_OUT,489.77,GBP,2025-02-17 00:00:00,1,MOBILE,557.0,0
3690,574,133.0,CREDIT,1887.56,EUR,2025-05-24 00:00:00,35,MOBILE,,0
3691,541,116.0,CASH_DEPOSIT,203.18,GBP,2025-07-17 00:00:00,29,ATM,,0
3692,414,70.0,CREDIT,1479.6,GBP,2025-03-18 00:00:00,33,ONLINE,,0
3693,191,191.0,TRANSFER_OUT,872.75,GBP,2025-02-08 00:00:00,47,ATM,315.0,0
3694,282,,TRANSFER_IN,928.88,GBP,2025-07-16 00:00:00,44,MOBILE,780.0,0
3695,507,112.0,TRANSFER_OUT,483.04,GBP,2025-06-16 00:00:00,21,ONLINE,700.0,0
3696,710,114.0,TRANSFER_IN,548.89,GBP,2025-03-21 00:00:00,25,ATM,680.0,0
3697,91,66.0,TRANSFER_OUT,1631.82,GBP,2025-07-23 00:00:00,37,BRANCH,256.0,0
3698,95,,TRANSFER_IN,1617.13,GBP,2025-06-17 00:00:00,10,MOBILE,630.0,0
3699,286,40.0,CASH_WITHDRAWAL,760.82,GBP,2025-07-14 00:00:00,1,ATM,,0
3700,275,151.0,TRANSFER_OUT,783.99,GBP,2025-07-26 00:00:00,34,ONLINE,125.0,0
3701,678,,CREDIT,1680.37,GBP,2025-07-22 00:00:00,10,MOBILE,,0
3702,681,162.0,CASH_WITHDRAWAL,277.12,GBP,2025-05-06 00:00:00,9,MOBILE,,0
3703,54,54.0,CREDIT,974.51,GBP,2025-03-11 00:00:00,4,ATM,,0
3704,692,53.0,CASH_DEPOSIT,830.28,USD,2025-05-07 00:00:00,33,MOBILE,,0
3705,53,,TRANSFER_IN,659.08,GBP,2025-07-24 00:00:00,21,ATM,679.0,0
3706,409,171.0,TRANSFER_IN,1652.22,GBP,2025-04-09 00:00:00,36,ONLINE,56.0,0
3707,362,189.0,CREDIT,1833.55,GBP,2025-05-03 00:00:00,42,ATM,,0
3708,268,155.0,TRANSFER_IN,433.6,GBP,2025-02-27 00:00:00,11,ATM,38.0,0
3709,377,66.0,TRANSFER_OUT,713.49,USD,2025-02-15 00:00:00,3,ONLINE,299.0,0
3710,155,176.0,CASH_DEPOSIT,865.43,GBP,2025-07-03 00:00:00,7,BRANCH,,0
3711,141,84.0,DEBIT,1264.99,GBP,2025-05-16 00:00:00,23,ONLINE,,0
3712,349,161.0,DEBIT,474.69,GBP,2025-08-07 00:00:00,36,BRANCH,,0
3713,51,161.0,TRANSFER_IN,1977.84,EUR,2025-07-01 00:00:00,37,ATM,434.0,0
3714,421,53.0,CREDIT,1709.15,GBP,2025-06-27 00:00:00,46,ONLINE,,0
3715,799,54.0,CREDIT,1098.19,GBP,2025-01-11 00:00:00,48,ONLINE,,0
3716,755,,DEBIT,81.13,GBP,2025-06-04 00:00:00,6,BRANCH,,0
3717,358,168.0,TRANSFER_IN,1162.86,GBP,2025-04-03 00:00:00,40,ONLINE,342.0,0
3718,136,181.0,CREDIT,705.94,GBP,2025-01-25 00:00:00,8,BRANCH,,0
3719,221,129.0,CREDIT,94.27,EUR,2025-06-10 00:00:00,31,ATM,,0
3720,750,,CASH_WITHDRAWAL,735.73,GBP,2025-04-20 00:00:00,5,ONLINE,,0
3721,610,36.0,DEBIT,805.9,GBP,2025-03-15 00:00:00,22,MOBILE,,0
3722,471,115.0,CREDIT,1933.02,GBP,2025-03-14 00:00:00,16,ONLINE,,0
3723,625,73.0,CREDIT,1600.7,GBP,2025-04-19 00:00:00,27,BRANCH,,0
3724,408,,CREDIT,447.22,GBP,2025-08-20 00:00:00,27,BRANCH,,0
3725,348,108.0,CREDIT,504.84,GBP,2025-03-28 00:00:00,10,ATM,,0
3726,468,,DEBIT,1350.53,GBP,2025-08-17 00:00:00,31,ONLINE,,0
3727,148,81.0,DEBIT,20.39,USD,2025-08-20 00:00:00,48,ATM,,0
3728,564,110.0,CASH_DEPOSIT,10.47,GBP,2025-01-20 00:00:00,50,ONLINE,,0
3729,183,134.0,DEBIT,1699.54,GBP,2025-06-26 00:00:00,39,MOBILE,,0
3730,185,,TRANSFER_IN,1599.88,GBP,2025-07-25 00:00:00,15,MOBILE,18.0,0
3731,645,,TRANSFER_IN,1061.8,GBP,2025-06-29 00:00:00,21,ONLINE,429.0,0
3732,339,15.0,TRANSFER_OUT,1165.45,GBP,2025-08-09 00:00:00,7,MOBILE,33.0,0
3733,152,102.0,CASH_WITHDRAWAL,533.81,GBP,2025-07-20 00:00:00,22,BRANCH,,0
3734,757,7.0,CREDIT,1442.88,GBP,2025-08-08 00:00:00,50,ONLINE,,0
3735,331,140.0,CASH_DEPOSIT,70.39,GBP,2025-01-13 00:00:00,39,MOBILE,,0
3736,195,199.0,TRANSFER_IN,1448.19,GBP,2025-04-17 00:00:00,13,MOBILE,7.0,0
3737,324,198.0,TRANSFER_IN,1401.31,GBP,2025-06-29 00:00:00,4,ONLINE,592.0,0
3738,554,,DEBIT,814.21,EUR,2025-04-26 00:00:00,29,ONLINE,,0
3739,656,25.0,TRANSFER_OUT,26.39,USD,2025-04-23 00:00:00,4,ONLINE,189.0,0
3740,350,160.0,CREDIT,1105.84,GBP,2025-07-26 00:00:00,15,MOBILE,,0
3741,643,,CASH_WITHDRAWAL,944.05,GBP,2025-08-04 00:00:00,35,BRANCH,,0
3742,390,117.0,TRANSFER_OUT,1212.23,GBP,2025-04-01 00:00:00,39,ONLINE,506.0,0
3743,758,177.0,CASH_DEPOSIT,481.76,GBP,2025-01-18 00:00:00,4,BRANCH,,0
3744,739,151.0,DEBIT,1550.03,GBP,2025-05-21 00:00:00,13,MOBILE,,0
3745,735,125.0,CASH_DEPOSIT,427.71,USD,2025-06-14 00:00:00,32,ONLINE,,0
3746,532,66.0,CASH_WITHDRAWAL,603.46,GBP,2025-06-30 00:00:00,46,BRANCH,,0
3747,364,,CASH_WITHDRAWAL,671.43,GBP,2025-08-04 00:00:00,24,ATM,,0
3748,22,98.0,TRANSFER_IN,18.38,GBP,2025-02-16 00:00:00,1,ATM,551.0,0
3749,664,38.0,CASH_WITHDRAWAL,1883.88,GBP,2025-01-29 00:00:00,38,MOBILE,,0
3750,421,33.0,CASH_WITHDRAWAL,1317.01,GBP,2025-07-29 00:00:00,5,ONLINE,,0
3751,575,6.0,CASH_WITHDRAWAL,239.49,EUR,2025-04-22 00:00:00,1,ONLINE,,0
3752,604,147.0,DEBIT,1630.09,GBP,2025-04-30 00:00:00,4,ONLINE,,0
3753,202,,TRANSFER_OUT,1382.14,GBP,2025-05-16 00:00:00,2,BRANCH,685.0,0
3754,683,119.0,TRANSFER_OUT,1647.44,EUR,2025-01-22 00:00:00,18,ATM,138.0,0
3755,715,34.0,DEBIT,214.84,GBP,2025-06-15 00:00:00,42,ATM,,0
3756,314,126.0,TRANSFER_OUT,408.55,GBP,2025-06-02 00:00:00,24,ATM,713.0,0
3757,577,152.0,CREDIT,302.85,GBP,2025-07-28 00:00:00,8,MOBILE,,0
3758,378,187.0,CASH_DEPOSIT,1867.83,GBP,2025-07-24 00:00:00,19,MOBILE,,0
3759,361,127.0,TRANSFER_IN,216.15,GBP,2025-03-10 00:00:00,47,ATM,655.0,0
3760,485,139.0,DEBIT,1104.24,GBP,2025-05-06 00:00:00,47,ATM,,0
3761,269,73.0,TRANSFER_OUT,905.0,GBP,2025-08-10 00:00:00,40,BRANCH,671.0,0
3762,564,138.0,CREDIT,748.82,GBP,2025-06-01 00:00:00,31,ONLINE,,0
3763,182,198.0,DEBIT,1685.5,GBP,2025-01-16 00:00:00,45,ATM,,0
3764,261,148.0,DEBIT,301.66,GBP,2025-01-29 00:00:00,37,ONLINE,,0
3765,583,150.0,CASH_DEPOSIT,382.35,GBP,2025-06-23 00:00:00,3,MOBILE,,0
3766,643,196.0,CASH_DEPOSIT,959.39,GBP,2025-03-24 00:00:00,42,ATM,,0
3767,544,189.0,CASH_WITHDRAWAL,1566.94,GBP,2025-03-02 00:00:00,22,BRANCH,,0
3768,183,44.0,DEBIT,275.82,GBP,2025-07-18 00:00:00,36,ATM,,0
3769,260,32.0,DEBIT,376.66,GBP,2025-06-01 00:00:00,43,MOBILE,,0
3770,298,32.0,TRANSFER_OUT,465.36,EUR,2025-02-05 00:00:00,38,MOBILE,85.0,0
3771,452,131.0,TRANSFER_OUT,674.62,EUR,2025-05-26 00:00:00,42,BRANCH,703.0,0
3772,739,,TRANSFER_OUT,750.18,GBP,2025-06-15 00:00:00,4,BRANCH,334.0,0
3773,494,127.0,CASH_WITHDRAWAL,967.62,GBP,2025-01-21 00:00:00,30,BRANCH,,0
3774,209,33.0,CASH_WITHDRAWAL,606.03,GBP,2025-03-23 00:00:00,14,BRANCH,,0
3775,254,179.0,DEBIT,142.08,GBP,2025-04-01 00:00:00,3,MOBILE,,0
3776,471,159.0,TRANSFER_IN,1033.56,GBP,2025-02-18 00:00:00,25,BRANCH,462.0,0
3777,660,107.0,CREDIT,1764.71,GBP,2025-02-21 00:00:00,37,ONLINE,,0
3778,417,118.0,DEBIT,1614.14,GBP,2025-03-25 00:00:00,2,ATM,,0
3779,587,59.0,CASH_DEPOSIT,1288.22,GBP,2025-07-25 00:00:00,7,ONLINE,,0
3780,735,77.0,CREDIT,1716.92,GBP,2025-06-01 00:00:00,31,BRANCH,,0
3781,638,72.0,CASH_DEPOSIT,304.76,EUR,2025-01-28 00:00:00,34,ONLINE,,0
3782,518,164.0,CASH_DEPOSIT,834.24,EUR,2025-02-24 00:00:00,10,MOBILE,,0
3783,379,83.0,CREDIT,1059.7,GBP,2025-08-16 00:00:00,41,ONLINE,,0
3784,104,184.0,TRANSFER_OUT,79.98,GBP,2025-04-28 00:00:00,24,ATM,55.0,0
3785,659,106.0,TRANSFER_IN,1683.92,EUR,2025-04-09 00:00:00,12,BRANCH,343.0,0
3786,332,42.0,DEBIT,1824.51,EUR,2025-03-29 00:00:00,46,BRANCH,,0
3787,399,179.0,CREDIT,292.45,GBP,2025-03-14 00:00:00,1,ATM,,0
3788,86,64.0,CASH_WITHDRAWAL,593.73,GBP,2025-04-09 00:00:00,4,BRANCH,,0
3789,266,13.0,CASH_WITHDRAWAL,1325.67,GBP,2025-07-23 00:00:00,16,ONLINE,,0
3790,53,199.0,TRANSFER_IN,221.17,GBP,2025-02-04 00:00:00,5,BRANCH,648.0,0
3791,781,190.0,CREDIT,5.91,GBP,2025-03-16 00:00:00,41,ONLINE,,0
3792,500,18.0,TRANSFER_OUT,1031.62,USD,2025-04-22 00:00:00,17,ONLINE,542.0,0
3793,750,,TRANSFER_IN,543.28,GBP,2025-06-22 00:00:00,13,ATM,402.0,0
3794,369,4.0,CREDIT,1038.19,EUR,2025-03-26 00:00:00,28,BRANCH,,0
3795,566,166.0,CASH_DEPOSIT,202.31,GBP,2025-05-02 00:00:00,36,MOBILE,,0
3796,580,85.0,CREDIT,1476.76,GBP,2025-02-15 00:00:00,11,ONLINE,,0
3797,599,,CASH_WITHDRAWAL,1372.72,GBP,2025-02-10 00:00:00,37,BRANCH,,0
3798,516,29.0,TRANSFER_IN,18.65,GBP,2025-07-28 00:00:00,33,BRANCH,711.0,0
3799,721,148.0,CASH_DEPOSIT,383.17,GBP,2025-08-07 00:00:00,11,ATM,,0
3800,330,31.0,CREDIT,1642.48,GBP,2025-04-26 00:00:00,20,ONLINE,,0
3801,156,130.0,CASH_WITHDRAWAL,608.94,GBP,2025-06-08 00:00:00,33,ATM,,0
3802,413,77.0,CASH_DEPOSIT,152.84,GBP,2025-04-29 00:00:00,12,ONLINE,,0
3803,254,118.0,CASH_WITHDRAWAL,657.26,GBP,2025-01-27 00:00:00,27,BRANCH,,0
3804,280,148.0,DEBIT,1992.31,EUR,2025-07-23 00:00:00,10,ONLINE,,0
3805,574,25.0,DEBIT,385.42,GBP,2025-08-14 00:00:00,9,MOBILE,,0
3806,105,137.0,CREDIT,1774.99,GBP,2025-02-16 00:00:00,35,BRANCH,,0
3807,733,,CASH_WITHDRAWAL,255.14,USD,2025-04-12 00:00:00,12,ATM,,0
3808,489,,CASH_WITHDRAWAL,489.18,GBP,2025-01-03 00:00:00,9,BRANCH,,0
3809,253,,TRANSFER_IN,322.06,GBP,2025-04-23 00:00:00,3,ATM,486.0,0
3810,395,198.0,CREDIT,1240.06,GBP,2025-06-16 00:00:00,41,ATM,,0
3811,656,110.0,CASH_WITHDRAWAL,793.3,GBP,2025-01-14 00:00:00,35,ATM,,0
3812,499,,DEBIT,84.24,GBP,2025-02-15 00:00:00,19,ONLINE,,0
3813,21,56.0,CASH_WITHDRAWAL,76.41,GBP,2025-08-07 00:00:00,5,ONLINE,,0
3814,705,194.0,CASH_DEPOSIT,1430.8,GBP,2025-08-23 00:00:00,10,BRANCH,,0
3815,474,,CREDIT,692.61,GBP,2025-03-30 00:00:00,19,ONLINE,,0
3816,448,171.0,CASH_DEPOSIT,1187.26,GBP,2025-02-15 00:00:00,32,ATM,,0
3817,771,193.0,CASH_WITHDRAWAL,1428.05,GBP,2025-03-23 00:00:00,45,MOBILE,,0
3818,225,27.0,CASH_DEPOSIT,342.67,EUR,2025-08-21 00:00:00,25,MOBILE,,0
3819,687,199.0,TRANSFER_OUT,1100.81,GBP,2025-01-06 00:00:00,31,ONLINE,281.0,0
3820,185,60.0,TRANSFER_IN,1808.06,GBP,2025-06-16 00:00:00,15,ONLINE,534.0,0
3821,629,149.0,CREDIT,146.2,GBP,2025-04-20 00:00:00,44,MOBILE,,0
3822,691,49.0,TRANSFER_IN,502.65,GBP,2025-07-04 00:00:00,4,BRANCH,8.0,0
3823,481,,CASH_WITHDRAWAL,11.58,GBP,2025-01-02 00:00:00,47,BRANCH,,0
3824,580,148.0,CASH_DEPOSIT,1225.85,EUR,2025-07-20 00:00:00,23,ATM,,0
3825,387,181.0,TRANSFER_OUT,254.87,GBP,2025-05-20 00:00:00,1,BRANCH,593.0,0
3826,368,200.0,TRANSFER_IN,1107.13,GBP,2025-03-13 00:00:00,48,MOBILE,167.0,0
3827,380,87.0,DEBIT,396.31,GBP,2025-02-18 00:00:00,46,ONLINE,,0
3828,761,18.0,TRANSFER_IN,591.82,GBP,2025-02-23 00:00:00,43,BRANCH,113.0,0
3829,766,26.0,DEBIT,1195.32,GBP,2025-03-29 00:00:00,7,MOBILE,,0
3830,440,194.0,TRANSFER_IN,1469.6,GBP,2025-08-07 00:00:00,22,ONLINE,258.0,0
3831,67,128.0,CREDIT,285.63,GBP,2025-04-18 00:00:00,45,ATM,,0
3832,515,120.0,DEBIT,1986.13,GBP,2025-07-31 00:00:00,44,MOBILE,,0
3833,222,140.0,DEBIT,284.16,GBP,2025-01-17 00:00:00,34,MOBILE,,0
3834,362,,TRANSFER_IN,1351.12,GBP,2025-08-07 00:00:00,48,BRANCH,143.0,0
3835,123,42.0,TRANSFER_OUT,1499.66,USD,2025-03-04 00:00:00,49,ATM,223.0,0
3836,73,156.0,CREDIT,481.02,EUR,2025-05-17 00:00:00,33,ATM,,0
3837,166,,DEBIT,1633.74,GBP,2025-03-27 00:00:00,38,BRANCH,,0
3838,690,,DEBIT,473.58,EUR,2025-05-11 00:00:00,2,MOBILE,,0
3839,722,141.0,TRANSFER_IN,1431.95,GBP,2025-08-23 00:00:00,3,MOBILE,70.0,0
3840,513,20.0,CASH_WITHDRAWAL,509.39,GBP,2025-04-25 00:00:00,3,MOBILE,,0
3841,531,109.0,DEBIT,852.1,GBP,2025-05-17 00:00:00,29,MOBILE,,0
3842,189,73.0,CASH_DEPOSIT,1215.13,GBP,2025-08-23 00:00:00,1,MOBILE,,0
3843,681,6.0,TRANSFER_IN,379.48,GBP,2025-05-07 00:00:00,17,MOBILE,742.0,0
3844,210,34.0,DEBIT,91.56,GBP,2025-08-11 00:00:00,3,ONLINE,,0
3845,302,,DEBIT,135.94,GBP,2025-01-29 00:00:00,13,ONLINE,,0
3846,241,86.0,CASH_WITHDRAWAL,913.15,GBP,2025-01-13 00:00:00,47,ATM,,0
3847,779,,CREDIT,1370.84,GBP,2025-03-01 00:00:00,39,BRANCH,,0
3848,434,178.0,TRANSFER_OUT,265.3,GBP,2025-04-07 00:00:00,50,ONLINE,728.0,0
3849,536,,CASH_DEPOSIT,1782.99,GBP,2025-05-30 00:00:00,36,ATM,,0
3850,733,117.0,TRANSFER_OUT,849.92,GBP,2025-08-23 00:00:00,24,ONLINE,223.0,0
3851,513,169.0,DEBIT,261.94,GBP,2025-05-18 00:00:00,6,MOBILE,,0
3852,630,163.0,CREDIT,88.23,GBP,2025-02-27 00:00:00,3,BRANCH,,0
3853,370,65.0,TRANSFER_IN,686.46,GBP,2025-08-26 00:00:00,33,ONLINE,661.0,0
3854,755,186.0,CREDIT,564.7,GBP,2025-08-19 00:00:00,44,ONLINE,,0
3855,511,,CASH_DEPOSIT,1316.35,GBP,2025-07-06 00:00:00,44,ONLINE,,0
3856,254,28.0,TRANSFER_IN,1753.36,GBP,2025-05-11 00:00:00,22,MOBILE,583.0,0
3857,109,139.0,CASH_WITHDRAWAL,653.95,GBP,2025-07-04 00:00:00,9,ONLINE,,0
3858,371,,TRANSFER_IN,1203.9,GBP,2025-05-30 00:00:00,12,ATM,84.0,0
3859,691,65.0,DEBIT,1886.59,GBP,2025-03-22 00:00:00,27,ATM,,0
3860,9,14.0,CASH_WITHDRAWAL,939.18,GBP,2025-07-16 00:00:00,23,MOBILE,,0
3861,470,72.0,CREDIT,115.06,USD,2025-06-24 00:00:00,42,BRANCH,,0
3862,737,57.0,CASH_WITHDRAWAL,642.62,GBP,2025-07-14 00:00:00,3,ATM,,0
3863,778,,CASH_DEPOSIT,1417.87,GBP,2025-04-27 00:00:00,30,MOBILE,,0
3864,660,187.0,CREDIT,1950.03,GBP,2025-07-15 00:00:00,3,ONLINE,,0
3865,467,174.0,CASH_WITHDRAWAL,23.25,GBP,2025-07-16 00:00:00,49,BRANCH,,0
3866,507,18.0,DEBIT,1565.67,GBP,2025-01-28 00:00:00,45,ATM,,0
3867,376,138.0,CASH_WITHDRAWAL,36.17,EUR,2025-08-30 00:00:00,2,BRANCH,,0
3868,566,124.0,DEBIT,1046.02,GBP,2025-03-11 00:00:00,10,ATM,,0
3869,130,77.0,TRANSFER_OUT,123.29,GBP,2025-05-21 00:00:00,27,ATM,85.0,0
3870,118,,DEBIT,1006.65,GBP,2025-01-04 00:00:00,15,MOBILE,,0
3871,161,199.0,DEBIT,1387.41,GBP,2025-02-27 00:00:00,49,ONLINE,,0
3872,475,79.0,TRANSFER_OUT,1320.52,GBP,2025-05-25 00:00:00,40,ATM,674.0,0
3873,263,174.0,DEBIT,1510.75,GBP,2025-01-15 00:00:00,17,MOBILE,,0
3874,526,,TRANSFER_OUT,887.41,GBP,2025-07-09 00:00:00,33,MOBILE,268.0,0
3875,414,,CREDIT,570.84,GBP,2025-08-07 00:00:00,34,ONLINE,,0
3876,108,,CASH_WITHDRAWAL,387.34,GBP,2025-04-20 00:00:00,50,BRANCH,,0
3877,251,22.0,TRANSFER_IN,1845.04,GBP,2025-07-28 00:00:00,24,ONLINE,523.0,0
3878,128,95.0,CASH_DEPOSIT,165.94,GBP,2025-01-15 00:00:00,2,MOBILE,,0
3879,278,195.0,TRANSFER_OUT,545.27,GBP,2025-02-09 00:00:00,23,ATM,700.0,0
3880,481,177.0,TRANSFER_IN,423.92,GBP,2025-01-24 00:00:00,42,MOBILE,211.0,0
3881,127,87.0,TRANSFER_IN,222.9,GBP,2025-06-01 00:00:00,2,MOBILE,29.0,0
3882,389,27.0,CREDIT,1475.33,GBP,2025-02-22 00:00:00,4,ONLINE,,0
3883,370,,CREDIT,155.4,GBP,2025-03-09 00:00:00,11,ATM,,0
3884,449,63.0,CASH_WITHDRAWAL,1509.47,GBP,2025-05-24 00:00:00,17,MOBILE,,0
3885,324,31.0,DEBIT,1665.88,GBP,2025-06-25 00:00:00,21,BRANCH,,0
3886,277,106.0,CASH_WITHDRAWAL,175.12,GBP,2025-07-31 00:00:00,22,BRANCH,,0
3887,215,199.0,TRANSFER_IN,1072.95,GBP,2025-05-16 00:00:00,9,BRANCH,62.0,0
3888,547,157.0,CASH_DEPOSIT,1634.97,GBP,2025-01-09 00:00:00,12,MOBILE,,0
3889,137,143.0,TRANSFER_IN,1188.36,GBP,2025-05-11 00:00:00,4,MOBILE,686.0,0
3890,755,,TRANSFER_IN,1752.41,GBP,2025-05-13 00:00:00,2,BRANCH,29.0,0
3891,508,128.0,CASH_WITHDRAWAL,1332.98,GBP,2025-06-25 00:00:00,41,ATM,,0
3892,217,76.0,CREDIT,719.47,GBP,2025-06-29 00:00:00,31,ATM,,0
3893,501,74.0,TRANSFER_IN,1133.16,GBP,2025-05-31 00:00:00,16,ONLINE,314.0,0
3894,438,14.0,DEBIT,872.35,GBP,2025-05-17 00:00:00,33,MOBILE,,0
3895,400,112.0,CREDIT,1920.76,GBP,2025-04-04 00:00:00,24,MOBILE,,0
3896,509,59.0,CASH_DEPOSIT,706.51,GBP,2025-03-16 00:00:00,42,ATM,,0
3897,22,36.0,DEBIT,49.17,GBP,2025-01-07 00:00:00,30,MOBILE,,0
3898,370,91.0,CASH_WITHDRAWAL,400.24,GBP,2025-01-24 00:00:00,49,ATM,,0
3899,62,158.0,CREDIT,286.96,GBP,2025-03-06 00:00:00,30,ONLINE,,0
3900,451,102.0,CREDIT,724.34,EUR,2025-06-30 00:00:00,31,BRANCH,,0
3901,207,101.0,DEBIT,439.13,GBP,2025-06-16 00:00:00,15,BRANCH,,0
3902,253,153.0,CASH_DEPOSIT,1869.17,GBP,2025-03-10 00:00:00,10,ATM,,0
3903,571,40.0,CASH_WITHDRAWAL,1849.67,GBP,2025-07-21 00:00:00,32,BRANCH,,0
3904,584,68.0,TRANSFER_IN,1853.28,GBP,2025-06-28 00:00:00,48,BRANCH,729.0,0
3905,639,117.0,CASH_WITHDRAWAL,1016.61,GBP,2025-04-25 00:00:00,47,MOBILE,,0
3906,744,182.0,TRANSFER_IN,1363.7,EUR,2025-04-23 00:00:00,47,ONLINE,542.0,0
3907,235,38.0,CASH_WITHDRAWAL,563.32,GBP,2025-02-24 00:00:00,39,MOBILE,,0
3908,404,,CREDIT,954.22,GBP,2025-04-15 00:00:00,18,ONLINE,,0
3909,785,11.0,TRANSFER_IN,1458.16,GBP,2025-06-19 00:00:00,24,ONLINE,83.0,0
3910,168,60.0,CASH_DEPOSIT,163.51,GBP,2025-01-05 00:00:00,23,ONLINE,,0
3911,140,34.0,CASH_DEPOSIT,1438.32,GBP,2025-05-03 00:00:00,50,BRANCH,,0
3912,696,151.0,TRANSFER_IN,343.57,EUR,2025-04-24 00:00:00,50,ATM,503.0,0
3913,494,47.0,CREDIT,1251.78,GBP,2025-03-09 00:00:00,14,MOBILE,,0
3914,655,,TRANSFER_OUT,391.09,GBP,2025-07-03 00:00:00,29,MOBILE,623.0,0
3915,429,149.0,CREDIT,164.22,EUR,2025-01-11 00:00:00,1,MOBILE,,0
3916,389,113.0,CREDIT,140.09,GBP,2025-06-10 00:00:00,41,BRANCH,,0
3917,714,146.0,CASH_WITHDRAWAL,1575.66,USD,2025-02-25 00:00:00,32,ONLINE,,0
3918,370,,TRANSFER_OUT,501.01,USD,2025-02-16 00:00:00,1,MOBILE,68.0,0
3919,570,8.0,CASH_WITHDRAWAL,1620.75,EUR,2025-05-02 00:00:00,40,MOBILE,,0
3920,239,59.0,DEBIT,1964.9,GBP,2025-02-19 00:00:00,18,ONLINE,,0
3921,760,88.0,DEBIT,1787.98,GBP,2025-06-25 00:00:00,45,ATM,,0
3922,686,,TRANSFER_IN,1215.04,GBP,2025-06-28 00:00:00,2,MOBILE,422.0,0
3923,558,1.0,CASH_DEPOSIT,122.29,GBP,2025-01-08 00:00:00,36,ATM,,0
3924,88,,DEBIT,1047.28,GBP,2025-03-13 00:00:00,23,MOBILE,,0
3925,252,165.0,CASH_WITHDRAWAL,650.08,GBP,2025-01-10 00:00:00,9,MOBILE,,0
3926,215,84.0,CASH_DEPOSIT,1814.33,USD,2025-08-31 00:00:00,23,ONLINE,,0
3927,472,159.0,DEBIT,399.41,GBP,2025-07-29 00:00:00,36,ONLINE,,0
3928,445,,CASH_DEPOSIT,569.6,GBP,2025-03-28 00:00:00,1,MOBILE,,0
3929,752,57.0,DEBIT,98.92,GBP,2025-05-20 00:00:00,28,ATM,,0
3930,666,180.0,TRANSFER_OUT,652.46,GBP,2025-03-28 00:00:00,1,BRANCH,589.0,0
3931,772,86.0,DEBIT,596.87,GBP,2025-04-23 00:00:00,12,MOBILE,,0
3932,401,75.0,CASH_WITHDRAWAL,789.73,GBP,2025-05-09 00:00:00,28,BRANCH,,0
3933,107,32.0,TRANSFER_IN,1535.51,GBP,2025-03-20 00:00:00,15,BRANCH,784.0,0
3934,679,12.0,CASH_WITHDRAWAL,1909.09,GBP,2025-04-13 00:00:00,10,ONLINE,,0
3935,499,,TRANSFER_IN,1326.49,EUR,2025-08-08 00:00:00,37,BRANCH,110.0,0
3936,436,184.0,TRANSFER_OUT,901.02,USD,2025-05-23 00:00:00,44,ATM,578.0,0
3937,524,179.0,TRANSFER_IN,1068.13,GBP,2025-06-08 00:00:00,5,ONLINE,56.0,0
3938,405,112.0,TRANSFER_OUT,1284.01,USD,2025-09-01 00:00:00,6,ATM,640.0,0
3939,242,116.0,CASH_DEPOSIT,1224.24,GBP,2025-04-27 00:00:00,31,ONLINE,,0
3940,75,,TRANSFER_IN,1152.11,EUR,2025-04-21 00:00:00,48,BRANCH,365.0,0
3941,693,134.0,CREDIT,1852.97,GBP,2025-03-05 00:00:00,29,ONLINE,,0
3942,277,75.0,DEBIT,967.53,GBP,2025-04-10 00:00:00,23,ONLINE,,0
3943,522,,TRANSFER_IN,790.85,GBP,2025-04-21 00:00:00,45,MOBILE,776.0,0
3944,52,,CREDIT,1338.12,EUR,2025-05-01 00:00:00,14,BRANCH,,0
3945,795,37.0,TRANSFER_IN,781.84,GBP,2025-02-17 00:00:00,5,MOBILE,256.0,0
3946,5,200.0,TRANSFER_IN,918.38,GBP,2025-05-28 00:00:00,23,ONLINE,377.0,0
3947,240,79.0,CREDIT,684.14,GBP,2025-01-06 00:00:00,1,ONLINE,,0
3948,342,,CASH_DEPOSIT,429.65,GBP,2025-01-12 00:00:00,45,MOBILE,,0
3949,32,69.0,DEBIT,1643.2,USD,2025-03-28 00:00:00,42,MOBILE,,0
3950,129,83.0,TRANSFER_OUT,1465.89,GBP,2025-06-07 00:00:00,44,ATM,738.0,0
3951,452,,DEBIT,1474.05,GBP,2025-04-20 00:00:00,3,ONLINE,,0
3952,511,97.0,DEBIT,1663.97,GBP,2025-03-05 00:00:00,29,ONLINE,,0
3953,53,188.0,CASH_DEPOSIT,163.29,USD,2025-03-21 00:00:00,19,MOBILE,,0
3954,397,22.0,CASH_WITHDRAWAL,1457.78,GBP,2025-08-20 00:00:00,25,MOBILE,,0
3955,516,,TRANSFER_OUT,876.14,USD,2025-08-17 00:00:00,31,ATM,309.0,0
3956,7,66.0,TRANSFER_IN,1667.51,GBP,2025-02-01 00:00:00,34,MOBILE,298.0,0
3957,779,128.0,TRANSFER_IN,138.8,GBP,2025-05-10 00:00:00,24,MOBILE,643.0,0
3958,66,186.0,CASH_WITHDRAWAL,1210.7,GBP,2025-02-14 00:00:00,27,MOBILE,,0
3959,726,147.0,CREDIT,168.9,GBP,2025-02-22 00:00:00,46,MOBILE,,0
3960,591,,CASH_DEPOSIT,1794.62,GBP,2025-02-10 00:00:00,8,BRANCH,,0
3961,577,4.0,TRANSFER_OUT,1398.86,GBP,2025-08-09 00:00:00,9,ONLINE,297.0,0
3962,736,131.0,TRANSFER_IN,1846.38,GBP,2025-04-27 00:00:00,31,ONLINE,373.0,0
3963,683,188.0,TRANSFER_OUT,1301.56,GBP,2025-01-02 00:00:00,19,BRANCH,428.0,0
3964,562,60.0,CASH_DEPOSIT,173.62,GBP,2025-06-25 00:00:00,48,BRANCH,,0
3965,380,103.0,TRANSFER_OUT,1841.65,GBP,2025-08-31 00:00:00,29,ATM,382.0,0
3966,486,99.0,TRANSFER_OUT,1723.35,GBP,2025-04-11 00:00:00,3,BRANCH,129.0,0
3967,9,189.0,TRANSFER_IN,1700.49,GBP,2025-04-22 00:00:00,20,BRANCH,329.0,0
3968,190,94.0,DEBIT,578.6,GBP,2025-05-13 00:00:00,32,MOBILE,,0
3969,608,125.0,CREDIT,938.7,GBP,2025-03-12 00:00:00,10,MOBILE,,0
3970,6,176.0,CASH_WITHDRAWAL,1110.25,GBP,2025-04-17 00:00:00,39,MOBILE,,0
3971,610,,TRANSFER_OUT,1568.35,GBP,2025-05-15 00:00:00,28,BRANCH,36.0,0
3972,64,123.0,CREDIT,614.05,USD,2025-02-21 00:00:00,38,ONLINE,,0
3973,252,23.0,TRANSFER_IN,498.11,GBP,2025-05-20 00:00:00,45,MOBILE,581.0,0
3974,245,6.0,DEBIT,221.45,GBP,2025-08-11 00:00:00,33,BRANCH,,0
3975,685,91.0,TRANSFER_IN,1006.03,GBP,2025-05-14 00:00:00,32,BRANCH,381.0,0
3976,137,92.0,CREDIT,1141.18,GBP,2025-01-20 00:00:00,18,MOBILE,,0
3977,422,65.0,TRANSFER_IN,912.37,EUR,2025-03-23 00:00:00,5,ATM,586.0,0
3978,560,129.0,TRANSFER_OUT,1426.68,GBP,2025-03-03 00:00:00,22,BRANCH,407.0,0
3979,435,,TRANSFER_OUT,1946.89,GBP,2025-02-22 00:00:00,35,BRANCH,728.0,0
3980,763,171.0,TRANSFER_IN,141.24,GBP,2025-08-25 00:00:00,10,BRANCH,699.0,0
3981,397,,CASH_WITHDRAWAL,249.72,GBP,2025-05-30 00:00:00,8,ATM,,0
3982,133,109.0,CASH_DEPOSIT,616.51,GBP,2025-06-30 00:00:00,11,MOBILE,,0
3983,403,,CASH_WITHDRAWAL,1872.04,GBP,2025-04-21 00:00:00,34,BRANCH,,0
3984,120,152.0,TRANSFER_OUT,386.52,GBP,2025-07-06 00:00:00,39,ONLINE,93.0,0
3985,5,127.0,DEBIT,1215.4,GBP,2025-07-21 00:00:00,40,BRANCH,,0
3986,738,33.0,DEBIT,379.81,USD,2025-02-10 00:00:00,7,MOBILE,,0
3987,128,94.0,CASH_WITHDRAWAL,155.09,GBP,2025-03-12 00:00:00,23,ATM,,0
3988,176,,CASH_WITHDRAWAL,544.97,GBP,2025-02-08 00:00:00,3,ONLINE,,0
3989,401,105.0,CREDIT,1266.18,GBP,2025-02-24 00:00:00,44,BRANCH,,0
3990,38,74.0,CREDIT,1464.93,GBP,2025-03-24 00:00:00,16,ONLINE,,0
3991,284,14.0,CASH_WITHDRAWAL,991.56,GBP,2025-08-07 00:00:00,39,BRANCH,,0
3992,68,41.0,DEBIT,286.58,GBP,2025-03-18 00:00:00,13,BRANCH,,0
3993,51,95.0,DEBIT,1521.13,GBP,2025-02-24 00:00:00,48,MOBILE,,0
3994,189,150.0,CASH_WITHDRAWAL,1880.82,GBP,2025-07-22 00:00:00,30,ONLINE,,0
3995,144,2.0,TRANSFER_IN,1856.11,GBP,2025-01-07 00:00:00,40,ONLINE,480.0,0
3996,496,143.0,CREDIT,475.04,GBP,2025-06-26 00:00:00,16,MOBILE,,0
3997,775,,TRANSFER_OUT,1261.05,GBP,2025-04-22 00:00:00,23,BRANCH,264.0,0
3998,452,113.0,CREDIT,890.41,GBP,2025-02-27 00:00:00,22,BRANCH,,0
3999,318,28.0,TRANSFER_IN,938.96,GBP,2025-08-21 00:00:00,25,ATM,439.0,0
4000,109,175.0,CREDIT,1162.29,GBP,2025-05-28 00:00:00,48,MOBILE,,0
4001,622,119.0,CASH_WITHDRAWAL,106.75,GBP,2025-01-18 00:00:00,23,ONLINE,,0
4002,658,66.0,CREDIT,1274.99,GBP,2025-04-22 00:00:00,11,ATM,,0
4003,634,,CASH_DEPOSIT,1945.0,GBP,2025-03-26 00:00:00,33,MOBILE,,0
4004,295,,TRANSFER_OUT,381.94,GBP,2025-08-02 00:00:00,37,ONLINE,135.0,0
4005,618,,DEBIT,445.99,EUR,2025-02-07 00:00:00,29,BRANCH,,0
4006,614,179.0,TRANSFER_IN,633.54,GBP,2025-01-23 00:00:00,19,MOBILE,87.0,0
4007,758,173.0,CREDIT,1966.13,GBP,2025-08-26 00:00:00,46,ATM,,0
4008,670,84.0,CASH_DEPOSIT,182.24,GBP,2025-03-12 00:00:00,17,MOBILE,,0
4009,404,56.0,TRANSFER_OUT,537.76,GBP,2025-07-30 00:00:00,11,ATM,603.0,0
4010,96,41.0,CASH_WITHDRAWAL,1521.49,EUR,2025-06-11 00:00:00,4,ATM,,0
4011,645,114.0,TRANSFER_OUT,1437.02,GBP,2025-02-10 00:00:00,30,ONLINE,643.0,0
4012,520,,TRANSFER_OUT,1843.87,GBP,2025-05-04 00:00:00,7,ONLINE,617.0,0
4013,224,193.0,TRANSFER_IN,440.0,GBP,2025-05-31 00:00:00,3,ONLINE,682.0,0
4014,434,36.0,TRANSFER_IN,1031.39,USD,2025-08-27 00:00:00,29,BRANCH,291.0,0
4015,413,106.0,DEBIT,961.47,GBP,2025-03-21 00:00:00,30,ONLINE,,0
4016,248,108.0,CASH_WITHDRAWAL,437.11,GBP,2025-03-15 00:00:00,25,BRANCH,,0
4017,665,195.0,CASH_WITHDRAWAL,829.15,USD,2025-08-29 00:00:00,50,ONLINE,,0
4018,343,106.0,CASH_WITHDRAWAL,405.39,GBP,2025-03-22 00:00:00,32,MOBILE,,0
4019,322,,DEBIT,1636.16,GBP,2025-01-28 00:00:00,47,ATM,,0
4020,406,99.0,TRANSFER_IN,1408.75,GBP,2025-08-22 00:00:00,38,ATM,336.0,0
4021,422,164.0,CREDIT,1412.15,GBP,2025-03-22 00:00:00,10,MOBILE,,0
4022,584,,CASH_WITHDRAWAL,547.73,GBP,2025-02-05 00:00:00,6,ONLINE,,0
4023,578,33.0,TRANSFER_IN,189.7,GBP,2025-04-01 00:00:00,31,BRANCH,738.0,0
4024,203,34.0,CREDIT,971.92,GBP,2025-03-11 00:00:00,5,BRANCH,,0
4025,148,,TRANSFER_IN,431.94,GBP,2025-08-05 00:00:00,31,ONLINE,559.0,0
4026,80,125.0,CREDIT,361.98,GBP,2025-02-01 00:00:00,2,MOBILE,,0
4027,371,39.0,TRANSFER_IN,1785.52,GBP,2025-06-05 00:00:00,10,MOBILE,622.0,0
4028,654,23.0,CASH_WITHDRAWAL,1978.55,GBP,2025-08-28 00:00:00,20,ATM,,0
4029,137,7.0,TRANSFER_OUT,1611.5,GBP,2025-06-20 00:00:00,38,BRANCH,203.0,0
4030,618,140.0,TRANSFER_OUT,1079.3,GBP,2025-06-18 00:00:00,19,ATM,413.0,0
4031,469,7.0,DEBIT,1902.01,GBP,2025-02-09 00:00:00,20,BRANCH,,0
4032,409,101.0,TRANSFER_OUT,1217.09,GBP,2025-02-26 00:00:00,28,ONLINE,697.0,0
4033,579,54.0,CASH_DEPOSIT,819.91,GBP,2025-06-24 00:00:00,48,BRANCH,,0
4034,747,84.0,TRANSFER_IN,1160.67,GBP,2025-06-12 00:00:00,28,MOBILE,585.0,0
4035,489,97.0,TRANSFER_OUT,1133.3,EUR,2025-07-26 00:00:00,50,MOBILE,336.0,0
4036,459,41.0,TRANSFER_OUT,493.87,USD,2025-08-24 00:00:00,35,MOBILE,485.0,0
4037,57,70.0,TRANSFER_OUT,357.79,GBP,2025-06-24 00:00:00,16,BRANCH,654.0,0
4038,258,,TRANSFER_OUT,835.29,GBP,2025-04-01 00:00:00,7,BRANCH,614.0,0
4039,747,23.0,CASH_DEPOSIT,101.15,GBP,2025-05-12 00:00:00,26,MOBILE,,0
4040,515,,TRANSFER_OUT,1516.71,GBP,2025-06-28 00:00:00,34,ATM,631.0,0
4041,174,65.0,CASH_DEPOSIT,1788.8,GBP,2025-01-05 00:00:00,49,MOBILE,,0
4042,697,,CASH_WITHDRAWAL,1353.29,GBP,2025-01-22 00:00:00,34,ATM,,0
4043,637,107.0,DEBIT,462.95,GBP,2025-01-13 00:00:00,36,MOBILE,,0
4044,713,26.0,CASH_DEPOSIT,498.91,GBP,2025-04-12 00:00:00,38,MOBILE,,0
4045,275,150.0,DEBIT,1609.98,GBP,2025-07-22 00:00:00,14,ATM,,0
4046,506,64.0,CASH_WITHDRAWAL,1939.61,GBP,2025-01-01 00:00:00,6,MOBILE,,0
4047,164,,DEBIT,158.17,GBP,2025-05-09 00:00:00,49,BRANCH,,0
4048,185,161.0,CREDIT,484.72,GBP,2025-02-08 00:00:00,14,ONLINE,,0
4049,200,102.0,CASH_WITHDRAWAL,1520.92,GBP,2025-01-18 00:00:00,19,ONLINE,,0
4050,608,21.0,CREDIT,972.64,GBP,2025-02-01 00:00:00,36,ATM,,0
4051,496,29.0,CREDIT,1246.74,GBP,2025-08-18 00:00:00,16,ONLINE,,0
4052,680,125.0,CASH_WITHDRAWAL,643.8,EUR,2025-01-02 00:00:00,45,ONLINE,,0
4053,707,149.0,CASH_WITHDRAWAL,1995.38,GBP,2025-09-01 00:00:00,30,ATM,,0
4054,351,,CREDIT,1642.55,GBP,2025-03-17 00:00:00,20,MOBILE,,0
4055,264,,CASH_DEPOSIT,1819.79,GBP,2025-04-06 00:00:00,5,BRANCH,,0
4056,292,78.0,TRANSFER_OUT,1239.52,GBP,2025-06-10 00:00:00,4,ATM,12.0,0
4057,137,137.0,CREDIT,1812.7,GBP,2025-01-14 00:00:00,3,MOBILE,,0
4058,673,,CASH_WITHDRAWAL,1041.75,EUR,2025-03-14 00:00:00,41,ONLINE,,0
4059,184,,CREDIT,230.95,GBP,2025-01-04 00:00:00,2,BRANCH,,0
4060,615,,CREDIT,360.01,GBP,2025-05-20 00:00:00,15,MOBILE,,0
4061,700,90.0,CREDIT,1424.24,GBP,2025-04-03 00:00:00,10,ONLINE,,0
4062,168,29.0,DEBIT,876.12,GBP,2025-07-05 00:00:00,19,MOBILE,,0
4063,542,,CASH_WITHDRAWAL,434.13,USD,2025-06-23 00:00:00,2,ONLINE,,0
4064,768,103.0,TRANSFER_OUT,1013.55,GBP,2025-04-21 00:00:00,30,ATM,755.0,0
4065,139,,DEBIT,363.14,GBP,2025-02-18 00:00:00,33,ATM,,0
4066,263,111.0,TRANSFER_OUT,471.55,GBP,2025-02-13 00:00:00,3,BRANCH,86.0,0
4067,495,87.0,CREDIT,1283.23,GBP,2025-08-31 00:00:00,44,ONLINE,,0
4068,370,20.0,CASH_DEPOSIT,1046.2,GBP,2025-01-16 00:00:00,43,BRANCH,,0
4069,29,82.0,DEBIT,1057.6,GBP,2025-02-11 00:00:00,36,BRANCH,,0
4070,423,,TRANSFER_OUT,129.26,GBP,2025-05-10 00:00:00,17,ATM,463.0,0
4071,625,188.0,DEBIT,1120.47,GBP,2025-01-07 00:00:00,42,ATM,,0
4072,403,76.0,DEBIT,682.79,GBP,2025-03-24 00:00:00,21,ONLINE,,0
4073,87,42.0,TRANSFER_OUT,338.16,GBP,2025-04-24 00:00:00,16,MOBILE,562.0,0
4074,192,31.0,CASH_WITHDRAWAL,1096.55,GBP,2025-01-03 00:00:00,24,ONLINE,,0
4075,93,17.0,CREDIT,514.96,GBP,2025-02-20 00:00:00,25,ONLINE,,0
4076,75,,CASH_DEPOSIT,83.88,GBP,2025-03-19 00:00:00,3,ATM,,0
4077,323,173.0,TRANSFER_OUT,1277.88,GBP,2025-08-08 00:00:00,31,ONLINE,737.0,0
4078,91,172.0,TRANSFER_OUT,546.68,GBP,2025-07-27 00:00:00,29,ATM,523.0,0
4079,570,50.0,CASH_WITHDRAWAL,1316.44,GBP,2025-07-21 00:00:00,17,ONLINE,,0
4080,459,155.0,DEBIT,619.27,GBP,2025-06-25 00:00:00,6,MOBILE,,0
4081,556,,CASH_DEPOSIT,245.34,GBP,2025-02-01 00:00:00,7,BRANCH,,0
4082,344,128.0,CASH_WITHDRAWAL,807.22,GBP,2025-08-19 00:00:00,5,BRANCH,,0
4083,133,103.0,CASH_WITHDRAWAL,62.83,GBP,2025-05-26 00:00:00,10,ONLINE,,0
4084,461,85.0,DEBIT,1864.31,GBP,2025-08-31 00:00:00,30,ONLINE,,0
4085,133,,CASH_WITHDRAWAL,415.24,GBP,2025-06-30 00:00:00,23,MOBILE,,0
4086,313,42.0,TRANSFER_OUT,923.6,GBP,2025-08-09 00:00:00,13,MOBILE,61.0,0
4087,633,,CASH_WITHDRAWAL,1178.17,GBP,2025-05-17 00:00:00,18,ATM,,0
4088,242,129.0,TRANSFER_OUT,353.43,GBP,2025-02-13 00:00:00,40,MOBILE,221.0,0
4089,644,180.0,TRANSFER_OUT,1784.04,GBP,2025-02-11 00:00:00,45,BRANCH,31.0,0
4090,628,129.0,TRANSFER_OUT,1333.63,GBP,2025-06-05 00:00:00,34,BRANCH,785.0,0
4091,394,74.0,TRANSFER_IN,274.95,GBP,2025-05-30 00:00:00,36,MOBILE,327.0,0
4092,741,174.0,TRANSFER_IN,266.09,GBP,2025-01-20 00:00:00,36,ATM,678.0,0
4093,465,40.0,TRANSFER_OUT,501.61,EUR,2025-08-01 00:00:00,16,BRANCH,4.0,0
4094,400,15.0,DEBIT,824.97,GBP,2025-03-11 00:00:00,50,ONLINE,,0
4095,120,35.0,DEBIT,751.93,GBP,2025-03-07 00:00:00,45,BRANCH,,0
4096,182,,TRANSFER_OUT,427.5,GBP,2025-08-11 00:00:00,34,ATM,187.0,0
4097,223,118.0,DEBIT,570.21,GBP,2025-04-03 00:00:00,46,ONLINE,,0
4098,758,,CASH_WITHDRAWAL,1886.87,GBP,2025-08-12 00:00:00,19,MOBILE,,0
4099,87,120.0,TRANSFER_IN,533.95,GBP,2025-03-17 00:00:00,37,BRANCH,490.0,0
4100,657,196.0,DEBIT,1265.39,GBP,2025-03-18 00:00:00,12,BRANCH,,0
4101,388,29.0,TRANSFER_IN,153.82,GBP,2025-02-01 00:00:00,27,BRANCH,771.0,0
4102,503,45.0,TRANSFER_IN,1322.95,GBP,2025-05-31 00:00:00,39,ATM,178.0,0
4103,260,53.0,TRANSFER_IN,432.74,USD,2025-04-06 00:00:00,49,ONLINE,369.0,0
4104,246,,DEBIT,932.11,GBP,2025-03-08 00:00:00,24,ONLINE,,0
4105,542,72.0,TRANSFER_OUT,1767.47,GBP,2025-06-25 00:00:00,16,ONLINE,348.0,0
4106,477,,CASH_DEPOSIT,347.18,GBP,2025-02-20 00:00:00,5,ONLINE,,0
4107,742,36.0,TRANSFER_IN,811.98,GBP,2025-09-01 00:00:00,16,ATM,548.0,0
4108,656,99.0,CREDIT,620.53,GBP,2025-07-29 00:00:00,41,ONLINE,,0
4109,276,4.0,TRANSFER_OUT,844.33,GBP,2025-04-10 00:00:00,8,ONLINE,387.0,0
4110,610,63.0,CASH_WITHDRAWAL,894.52,GBP,2025-01-27 00:00:00,10,ONLINE,,0
4111,532,,CASH_DEPOSIT,1911.73,GBP,2025-04-09 00:00:00,22,ONLINE,,0
4112,435,198.0,TRANSFER_IN,878.35,GBP,2025-01-03 00:00:00,7,ONLINE,169.0,0
4113,327,187.0,CREDIT,167.39,GBP,2025-08-21 00:00:00,17,ONLINE,,0
4114,192,,TRANSFER_OUT,334.29,USD,2025-07-22 00:00:00,33,MOBILE,655.0,0
4115,137,45.0,DEBIT,1110.6,USD,2025-07-11 00:00:00,45,BRANCH,,0
4116,145,119.0,CASH_DEPOSIT,793.08,GBP,2025-06-04 00:00:00,41,ATM,,0
4117,518,,CREDIT,69.68,GBP,2025-01-18 00:00:00,19,ONLINE,,0
4118,285,,CREDIT,518.49,GBP,2025-05-02 00:00:00,15,ATM,,0
4119,174,137.0,TRANSFER_OUT,140.12,USD,2025-02-13 00:00:00,34,BRANCH,758.0,0
4120,614,154.0,TRANSFER_IN,916.63,GBP,2025-05-01 00:00:00,45,ATM,219.0,0
4121,772,,CASH_WITHDRAWAL,1530.95,GBP,2025-06-01 00:00:00,15,ONLINE,,0
4122,349,123.0,CASH_DEPOSIT,941.11,GBP,2025-06-14 00:00:00,35,MOBILE,,0
4123,400,5.0,TRANSFER_OUT,627.21,GBP,2025-01-11 00:00:00,24,MOBILE,620.0,0
4124,280,138.0,DEBIT,636.34,GBP,2025-07-29 00:00:00,15,ONLINE,,0
4125,243,112.0,CASH_WITHDRAWAL,55.71,GBP,2025-04-02 00:00:00,50,ATM,,0
4126,634,99.0,TRANSFER_OUT,1434.79,USD,2025-02-24 00:00:00,23,BRANCH,693.0,0
4127,480,,TRANSFER_OUT,39.1,GBP,2025-08-05 00:00:00,6,MOBILE,90.0,0
4128,59,75.0,CREDIT,781.89,GBP,2025-04-08 00:00:00,20,BRANCH,,0
4129,107,34.0,TRANSFER_IN,693.74,GBP,2025-05-09 00:00:00,23,MOBILE,330.0,0
4130,416,87.0,CREDIT,1603.2,GBP,2025-05-01 00:00:00,50,ATM,,0
4131,783,152.0,TRANSFER_IN,80.94,GBP,2025-08-17 00:00:00,27,BRANCH,793.0,0
4132,793,58.0,TRANSFER_OUT,1751.59,GBP,2025-07-27 00:00:00,48,BRANCH,745.0,0
4133,768,20.0,CREDIT,345.21,GBP,2025-07-29 00:00:00,48,BRANCH,,0
4134,430,152.0,CASH_WITHDRAWAL,107.5,GBP,2025-07-26 00:00:00,21,MOBILE,,0
4135,162,,CASH_DEPOSIT,1504.27,USD,2025-05-25 00:00:00,44,ATM,,0
4136,336,,CREDIT,1574.14,GBP,2025-03-07 00:00:00,44,ONLINE,,0
4137,146,58.0,CASH_WITHDRAWAL,1036.43,GBP,2025-04-23 00:00:00,1,ONLINE,,0
4138,574,23.0,TRANSFER_IN,1142.85,GBP,2025-02-02 00:00:00,19,MOBILE,425.0,0
4139,578,121.0,TRANSFER_IN,446.65,GBP,2025-03-29 00:00:00,5,MOBILE,692.0,0
4140,623,,TRANSFER_OUT,1412.34,GBP,2025-06-07 00:00:00,19,ATM,73.0,0
4141,320,112.0,CASH_WITHDRAWAL,339.32,GBP,2025-05-11 00:00:00,23,MOBILE,,0
4142,23,63.0,CREDIT,530.61,GBP,2025-01-18 00:00:00,34,ATM,,0
4143,539,115.0,CREDIT,1044.95,GBP,2025-08-19 00:00:00,23,MOBILE,,0
4144,675,130.0,DEBIT,577.28,GBP,2025-06-06 00:00:00,5,ATM,,0
4145,88,,TRANSFER_OUT,101.3,GBP,2025-08-01 00:00:00,48,MOBILE,63.0,0
4146,517,,TRANSFER_IN,566.34,GBP,2025-03-19 00:00:00,16,ATM,669.0,0
4147,441,47.0,CASH_WITHDRAWAL,36.71,GBP,2025-02-20 00:00:00,6,MOBILE,,0
4148,483,,CASH_DEPOSIT,101.32,GBP,2025-08-21 00:00:00,5,ONLINE,,0
4149,595,107.0,TRANSFER_OUT,1451.11,GBP,2025-04-16 00:00:00,32,ATM,475.0,0
4150,466,107.0,TRANSFER_IN,1531.66,GBP,2025-03-21 00:00:00,23,BRANCH,306.0,0
4151,339,15.0,CREDIT,504.14,EUR,2025-06-07 00:00:00,22,BRANCH,,0
4152,207,190.0,CASH_WITHDRAWAL,226.52,EUR,2025-04-08 00:00:00,40,MOBILE,,0
4153,588,53.0,CREDIT,1646.06,GBP,2025-07-07 00:00:00,49,MOBILE,,0
4154,197,49.0,CASH_WITHDRAWAL,1892.66,GBP,2025-04-04 00:00:00,44,ONLINE,,0
4155,319,,CASH_DEPOSIT,633.23,GBP,2025-01-08 00:00:00,30,ONLINE,,0
4156,147,5.0,TRANSFER_OUT,281.54,GBP,2025-01-04 00:00:00,25,ATM,289.0,0
4157,735,162.0,DEBIT,1493.97,GBP,2025-07-28 00:00:00,33,ATM,,0
4158,448,108.0,TRANSFER_IN,1127.16,GBP,2025-03-07 00:00:00,43,MOBILE,465.0,0
4159,714,,CASH_DEPOSIT,909.96,GBP,2025-05-30 00:00:00,19,ONLINE,,0
4160,448,123.0,CREDIT,693.03,GBP,2025-02-10 00:00:00,15,BRANCH,,0
4161,520,117.0,TRANSFER_OUT,1537.98,GBP,2025-05-20 00:00:00,12,BRANCH,544.0,0
4162,785,22.0,CASH_DEPOSIT,1341.44,GBP,2025-05-31 00:00:00,20,BRANCH,,0
4163,85,186.0,TRANSFER_IN,1251.76,GBP,2025-06-30 00:00:00,45,BRANCH,322.0,0
4164,404,76.0,TRANSFER_IN,867.96,GBP,2025-02-06 00:00:00,16,ONLINE,31.0,0
4165,265,95.0,CREDIT,609.8,GBP,2025-08-13 00:00:00,48,ATM,,0
4166,508,85.0,TRANSFER_IN,989.95,GBP,2025-01-18 00:00:00,33,ATM,781.0,0
4167,500,89.0,DEBIT,254.25,GBP,2025-04-07 00:00:00,29,ONLINE,,0
4168,767,,CASH_WITHDRAWAL,1508.08,GBP,2025-02-06 00:00:00,49,BRANCH,,0
4169,46,129.0,CASH_WITHDRAWAL,60.58,GBP,2025-03-21 00:00:00,43,ONLINE,,0
4170,473,183.0,DEBIT,1658.17,GBP,2025-03-11 00:00:00,45,ATM,,0
4171,44,28.0,TRANSFER_OUT,200.0,GBP,2025-01-04 00:00:00,48,ATM,602.0,0
4172,633,176.0,CASH_WITHDRAWAL,180.17,USD,2025-05-04 00:00:00,21,MOBILE,,0
4173,500,166.0,CREDIT,1436.53,GBP,2025-06-20 00:00:00,13,MOBILE,,0
4174,779,103.0,TRANSFER_OUT,1376.1,GBP,2025-08-24 00:00:00,6,BRANCH,697.0,0
4175,54,101.0,CASH_DEPOSIT,1871.4,GBP,2025-04-02 00:00:00,48,ATM,,0
4176,113,94.0,TRANSFER_OUT,1356.3,GBP,2025-04-18 00:00:00,27,BRANCH,45.0,0
4177,580,192.0,CREDIT,779.08,GBP,2025-01-04 00:00:00,22,BRANCH,,0
4178,322,106.0,DEBIT,1727.92,GBP,2025-02-23 00:00:00,38,BRANCH,,0
4179,426,,CREDIT,267.74,EUR,2025-05-11 00:00:00,10,BRANCH,,0
4180,405,18.0,CASH_DEPOSIT,261.68,USD,2025-08-20 00:00:00,37,ATM,,0
4181,757,,CASH_DEPOSIT,1679.82,GBP,2025-04-10 00:00:00,38,ATM,,0
4182,567,124.0,CASH_DEPOSIT,1508.56,GBP,2025-06-05 00:00:00,27,MOBILE,,0
4183,88,58.0,DEBIT,698.27,GBP,2025-01-14 00:00:00,17,MOBILE,,0
4184,399,47.0,CREDIT,1525.03,GBP,2025-07-07 00:00:00,6,ATM,,0
4185,257,2.0,DEBIT,272.62,GBP,2025-05-31 00:00:00,46,ONLINE,,0
4186,114,53.0,DEBIT,1507.53,GBP,2025-07-31 00:00:00,33,ATM,,0
4187,250,175.0,CASH_WITHDRAWAL,38.87,GBP,2025-06-20 00:00:00,23,MOBILE,,0
4188,398,39.0,CREDIT,389.33,GBP,2025-03-31 00:00:00,27,ATM,,0
4189,212,91.0,TRANSFER_OUT,912.27,GBP,2025-07-07 00:00:00,19,MOBILE,785.0,0
4190,623,17.0,DEBIT,1599.52,EUR,2025-02-25 00:00:00,48,MOBILE,,0
4191,481,56.0,CREDIT,620.53,GBP,2025-07-01 00:00:00,29,BRANCH,,0
4192,712,,CREDIT,1497.56,GBP,2025-06-24 00:00:00,47,MOBILE,,0
4193,350,,DEBIT,236.29,GBP,2025-07-12 00:00:00,10,ONLINE,,0
4194,249,,CASH_DEPOSIT,11.6,GBP,2025-08-08 00:00:00,44,BRANCH,,0
4195,518,106.0,CREDIT,1324.33,GBP,2025-02-21 00:00:00,42,ONLINE,,0
4196,728,168.0,CREDIT,1007.52,GBP,2025-05-05 00:00:00,39,ONLINE,,0
4197,215,109.0,TRANSFER_OUT,789.52,GBP,2025-07-04 00:00:00,40,BRANCH,492.0,0
4198,180,167.0,CREDIT,320.94,USD,2025-05-29 00:00:00,33,BRANCH,,0
4199,345,52.0,CASH_WITHDRAWAL,985.21,GBP,2025-02-14 00:00:00,43,BRANCH,,0
4200,32,,TRANSFER_OUT,725.65,GBP,2025-06-26 00:00:00,13,ONLINE,676.0,0
4201,206,65.0,CASH_WITHDRAWAL,689.19,GBP,2025-04-25 00:00:00,45,BRANCH,,0
4202,425,26.0,CASH_DEPOSIT,1264.56,GBP,2025-07-26 00:00:00,47,MOBILE,,0
4203,56,129.0,TRANSFER_OUT,1113.12,GBP,2025-01-18 00:00:00,9,ATM,338.0,0
4204,156,160.0,TRANSFER_IN,1591.99,GBP,2025-05-09 00:00:00,23,MOBILE,741.0,0
4205,614,,CREDIT,1017.82,EUR,2025-08-21 00:00:00,46,ONLINE,,0
4206,336,151.0,TRANSFER_OUT,886.23,GBP,2025-05-28 00:00:00,6,MOBILE,410.0,0
4207,744,91.0,TRANSFER_OUT,830.79,GBP,2025-05-11 00:00:00,11,MOBILE,721.0,0
4208,769,146.0,CASH_WITHDRAWAL,658.94,GBP,2025-08-26 00:00:00,37,ONLINE,,0
4209,135,144.0,TRANSFER_IN,1162.9,GBP,2025-06-21 00:00:00,48,BRANCH,759.0,0
4210,328,105.0,TRANSFER_OUT,158.26,USD,2025-03-29 00:00:00,41,BRANCH,17.0,0
4211,796,9.0,CASH_WITHDRAWAL,1790.11,USD,2025-06-02 00:00:00,23,ATM,,0
4212,763,49.0,CREDIT,1892.45,GBP,2025-06-16 00:00:00,48,BRANCH,,0
4213,775,49.0,TRANSFER_OUT,1615.1,USD,2025-01-23 00:00:00,10,ATM,32.0,0
4214,426,144.0,TRANSFER_IN,1344.35,GBP,2025-06-30 00:00:00,34,ATM,548.0,0
4215,43,,TRANSFER_OUT,275.95,GBP,2025-01-08 00:00:00,15,MOBILE,564.0,0
4216,563,18.0,CREDIT,27.76,USD,2025-04-12 00:00:00,31,ATM,,0
4217,226,5.0,CREDIT,1295.5,GBP,2025-07-18 00:00:00,17,MOBILE,,0
4218,385,124.0,DEBIT,922.7,GBP,2025-06-11 00:00:00,45,ONLINE,,0
4219,356,84.0,TRANSFER_OUT,1612.03,GBP,2025-08-05 00:00:00,13,ATM,501.0,0
4220,490,67.0,TRANSFER_OUT,1638.31,GBP,2025-03-04 00:00:00,5,ATM,258.0,0
4221,744,152.0,CASH_WITHDRAWAL,1989.16,GBP,2025-04-19 00:00:00,36,ATM,,0
4222,765,,CASH_WITHDRAWAL,1323.86,GBP,2025-05-13 00:00:00,33,ATM,,0
4223,547,42.0,TRANSFER_IN,428.63,GBP,2025-05-31 00:00:00,12,ATM,430.0,0
4224,131,127.0,CASH_DEPOSIT,1789.7,GBP,2025-05-25 00:00:00,21,ONLINE,,0
4225,314,24.0,TRANSFER_IN,775.28,GBP,2025-06-05 00:00:00,30,ONLINE,42.0,0
4226,27,149.0,CASH_WITHDRAWAL,115.91,EUR,2025-04-26 00:00:00,14,BRANCH,,0
4227,264,195.0,CASH_WITHDRAWAL,467.43,GBP,2025-05-08 00:00:00,19,MOBILE,,0
4228,412,60.0,CASH_DEPOSIT,1274.27,GBP,2025-06-04 00:00:00,18,ONLINE,,0
4229,216,136.0,TRANSFER_IN,1892.9,GBP,2025-01-18 00:00:00,34,MOBILE,147.0,0
4230,112,4.0,TRANSFER_IN,591.12,USD,2025-06-17 00:00:00,46,MOBILE,368.0,0
4231,646,23.0,CASH_DEPOSIT,1314.15,GBP,2025-04-01 00:00:00,39,BRANCH,,0
4232,766,76.0,CREDIT,1325.35,GBP,2025-07-31 00:00:00,12,BRANCH,,0
4233,579,160.0,CASH_WITHDRAWAL,1641.77,GBP,2025-06-24 00:00:00,15,MOBILE,,0
4234,253,182.0,TRANSFER_OUT,1360.37,USD,2025-08-07 00:00:00,28,ONLINE,648.0,0
4235,397,,CASH_WITHDRAWAL,1049.56,EUR,2025-08-17 00:00:00,13,BRANCH,,0
4236,18,145.0,CASH_DEPOSIT,1637.12,GBP,2025-02-25 00:00:00,35,ATM,,0
4237,294,180.0,CASH_WITHDRAWAL,392.88,GBP,2025-05-11 00:00:00,13,ATM,,0
4238,245,194.0,CASH_DEPOSIT,1330.7,GBP,2025-08-12 00:00:00,44,ATM,,0
4239,723,99.0,TRANSFER_OUT,488.5,GBP,2025-01-02 00:00:00,31,ONLINE,357.0,0
4240,317,142.0,TRANSFER_IN,238.85,GBP,2025-08-10 00:00:00,7,ONLINE,482.0,0
4241,522,88.0,TRANSFER_OUT,1659.27,GBP,2025-04-26 00:00:00,32,ONLINE,608.0,0
4242,140,,CASH_WITHDRAWAL,1119.57,GBP,2025-07-15 00:00:00,3,MOBILE,,0
4243,61,,CASH_DEPOSIT,1940.4,USD,2025-07-25 00:00:00,29,BRANCH,,0
4244,35,160.0,CREDIT,480.26,GBP,2025-02-23 00:00:00,27,ONLINE,,0
4245,388,136.0,TRANSFER_OUT,225.97,EUR,2025-03-10 00:00:00,49,ATM,679.0,0
4246,180,88.0,TRANSFER_OUT,132.97,USD,2025-05-28 00:00:00,27,ATM,265.0,0
4247,715,178.0,CASH_WITHDRAWAL,621.8,GBP,2025-04-02 00:00:00,49,MOBILE,,0
4248,364,77.0,TRANSFER_IN,1357.46,EUR,2025-08-08 00:00:00,21,MOBILE,738.0,0
4249,430,155.0,CASH_DEPOSIT,1934.45,GBP,2025-07-28 00:00:00,34,BRANCH,,0
4250,107,27.0,DEBIT,632.78,GBP,2025-08-17 00:00:00,16,MOBILE,,0
4251,557,,DEBIT,642.94,GBP,2025-07-08 00:00:00,27,ATM,,0
4252,38,16.0,CASH_WITHDRAWAL,830.35,EUR,2025-06-05 00:00:00,35,MOBILE,,0
4253,517,18.0,CASH_DEPOSIT,450.56,GBP,2025-06-29 00:00:00,4,MOBILE,,0
4254,778,131.0,TRANSFER_OUT,107.98,USD,2025-07-11 00:00:00,48,BRANCH,386.0,0
4255,208,53.0,CASH_DEPOSIT,1158.28,GBP,2025-06-09 00:00:00,24,MOBILE,,0
4256,286,116.0,DEBIT,681.31,GBP,2025-08-14 00:00:00,22,ATM,,0
4257,544,,CASH_WITHDRAWAL,271.29,GBP,2025-05-20 00:00:00,1,MOBILE,,0
4258,171,,CASH_WITHDRAWAL,1479.28,USD,2025-01-23 00:00:00,25,ONLINE,,0
4259,682,172.0,TRANSFER_OUT,1546.93,GBP,2025-06-26 00:00:00,33,ATM,594.0,0
4260,474,,TRANSFER_IN,965.4,GBP,2025-02-16 00:00:00,14,ATM,26.0,0
4261,215,89.0,CASH_WITHDRAWAL,1987.19,GBP,2025-07-13 00:00:00,29,MOBILE,,0
4262,424,147.0,CREDIT,1836.42,GBP,2025-02-09 00:00:00,12,BRANCH,,0
4263,93,183.0,CREDIT,1866.65,GBP,2025-02-05 00:00:00,33,ONLINE,,0
4264,783,,TRANSFER_OUT,374.93,GBP,2025-05-29 00:00:00,17,ONLINE,514.0,0
4265,370,95.0,TRANSFER_IN,133.53,GBP,2025-02-12 00:00:00,21,MOBILE,88.0,0
4266,268,14.0,CREDIT,697.58,GBP,2025-02-21 00:00:00,11,MOBILE,,0
4267,442,84.0,CASH_WITHDRAWAL,609.02,GBP,2025-03-20 00:00:00,29,ATM,,0
4268,369,110.0,CASH_DEPOSIT,1170.51,GBP,2025-02-05 00:00:00,6,MOBILE,,0
4269,152,94.0,DEBIT,1051.4,GBP,2025-05-19 00:00:00,27,BRANCH,,0
4270,396,161.0,CREDIT,599.62,GBP,2025-06-25 00:00:00,44,MOBILE,,0
4271,216,44.0,TRANSFER_IN,1091.03,GBP,2025-06-03 00:00:00,42,BRANCH,405.0,0
4272,479,,CASH_WITHDRAWAL,430.87,GBP,2025-04-12 00:00:00,13,MOBILE,,0
4273,17,,TRANSFER_IN,777.95,GBP,2025-02-10 00:00:00,48,ATM,156.0,0
4274,527,61.0,CREDIT,1403.49,GBP,2025-06-05 00:00:00,4,BRANCH,,0
4275,684,147.0,DEBIT,1265.22,GBP,2025-03-03 00:00:00,17,MOBILE,,0
4276,697,25.0,DEBIT,1428.09,GBP,2025-04-10 00:00:00,27,MOBILE,,0
4277,788,46.0,CREDIT,1050.7,GBP,2025-03-23 00:00:00,20,ONLINE,,0
4278,298,137.0,CASH_WITHDRAWAL,665.92,GBP,2025-08-26 00:00:00,25,MOBILE,,0
4279,167,,TRANSFER_IN,156.53,GBP,2025-06-12 00:00:00,1,BRANCH,540.0,0
4280,438,98.0,CASH_WITHDRAWAL,1964.95,GBP,2025-01-12 00:00:00,48,ONLINE,,0
4281,188,,DEBIT,595.91,GBP,2025-06-13 00:00:00,7,ATM,,0
4282,269,86.0,CREDIT,1024.67,GBP,2025-01-28 00:00:00,47,ATM,,0
4283,138,,TRANSFER_IN,149.82,GBP,2025-04-10 00:00:00,41,ATM,559.0,0
4284,558,121.0,CREDIT,1697.5,GBP,2025-01-20 00:00:00,28,BRANCH,,0
4285,58,,CASH_WITHDRAWAL,551.24,EUR,2025-03-30 00:00:00,18,BRANCH,,0
4286,15,18.0,CASH_WITHDRAWAL,1850.38,GBP,2025-07-13 00:00:00,11,BRANCH,,0
4287,25,170.0,CASH_WITHDRAWAL,55.94,GBP,2025-08-27 00:00:00,48,ONLINE,,0
4288,436,25.0,TRANSFER_IN,1084.07,GBP,2025-02-26 00:00:00,43,MOBILE,795.0,0
4289,125,21.0,TRANSFER_IN,912.89,GBP,2025-04-02 00:00:00,17,ONLINE,175.0,0
4290,577,,CASH_DEPOSIT,1391.53,GBP,2025-07-14 00:00:00,38,MOBILE,,0
4291,161,47.0,CASH_DEPOSIT,1916.62,EUR,2025-04-02 00:00:00,42,MOBILE,,0
4292,49,175.0,TRANSFER_IN,281.69,GBP,2025-08-12 00:00:00,26,ONLINE,124.0,0
4293,162,111.0,CREDIT,671.66,GBP,2025-03-25 00:00:00,49,ONLINE,,0
4294,489,183.0,CREDIT,560.72,EUR,2025-03-01 00:00:00,39,BRANCH,,0
4295,245,177.0,CREDIT,733.92,GBP,2025-02-13 00:00:00,32,BRANCH,,0
4296,615,39.0,CREDIT,1124.5,GBP,2025-03-14 00:00:00,19,ONLINE,,0
4297,777,,CASH_WITHDRAWAL,1680.38,GBP,2025-04-11 00:00:00,23,BRANCH,,0
4298,216,152.0,TRANSFER_IN,312.95,GBP,2025-07-13 00:00:00,23,ONLINE,196.0,0
4299,231,,CASH_DEPOSIT,824.72,GBP,2025-01-25 00:00:00,19,ATM,,0
4300,672,33.0,CASH_DEPOSIT,1299.45,GBP,2025-07-27 00:00:00,2,BRANCH,,0
4301,59,70.0,CASH_WITHDRAWAL,1024.76,GBP,2025-01-28 00:00:00,22,ONLINE,,0
4302,323,33.0,CREDIT,935.92,GBP,2025-01-16 00:00:00,40,ONLINE,,0
4303,495,66.0,TRANSFER_OUT,1146.91,GBP,2025-01-28 00:00:00,45,ONLINE,483.0,0
4304,128,65.0,CASH_WITHDRAWAL,24.72,GBP,2025-03-07 00:00:00,23,ATM,,0
4305,541,130.0,CASH_WITHDRAWAL,557.7,USD,2025-03-26 00:00:00,44,ATM,,0
4306,773,76.0,TRANSFER_IN,1199.76,GBP,2025-08-31 00:00:00,1,ATM,139.0,0
4307,225,187.0,DEBIT,1536.14,USD,2025-03-09 00:00:00,7,MOBILE,,0
4308,7,140.0,DEBIT,389.96,GBP,2025-02-23 00:00:00,33,MOBILE,,0
4309,365,,CREDIT,1582.08,GBP,2025-05-30 00:00:00,41,BRANCH,,0
4310,5,149.0,CREDIT,1548.56,GBP,2025-01-05 00:00:00,9,ATM,,0
4311,623,85.0,TRANSFER_OUT,1948.68,GBP,2025-06-26 00:00:00,28,ATM,575.0,0
4312,297,,DEBIT,437.97,GBP,2025-04-20 00:00:00,13,ATM,,0
4313,482,118.0,TRANSFER_IN,303.19,GBP,2025-05-22 00:00:00,5,MOBILE,347.0,0
4314,250,69.0,CREDIT,1221.58,EUR,2025-07-13 00:00:00,40,MOBILE,,0
4315,12,160.0,TRANSFER_IN,484.46,GBP,2025-07-09 00:00:00,45,ATM,43.0,0
4316,535,89.0,CREDIT,365.78,GBP,2025-08-03 00:00:00,30,MOBILE,,0
4317,298,8.0,DEBIT,172.75,GBP,2025-06-04 00:00:00,32,BRANCH,,0
4318,467,,TRANSFER_IN,1456.39,GBP,2025-08-11 00:00:00,42,ATM,475.0,0
4319,38,151.0,CASH_DEPOSIT,84.5,USD,2025-05-17 00:00:00,5,BRANCH,,0
4320,374,,TRANSFER_OUT,1953.44,GBP,2025-05-03 00:00:00,29,MOBILE,625.0,0
4321,395,9.0,CASH_WITHDRAWAL,405.14,GBP,2025-01-06 00:00:00,22,ATM,,0
4322,211,,TRANSFER_OUT,1085.16,GBP,2025-05-29 00:00:00,7,ONLINE,532.0,0
4323,764,29.0,CASH_WITHDRAWAL,1350.48,USD,2025-04-20 00:00:00,40,BRANCH,,0
4324,220,183.0,CREDIT,1611.21,USD,2025-06-19 00:00:00,30,ONLINE,,0
4325,694,148.0,CASH_DEPOSIT,206.23,GBP,2025-04-29 00:00:00,12,MOBILE,,0
4326,421,196.0,DEBIT,241.84,GBP,2025-08-08 00:00:00,22,ATM,,0
4327,570,,TRANSFER_OUT,901.26,EUR,2025-04-09 00:00:00,21,ATM,711.0,0
4328,164,18.0,CASH_DEPOSIT,1937.75,GBP,2025-05-31 00:00:00,8,MOBILE,,0
4329,503,160.0,CASH_WITHDRAWAL,1696.49,GBP,2025-08-22 00:00:00,42,MOBILE,,0
4330,265,173.0,CASH_DEPOSIT,132.64,EUR,2025-06-13 00:00:00,34,BRANCH,,0
4331,103,90.0,CASH_WITHDRAWAL,1998.78,GBP,2025-08-13 00:00:00,24,MOBILE,,0
4332,477,16.0,CASH_WITHDRAWAL,1590.63,GBP,2025-08-19 00:00:00,27,MOBILE,,0
4333,127,95.0,CASH_DEPOSIT,810.1,GBP,2025-05-07 00:00:00,8,ATM,,0
4334,770,66.0,TRANSFER_IN,1097.14,EUR,2025-03-11 00:00:00,48,BRANCH,3.0,0
4335,5,188.0,TRANSFER_IN,77.24,GBP,2025-04-16 00:00:00,3,MOBILE,245.0,0
4336,793,,DEBIT,106.58,GBP,2025-07-18 00:00:00,3,ATM,,0
4337,788,,TRANSFER_OUT,322.02,GBP,2025-07-09 00:00:00,11,MOBILE,751.0,0
4338,576,85.0,CASH_WITHDRAWAL,1585.1,GBP,2025-08-25 00:00:00,14,BRANCH,,0
4339,265,,CASH_WITHDRAWAL,973.42,GBP,2025-06-03 00:00:00,10,BRANCH,,0
4340,118,165.0,CASH_DEPOSIT,963.48,GBP,2025-04-16 00:00:00,27,BRANCH,,0
4341,283,94.0,CASH_DEPOSIT,1803.17,GBP,2025-05-24 00:00:00,45,MOBILE,,0
4342,683,18.0,DEBIT,1679.82,GBP,2025-05-31 00:00:00,48,MOBILE,,0
4343,364,152.0,DEBIT,1593.21,GBP,2025-05-07 00:00:00,30,ONLINE,,0
4344,572,183.0,TRANSFER_OUT,9.03,GBP,2025-05-02 00:00:00,19,MOBILE,718.0,0
4345,21,41.0,TRANSFER_IN,757.16,GBP,2025-01-12 00:00:00,19,ONLINE,206.0,0
4346,102,102.0,TRANSFER_OUT,932.37,GBP,2025-07-18 00:00:00,1,ATM,114.0,0
4347,160,,CASH_DEPOSIT,1985.8,GBP,2025-04-30 00:00:00,7,ATM,,0
4348,441,84.0,DEBIT,823.82,GBP,2025-03-17 00:00:00,12,ATM,,0
4349,162,156.0,DEBIT,1376.67,GBP,2025-05-21 00:00:00,41,ONLINE,,0
4350,499,,TRANSFER_OUT,926.4,GBP,2025-08-10 00:00:00,11,ATM,36.0,0
4351,148,80.0,CREDIT,1901.76,GBP,2025-03-01 00:00:00,37,ONLINE,,0
4352,327,108.0,TRANSFER_IN,1772.15,GBP,2025-04-18 00:00:00,4,BRANCH,394.0,0
4353,479,,CASH_DEPOSIT,319.36,GBP,2025-06-24 00:00:00,14,ATM,,0
4354,636,178.0,DEBIT,643.94,GBP,2025-03-31 00:00:00,3,MOBILE,,0
4355,403,,CREDIT,518.45,GBP,2025-08-11 00:00:00,31,MOBILE,,0
4356,96,,CREDIT,1586.96,GBP,2025-07-28 00:00:00,46,ATM,,0
4357,394,104.0,TRANSFER_IN,576.54,GBP,2025-03-01 00:00:00,48,MOBILE,285.0,0
4358,161,167.0,DEBIT,1384.75,GBP,2025-05-25 00:00:00,18,MOBILE,,0
4359,343,43.0,CASH_DEPOSIT,1492.1,USD,2025-05-21 00:00:00,43,ONLINE,,0
4360,375,18.0,CREDIT,1952.12,GBP,2025-03-27 00:00:00,29,MOBILE,,0
4361,192,97.0,TRANSFER_OUT,1715.23,GBP,2025-08-22 00:00:00,42,ATM,304.0,0
4362,366,96.0,CREDIT,820.48,GBP,2025-01-08 00:00:00,29,ONLINE,,0
4363,753,94.0,TRANSFER_OUT,21.76,EUR,2025-06-09 00:00:00,24,ONLINE,576.0,0
4364,409,69.0,TRANSFER_IN,189.76,GBP,2025-03-29 00:00:00,44,ATM,672.0,0
4365,178,,TRANSFER_IN,1124.83,GBP,2025-08-12 00:00:00,26,MOBILE,322.0,0
4366,442,99.0,CASH_WITHDRAWAL,378.24,GBP,2025-01-17 00:00:00,24,ONLINE,,0
4367,495,,CASH_DEPOSIT,1745.75,GBP,2025-09-01 00:00:00,24,ONLINE,,0
4368,600,134.0,TRANSFER_IN,1177.98,GBP,2025-08-02 00:00:00,12,ATM,203.0,0
4369,274,65.0,TRANSFER_IN,1062.27,GBP,2025-01-17 00:00:00,40,ATM,434.0,0
4370,705,51.0,TRANSFER_IN,836.67,GBP,2025-03-12 00:00:00,44,ATM,79.0,0
4371,328,180.0,TRANSFER_OUT,1541.19,GBP,2025-07-27 00:00:00,10,MOBILE,692.0,0
4372,268,,TRANSFER_OUT,83.06,GBP,2025-01-25 00:00:00,1,ONLINE,277.0,0
4373,541,43.0,CASH_DEPOSIT,1442.48,GBP,2025-05-23 00:00:00,35,BRANCH,,0
4374,45,143.0,CASH_DEPOSIT,1760.04,GBP,2025-03-05 00:00:00,29,BRANCH,,0
4375,568,166.0,CASH_WITHDRAWAL,1638.39,EUR,2025-08-17 00:00:00,26,ONLINE,,0
4376,500,154.0,CREDIT,21.53,GBP,2025-08-07 00:00:00,2,BRANCH,,0
4377,528,152.0,CASH_DEPOSIT,1745.88,GBP,2025-06-17 00:00:00,33,ONLINE,,0
4378,560,5.0,CREDIT,437.18,GBP,2025-01-07 00:00:00,22,ONLINE,,0
4379,567,,DEBIT,1391.28,USD,2025-04-07 00:00:00,46,MOBILE,,0
4380,350,,CASH_DEPOSIT,1442.71,GBP,2025-07-27 00:00:00,38,ONLINE,,0
4381,650,28.0,CREDIT,1999.3,GBP,2025-06-29 00:00:00,27,BRANCH,,0
4382,429,36.0,CASH_WITHDRAWAL,154.8,USD,2025-08-20 00:00:00,28,ATM,,0
4383,433,37.0,CASH_DEPOSIT,233.93,GBP,2025-07-05 00:00:00,47,BRANCH,,0
4384,580,49.0,TRANSFER_OUT,1555.76,GBP,2025-07-29 00:00:00,18,BRANCH,599.0,0
4385,707,154.0,DEBIT,1695.23,GBP,2025-08-09 00:00:00,38,MOBILE,,0
4386,1,21.0,CASH_WITHDRAWAL,1687.64,GBP,2025-04-05 00:00:00,27,BRANCH,,0
4387,508,31.0,TRANSFER_OUT,784.53,GBP,2025-08-09 00:00:00,33,ONLINE,217.0,0
4388,24,148.0,CASH_DEPOSIT,694.0,GBP,2025-03-02 00:00:00,33,ATM,,0
4389,298,102.0,TRANSFER_IN,706.66,GBP,2025-02-06 00:00:00,47,BRANCH,195.0,0
4390,134,58.0,DEBIT,946.17,GBP,2025-03-11 00:00:00,47,ATM,,0
4391,395,48.0,TRANSFER_OUT,201.98,GBP,2025-08-10 00:00:00,37,BRANCH,798.0,0
4392,372,83.0,CASH_DEPOSIT,796.74,GBP,2025-01-04 00:00:00,45,BRANCH,,0
4393,517,63.0,TRANSFER_IN,1769.6,GBP,2025-02-26 00:00:00,24,BRANCH,649.0,0
4394,286,,CASH_WITHDRAWAL,1279.94,GBP,2025-04-01 00:00:00,37,ONLINE,,0
4395,604,111.0,CASH_DEPOSIT,769.23,GBP,2025-02-20 00:00:00,12,BRANCH,,0
4396,681,,TRANSFER_OUT,1621.42,USD,2025-06-26 00:00:00,11,MOBILE,246.0,0
4397,425,22.0,CREDIT,942.67,GBP,2025-03-07 00:00:00,8,MOBILE,,0
4398,628,181.0,TRANSFER_IN,1930.68,GBP,2025-05-01 00:00:00,36,ONLINE,165.0,0
4399,138,,DEBIT,180.42,GBP,2025-01-21 00:00:00,44,ONLINE,,0
4400,431,76.0,TRANSFER_IN,1735.76,GBP,2025-07-11 00:00:00,25,BRANCH,274.0,0
4401,466,94.0,CASH_WITHDRAWAL,431.03,GBP,2025-08-14 00:00:00,42,BRANCH,,0
4402,714,19.0,DEBIT,1487.25,GBP,2025-03-03 00:00:00,48,ONLINE,,0
4403,542,170.0,CASH_WITHDRAWAL,856.77,GBP,2025-05-27 00:00:00,41,ONLINE,,0
4404,435,125.0,CASH_WITHDRAWAL,517.73,GBP,2025-06-12 00:00:00,9,ONLINE,,0
4405,730,,DEBIT,1325.43,GBP,2025-01-01 00:00:00,36,MOBILE,,0
4406,522,190.0,TRANSFER_OUT,1693.14,GBP,2025-01-05 00:00:00,6,ATM,481.0,0
4407,729,159.0,TRANSFER_IN,1290.48,GBP,2025-08-27 00:00:00,48,BRANCH,146.0,0
4408,137,152.0,CREDIT,1882.65,GBP,2025-03-09 00:00:00,9,BRANCH,,0
4409,783,116.0,CREDIT,914.7,GBP,2025-04-25 00:00:00,44,BRANCH,,0
4410,50,28.0,CASH_WITHDRAWAL,1610.03,GBP,2025-03-30 00:00:00,12,ONLINE,,0
4411,103,,TRANSFER_IN,1055.03,GBP,2025-01-09 00:00:00,15,ATM,195.0,0
4412,544,102.0,CASH_WITHDRAWAL,1532.9,GBP,2025-08-02 00:00:00,33,BRANCH,,0
4413,181,,DEBIT,1517.45,GBP,2025-03-15 00:00:00,30,BRANCH,,0
4414,705,151.0,CASH_DEPOSIT,496.94,GBP,2025-07-22 00:00:00,39,BRANCH,,0
4415,458,15.0,TRANSFER_OUT,1154.58,EUR,2025-06-24 00:00:00,38,MOBILE,539.0,0
4416,349,166.0,CASH_WITHDRAWAL,113.87,USD,2025-03-21 00:00:00,27,ONLINE,,0
4417,430,181.0,CASH_WITHDRAWAL,951.03,USD,2025-07-11 00:00:00,29,ATM,,0
4418,538,18.0,CASH_DEPOSIT,1987.36,GBP,2025-07-21 00:00:00,28,MOBILE,,0
4419,735,21.0,CREDIT,1740.11,GBP,2025-07-03 00:00:00,19,BRANCH,,0
4420,600,17.0,DEBIT,1426.12,GBP,2025-04-23 00:00:00,12,MOBILE,,0
4421,648,162.0,DEBIT,179.33,GBP,2025-02-24 00:00:00,32,ATM,,0
4422,585,103.0,CASH_WITHDRAWAL,397.42,USD,2025-08-15 00:00:00,23,BRANCH,,0
4423,785,,CASH_DEPOSIT,1756.33,GBP,2025-05-26 00:00:00,6,ATM,,0
4424,568,40.0,CREDIT,45.55,GBP,2025-06-15 00:00:00,8,ONLINE,,0
4425,31,66.0,CREDIT,1011.7,GBP,2025-04-17 00:00:00,39,ONLINE,,0
4426,405,22.0,TRANSFER_IN,979.44,GBP,2025-01-28 00:00:00,17,ONLINE,579.0,0
4427,717,26.0,CASH_WITHDRAWAL,1396.09,GBP,2025-07-25 00:00:00,1,ONLINE,,0
4428,2,162.0,TRANSFER_IN,1032.11,GBP,2025-02-16 00:00:00,18,MOBILE,675.0,0
4429,179,173.0,CASH_WITHDRAWAL,589.53,USD,2025-04-19 00:00:00,23,MOBILE,,0
4430,635,133.0,CREDIT,1707.69,USD,2025-01-30 00:00:00,30,ONLINE,,0
4431,601,191.0,TRANSFER_IN,132.57,GBP,2025-08-10 00:00:00,17,MOBILE,778.0,0
4432,241,111.0,TRANSFER_OUT,749.41,GBP,2025-05-04 00:00:00,32,ATM,218.0,0
4433,257,,CREDIT,779.07,GBP,2025-03-27 00:00:00,35,ATM,,0
4434,331,171.0,DEBIT,23.1,GBP,2025-06-01 00:00:00,29,ONLINE,,0
4435,263,123.0,DEBIT,1260.95,GBP,2025-02-16 00:00:00,33,ONLINE,,0
4436,423,170.0,CASH_DEPOSIT,1194.68,GBP,2025-03-09 00:00:00,26,ATM,,0
4437,725,,CASH_DEPOSIT,1527.08,GBP,2025-03-11 00:00:00,31,MOBILE,,0
4438,768,31.0,CREDIT,583.21,GBP,2025-04-10 00:00:00,28,MOBILE,,0
4439,753,40.0,TRANSFER_IN,1515.55,GBP,2025-08-05 00:00:00,37,BRANCH,733.0,0
4440,148,,TRANSFER_IN,1066.38,GBP,2025-08-16 00:00:00,25,ATM,212.0,0
4441,328,122.0,CASH_DEPOSIT,1519.74,GBP,2025-06-19 00:00:00,32,MOBILE,,0
4442,536,168.0,CASH_DEPOSIT,598.58,GBP,2025-04-09 00:00:00,18,ATM,,0
4443,768,19.0,CREDIT,1361.33,GBP,2025-06-06 00:00:00,45,MOBILE,,0
4444,673,61.0,DEBIT,1543.02,GBP,2025-08-09 00:00:00,29,BRANCH,,0
4445,404,66.0,CREDIT,1162.29,GBP,2025-05-30 00:00:00,21,ONLINE,,0
4446,645,87.0,TRANSFER_OUT,1777.9,GBP,2025-01-05 00:00:00,4,ATM,206.0,0
4447,400,31.0,DEBIT,720.61,GBP,2025-03-08 00:00:00,4,ATM,,0
4448,523,190.0,CASH_WITHDRAWAL,1694.48,GBP,2025-03-18 00:00:00,33,ONLINE,,0
4449,93,168.0,TRANSFER_IN,1531.47,EUR,2025-08-12 00:00:00,45,ATM,767.0,0
4450,647,,CASH_WITHDRAWAL,496.45,GBP,2025-08-27 00:00:00,11,ATM,,0
4451,644,,CASH_DEPOSIT,637.22,GBP,2025-04-11 00:00:00,29,ATM,,0
4452,481,86.0,TRANSFER_IN,599.91,GBP,2025-07-02 00:00:00,50,ONLINE,486.0,0
4453,92,,CASH_WITHDRAWAL,1177.69,GBP,2025-06-05 00:00:00,49,ONLINE,,0
4454,334,141.0,CREDIT,1948.04,EUR,2025-01-13 00:00:00,43,MOBILE,,0
4455,588,199.0,CASH_WITHDRAWAL,1651.62,GBP,2025-02-02 00:00:00,26,MOBILE,,0
4456,483,,TRANSFER_OUT,44.32,GBP,2025-04-22 00:00:00,49,BRANCH,78.0,0
4457,369,22.0,CASH_WITHDRAWAL,275.14,GBP,2025-01-18 00:00:00,34,BRANCH,,0
4458,177,166.0,TRANSFER_IN,130.93,GBP,2025-07-23 00:00:00,27,ONLINE,485.0,0
4459,447,94.0,TRANSFER_IN,1118.16,GBP,2025-02-26 00:00:00,45,BRANCH,371.0,0
4460,133,83.0,CASH_DEPOSIT,983.04,GBP,2025-08-18 00:00:00,28,MOBILE,,0
4461,6,39.0,CREDIT,1096.14,EUR,2025-06-05 00:00:00,15,MOBILE,,0
4462,366,,CASH_DEPOSIT,1708.45,GBP,2025-05-08 00:00:00,7,BRANCH,,0
4463,744,,TRANSFER_IN,1606.65,GBP,2025-04-15 00:00:00,20,ATM,161.0,0
4464,421,80.0,CASH_WITHDRAWAL,1000.18,GBP,2025-06-23 00:00:00,24,BRANCH,,0
4465,35,39.0,CASH_DEPOSIT,494.55,GBP,2025-08-25 00:00:00,8,BRANCH,,0
4466,744,135.0,CASH_DEPOSIT,102.99,GBP,2025-03-22 00:00:00,26,BRANCH,,0
4467,360,192.0,CASH_WITHDRAWAL,680.14,GBP,2025-01-04 00:00:00,21,ONLINE,,0
4468,112,165.0,CASH_DEPOSIT,1779.86,GBP,2025-05-05 00:00:00,39,ATM,,0
4469,267,112.0,DEBIT,1178.6,GBP,2025-07-27 00:00:00,50,ATM,,0
4470,386,99.0,CASH_WITHDRAWAL,594.88,GBP,2025-03-04 00:00:00,15,MOBILE,,0
4471,308,,TRANSFER_OUT,556.62,GBP,2025-02-28 00:00:00,13,ATM,592.0,0
4472,152,178.0,TRANSFER_OUT,1840.16,GBP,2025-01-30 00:00:00,40,ONLINE,354.0,0
4473,1,125.0,TRANSFER_IN,417.44,USD,2025-03-04 00:00:00,19,BRANCH,52.0,0
4474,331,,DEBIT,1202.57,GBP,2025-08-21 00:00:00,41,ONLINE,,0
4475,259,193.0,TRANSFER_OUT,57.71,GBP,2025-08-21 00:00:00,42,ATM,168.0,0
4476,610,91.0,CASH_DEPOSIT,976.19,GBP,2025-04-15 00:00:00,25,ONLINE,,0
4477,586,190.0,TRANSFER_IN,1163.3,GBP,2025-01-24 00:00:00,29,BRANCH,497.0,0
4478,738,112.0,TRANSFER_IN,413.95,GBP,2025-05-16 00:00:00,34,BRANCH,537.0,0
4479,462,,CASH_DEPOSIT,1496.28,GBP,2025-03-30 00:00:00,42,BRANCH,,0
4480,464,29.0,CASH_WITHDRAWAL,1226.09,GBP,2025-03-09 00:00:00,17,ATM,,0
4481,67,,CREDIT,1689.29,GBP,2025-03-28 00:00:00,31,BRANCH,,0
4482,489,72.0,CREDIT,879.98,GBP,2025-02-06 00:00:00,15,BRANCH,,0
4483,528,95.0,TRANSFER_OUT,1805.42,GBP,2025-08-08 00:00:00,40,ONLINE,562.0,0
4484,775,133.0,TRANSFER_OUT,667.56,GBP,2025-08-11 00:00:00,43,MOBILE,130.0,0
4485,749,153.0,DEBIT,1280.3,GBP,2025-01-16 00:00:00,21,ONLINE,,0
4486,328,190.0,DEBIT,879.11,GBP,2025-05-21 00:00:00,24,BRANCH,,0
4487,34,146.0,DEBIT,1145.45,GBP,2025-08-25 00:00:00,12,BRANCH,,0
4488,419,169.0,CASH_WITHDRAWAL,1740.11,GBP,2025-02-04 00:00:00,13,MOBILE,,0
4489,253,,DEBIT,1550.68,GBP,2025-03-28 00:00:00,16,MOBILE,,0
4490,381,,CREDIT,1754.18,GBP,2025-08-30 00:00:00,31,BRANCH,,0
4491,600,6.0,CASH_DEPOSIT,794.92,GBP,2025-05-09 00:00:00,12,ONLINE,,0
4492,609,1.0,CASH_DEPOSIT,982.72,GBP,2025-06-11 00:00:00,21,ATM,,0
4493,517,142.0,CREDIT,1557.64,GBP,2025-02-18 00:00:00,30,ATM,,0
4494,254,121.0,TRANSFER_OUT,442.89,GBP,2025-05-12 00:00:00,47,MOBILE,448.0,0
4495,395,146.0,TRANSFER_OUT,1316.41,USD,2025-08-27 00:00:00,22,ONLINE,773.0,0
4496,57,75.0,TRANSFER_IN,1991.93,GBP,2025-04-24 00:00:00,46,MOBILE,616.0,0
4497,410,157.0,CASH_WITHDRAWAL,1979.23,GBP,2025-01-07 00:00:00,44,ONLINE,,0
4498,18,,CASH_DEPOSIT,466.49,GBP,2025-09-01 00:00:00,10,ATM,,0
4499,365,133.0,CREDIT,694.54,GBP,2025-01-05 00:00:00,22,BRANCH,,0
4500,687,90.0,TRANSFER_OUT,1002.25,GBP,2025-04-24 00:00:00,21,MOBILE,599.0,0
4501,565,,CASH_WITHDRAWAL,1891.48,GBP,2025-03-13 00:00:00,41,BRANCH,,0
4502,567,152.0,CASH_DEPOSIT,923.4,GBP,2025-05-10 00:00:00,43,BRANCH,,0
4503,8,183.0,TRANSFER_IN,1530.8,GBP,2025-07-26 00:00:00,1,BRANCH,201.0,0
4504,760,159.0,CASH_WITHDRAWAL,957.05,GBP,2025-02-25 00:00:00,40,BRANCH,,0
4505,35,190.0,CASH_WITHDRAWAL,1947.62,GBP,2025-07-24 00:00:00,13,ONLINE,,0
4506,419,115.0,CREDIT,134.33,GBP,2025-01-28 00:00:00,21,ATM,,0
4507,561,116.0,DEBIT,1656.75,GBP,2025-08-10 00:00:00,34,BRANCH,,0
4508,230,143.0,CREDIT,227.72,EUR,2025-03-21 00:00:00,6,MOBILE,,0
4509,485,62.0,DEBIT,1742.24,GBP,2025-02-19 00:00:00,37,ONLINE,,0
4510,542,56.0,DEBIT,818.95,GBP,2025-08-24 00:00:00,33,MOBILE,,0
4511,436,196.0,CASH_DEPOSIT,1858.09,GBP,2025-02-11 00:00:00,13,ATM,,0
4512,436,106.0,DEBIT,1868.94,GBP,2025-04-06 00:00:00,23,BRANCH,,0
4513,460,189.0,TRANSFER_IN,584.77,GBP,2025-03-23 00:00:00,48,ATM,493.0,0
4514,675,4.0,TRANSFER_IN,83.0,GBP,2025-07-31 00:00:00,48,ONLINE,27.0,0
4515,644,82.0,TRANSFER_IN,1059.55,GBP,2025-03-29 00:00:00,32,BRANCH,775.0,0
4516,369,162.0,CREDIT,97.7,GBP,2025-03-15 00:00:00,8,ONLINE,,0
4517,294,16.0,TRANSFER_OUT,1471.61,USD,2025-05-29 00:00:00,16,ONLINE,416.0,0
4518,389,172.0,DEBIT,859.1,GBP,2025-01-30 00:00:00,6,BRANCH,,0
4519,651,98.0,TRANSFER_OUT,183.22,GBP,2025-01-05 00:00:00,46,BRANCH,452.0,0
4520,680,12.0,DEBIT,87.66,GBP,2025-03-27 00:00:00,36,BRANCH,,0
4521,35,,CASH_DEPOSIT,1176.39,GBP,2025-05-03 00:00:00,2,ATM,,0
4522,585,10.0,CASH_WITHDRAWAL,771.93,GBP,2025-03-20 00:00:00,40,MOBILE,,0
4523,341,90.0,CASH_WITHDRAWAL,1393.54,EUR,2025-08-24 00:00:00,44,MOBILE,,0
4524,672,144.0,CREDIT,809.88,GBP,2025-08-11 00:00:00,11,BRANCH,,0
4525,372,131.0,CASH_WITHDRAWAL,199.07,GBP,2025-07-06 00:00:00,15,MOBILE,,0
4526,358,196.0,TRANSFER_IN,1743.0,GBP,2025-03-08 00:00:00,18,ATM,412.0,0
4527,720,156.0,DEBIT,1541.98,GBP,2025-03-08 00:00:00,23,MOBILE,,0
4528,606,,CASH_WITHDRAWAL,1099.8,GBP,2025-08-12 00:00:00,47,ATM,,0
4529,508,81.0,DEBIT,606.67,GBP,2025-04-07 00:00:00,8,ATM,,0
4530,53,129.0,TRANSFER_OUT,425.46,GBP,2025-01-04 00:00:00,38,ONLINE,408.0,0
4531,417,,CASH_DEPOSIT,209.78,EUR,2025-08-08 00:00:00,41,BRANCH,,0
4532,389,174.0,CREDIT,1101.28,GBP,2025-01-26 00:00:00,25,BRANCH,,0
4533,334,105.0,TRANSFER_OUT,1990.68,GBP,2025-03-01 00:00:00,8,MOBILE,358.0,0
4534,225,33.0,TRANSFER_OUT,807.86,GBP,2025-04-12 00:00:00,12,MOBILE,775.0,0
4535,599,128.0,CASH_WITHDRAWAL,1279.56,USD,2025-03-13 00:00:00,24,ONLINE,,0
4536,569,145.0,CASH_WITHDRAWAL,1013.7,GBP,2025-01-31 00:00:00,30,MOBILE,,0
4537,668,195.0,TRANSFER_IN,1549.14,GBP,2025-04-19 00:00:00,3,BRANCH,177.0,0
4538,392,,DEBIT,533.79,USD,2025-04-25 00:00:00,6,ATM,,0
4539,341,68.0,TRANSFER_IN,1533.29,GBP,2025-04-21 00:00:00,17,BRANCH,354.0,0
4540,699,190.0,CASH_WITHDRAWAL,291.15,USD,2025-07-09 00:00:00,39,BRANCH,,0
4541,746,,TRANSFER_IN,177.19,GBP,2025-05-27 00:00:00,8,MOBILE,748.0,0
4542,475,66.0,CASH_DEPOSIT,1014.43,GBP,2025-02-04 00:00:00,2,MOBILE,,0
4543,561,,TRANSFER_OUT,496.83,GBP,2025-03-25 00:00:00,48,MOBILE,320.0,0
4544,178,,CASH_WITHDRAWAL,836.71,GBP,2025-05-05 00:00:00,19,ONLINE,,0
4545,319,196.0,TRANSFER_IN,11.79,GBP,2025-06-27 00:00:00,8,MOBILE,361.0,0
4546,196,84.0,TRANSFER_IN,686.27,GBP,2025-02-20 00:00:00,10,ATM,738.0,0
4547,157,,CREDIT,1069.06,USD,2025-03-30 00:00:00,5,ONLINE,,0
4548,590,70.0,CREDIT,1742.11,GBP,2025-07-17 00:00:00,10,ATM,,0
4549,348,103.0,CASH_DEPOSIT,1009.12,GBP,2025-08-20 00:00:00,18,MOBILE,,0
4550,714,41.0,TRANSFER_OUT,148.28,GBP,2025-02-22 00:00:00,20,ONLINE,709.0,0
4551,680,159.0,CREDIT,979.98,EUR,2025-02-08 00:00:00,27,ATM,,0
4552,163,63.0,CREDIT,1757.41,GBP,2025-04-25 00:00:00,47,ATM,,0
4553,450,158.0,TRANSFER_IN,1823.48,GBP,2025-08-09 00:00:00,8,BRANCH,781.0,0
4554,395,115.0,CASH_WITHDRAWAL,1414.23,GBP,2025-05-30 00:00:00,44,MOBILE,,0
4555,589,156.0,CASH_DEPOSIT,391.8,GBP,2025-04-17 00:00:00,32,BRANCH,,0
4556,653,,CREDIT,1976.44,GBP,2025-07-12 00:00:00,26,ATM,,0
4557,517,155.0,DEBIT,1820.1,GBP,2025-04-14 00:00:00,42,ATM,,0
4558,450,54.0,CREDIT,68.34,GBP,2025-02-01 00:00:00,46,MOBILE,,0
4559,110,153.0,DEBIT,686.38,GBP,2025-08-23 00:00:00,14,MOBILE,,0
4560,194,168.0,TRANSFER_IN,1592.0,GBP,2025-08-16 00:00:00,47,ONLINE,525.0,0
4561,17,104.0,TRANSFER_IN,1083.4,GBP,2025-03-05 00:00:00,28,MOBILE,551.0,0
4562,60,,CASH_DEPOSIT,448.05,GBP,2025-06-27 00:00:00,48,BRANCH,,0
4563,199,91.0,TRANSFER_IN,1550.91,GBP,2025-03-03 00:00:00,37,ATM,558.0,0
4564,97,63.0,TRANSFER_IN,1619.19,EUR,2025-01-06 00:00:00,44,ATM,794.0,0
4565,437,108.0,CREDIT,475.18,GBP,2025-01-16 00:00:00,19,ATM,,0
4566,39,,TRANSFER_OUT,1826.13,GBP,2025-07-27 00:00:00,10,BRANCH,507.0,0
4567,566,34.0,CREDIT,1866.53,EUR,2025-06-13 00:00:00,36,MOBILE,,0
4568,437,,DEBIT,1885.82,GBP,2025-03-28 00:00:00,3,ATM,,0
4569,129,136.0,TRANSFER_IN,71.17,GBP,2025-05-03 00:00:00,40,ATM,668.0,0
4570,19,182.0,CASH_DEPOSIT,1769.13,GBP,2025-05-25 00:00:00,40,ATM,,0
4571,658,109.0,CASH_DEPOSIT,794.34,EUR,2025-05-17 00:00:00,14,ATM,,0
4572,566,101.0,CASH_DEPOSIT,1860.33,GBP,2025-02-11 00:00:00,8,BRANCH,,0
4573,43,58.0,TRANSFER_OUT,1971.35,GBP,2025-06-25 00:00:00,30,ONLINE,288.0,0
4574,773,5.0,CREDIT,1240.15,GBP,2025-02-09 00:00:00,2,ONLINE,,0
4575,350,,CASH_WITHDRAWAL,1331.6,GBP,2025-07-23 00:00:00,3,ATM,,0
4576,8,167.0,TRANSFER_IN,987.41,GBP,2025-03-25 00:00:00,42,ATM,639.0,0
4577,536,136.0,CASH_DEPOSIT,347.71,GBP,2025-04-29 00:00:00,15,ONLINE,,0
4578,339,,CREDIT,1194.13,GBP,2025-02-14 00:00:00,9,ATM,,0
4579,687,198.0,TRANSFER_IN,515.56,GBP,2025-06-01 00:00:00,43,MOBILE,564.0,0
4580,701,,TRANSFER_IN,981.16,USD,2025-03-02 00:00:00,42,ONLINE,519.0,0
4581,550,80.0,TRANSFER_IN,1202.31,GBP,2025-01-14 00:00:00,4,ATM,645.0,0
4582,588,70.0,TRANSFER_OUT,437.29,GBP,2025-06-03 00:00:00,34,MOBILE,490.0,0
4583,359,164.0,CASH_WITHDRAWAL,734.18,GBP,2025-08-01 00:00:00,22,MOBILE,,0
4584,553,10.0,DEBIT,1749.63,GBP,2025-04-29 00:00:00,3,ONLINE,,0
4585,750,114.0,CREDIT,194.5,EUR,2025-07-16 00:00:00,24,ONLINE,,0
4586,290,61.0,DEBIT,1613.34,GBP,2025-04-18 00:00:00,38,ATM,,0
4587,271,13.0,DEBIT,628.2,GBP,2025-08-15 00:00:00,40,MOBILE,,0
4588,214,2.0,TRANSFER_OUT,336.93,GBP,2025-04-09 00:00:00,4,MOBILE,80.0,0
4589,398,34.0,TRANSFER_OUT,800.22,EUR,2025-01-30 00:00:00,25,ONLINE,300.0,0
4590,54,,CREDIT,384.65,GBP,2025-05-02 00:00:00,6,ATM,,0
4591,124,150.0,TRANSFER_IN,636.29,USD,2025-01-12 00:00:00,22,ONLINE,619.0,0
4592,682,93.0,DEBIT,1110.39,GBP,2025-07-01 00:00:00,1,ONLINE,,0
4593,776,,TRANSFER_OUT,1543.85,GBP,2025-03-01 00:00:00,41,BRANCH,162.0,0
4594,428,,TRANSFER_IN,1198.21,GBP,2025-07-24 00:00:00,28,MOBILE,371.0,0
4595,187,62.0,CASH_WITHDRAWAL,1890.74,GBP,2025-02-17 00:00:00,34,ATM,,0
4596,491,,DEBIT,796.72,GBP,2025-04-19 00:00:00,2,MOBILE,,0
4597,302,50.0,TRANSFER_IN,1767.82,GBP,2025-03-15 00:00:00,6,BRANCH,594.0,0
4598,45,22.0,TRANSFER_OUT,677.58,GBP,2025-07-02 00:00:00,32,ATM,711.0,0
4599,694,42.0,TRANSFER_OUT,1970.13,GBP,2025-04-29 00:00:00,34,ONLINE,411.0,0
4600,747,64.0,DEBIT,957.31,GBP,2025-08-10 00:00:00,8,ONLINE,,0
4601,69,186.0,TRANSFER_IN,236.44,GBP,2025-07-26 00:00:00,33,BRANCH,374.0,0
4602,313,,TRANSFER_OUT,437.58,EUR,2025-04-24 00:00:00,5,ATM,732.0,0
4603,271,1.0,CASH_WITHDRAWAL,822.68,GBP,2025-03-21 00:00:00,21,ONLINE,,0
4604,556,190.0,DEBIT,388.15,GBP,2025-02-01 00:00:00,42,ONLINE,,0
4605,505,23.0,TRANSFER_OUT,62.71,GBP,2025-06-16 00:00:00,3,ONLINE,107.0,0
4606,689,55.0,CASH_DEPOSIT,447.2,GBP,2025-09-01 00:00:00,34,ONLINE,,0
4607,466,63.0,TRANSFER_IN,942.91,GBP,2025-08-03 00:00:00,28,BRANCH,13.0,0
4608,32,17.0,CASH_WITHDRAWAL,1550.31,GBP,2025-07-08 00:00:00,21,BRANCH,,0
4609,133,186.0,DEBIT,1420.67,EUR,2025-08-07 00:00:00,19,ONLINE,,0
4610,126,72.0,CREDIT,546.11,GBP,2025-03-19 00:00:00,43,ONLINE,,0
4611,126,122.0,TRANSFER_IN,1755.91,GBP,2025-08-30 00:00:00,28,MOBILE,282.0,0
4612,771,33.0,CREDIT,1904.9,GBP,2025-04-19 00:00:00,19,MOBILE,,0
4613,761,21.0,TRANSFER_OUT,1841.53,GBP,2025-01-15 00:00:00,15,BRANCH,101.0,0
4614,643,158.0,CREDIT,479.94,USD,2025-04-11 00:00:00,21,MOBILE,,0
4615,67,,TRANSFER_OUT,576.82,GBP,2025-02-18 00:00:00,49,MOBILE,101.0,0
4616,444,70.0,CASH_DEPOSIT,1586.06,GBP,2025-01-09 00:00:00,50,BRANCH,,0
4617,662,,DEBIT,196.78,USD,2025-08-26 00:00:00,42,ONLINE,,0
4618,230,75.0,CASH_WITHDRAWAL,853.46,EUR,2025-06-11 00:00:00,7,ONLINE,,0
4619,509,176.0,DEBIT,1279.75,GBP,2025-05-28 00:00:00,44,BRANCH,,0
4620,464,14.0,DEBIT,1117.07,GBP,2025-02-28 00:00:00,1,BRANCH,,0
4621,110,83.0,CASH_WITHDRAWAL,1718.04,GBP,2025-03-14 00:00:00,32,BRANCH,,0
4622,511,69.0,CASH_WITHDRAWAL,449.68,USD,2025-03-05 00:00:00,28,ATM,,0
4623,36,110.0,CASH_DEPOSIT,1544.67,GBP,2025-09-01 00:00:00,24,MOBILE,,0
4624,79,180.0,TRANSFER_OUT,1595.05,GBP,2025-03-07 00:00:00,1,MOBILE,486.0,0
4625,19,192.0,DEBIT,1039.09,GBP,2025-05-23 00:00:00,37,ATM,,0
4626,276,189.0,CASH_DEPOSIT,720.15,GBP,2025-03-25 00:00:00,47,BRANCH,,0
4627,34,124.0,CASH_DEPOSIT,310.56,GBP,2025-03-10 00:00:00,29,MOBILE,,0
4628,400,13.0,TRANSFER_OUT,1892.92,GBP,2025-06-05 00:00:00,39,MOBILE,295.0,0
4629,79,163.0,DEBIT,185.32,GBP,2025-03-10 00:00:00,3,ATM,,0
4630,182,132.0,CASH_WITHDRAWAL,1784.42,GBP,2025-05-11 00:00:00,35,ONLINE,,0
4631,404,52.0,DEBIT,1525.47,GBP,2025-06-20 00:00:00,8,ATM,,0
4632,597,36.0,CASH_DEPOSIT,301.3,GBP,2025-02-11 00:00:00,14,MOBILE,,0
4633,84,100.0,TRANSFER_OUT,999.25,GBP,2025-07-31 00:00:00,45,MOBILE,532.0,0
4634,353,,TRANSFER_OUT,250.96,GBP,2025-04-28 00:00:00,45,ONLINE,268.0,0
4635,95,45.0,TRANSFER_OUT,1307.16,GBP,2025-02-06 00:00:00,13,BRANCH,667.0,0
4636,504,126.0,TRANSFER_IN,363.9,GBP,2025-06-23 00:00:00,20,MOBILE,13.0,0
4637,624,9.0,TRANSFER_OUT,1189.87,USD,2025-01-29 00:00:00,24,ATM,68.0,0
4638,633,74.0,CREDIT,688.05,USD,2025-05-26 00:00:00,9,BRANCH,,0
4639,232,,CASH_WITHDRAWAL,1614.44,GBP,2025-07-16 00:00:00,37,BRANCH,,0
4640,368,190.0,CASH_WITHDRAWAL,1097.06,GBP,2025-07-24 00:00:00,46,MOBILE,,0
4641,405,47.0,TRANSFER_OUT,425.66,GBP,2025-04-27 00:00:00,10,MOBILE,534.0,0
4642,739,109.0,CASH_WITHDRAWAL,1570.83,GBP,2025-05-30 00:00:00,10,ONLINE,,0
4643,246,27.0,CASH_WITHDRAWAL,1776.85,GBP,2025-06-17 00:00:00,14,ONLINE,,0
4644,110,85.0,CREDIT,749.05,GBP,2025-01-12 00:00:00,12,BRANCH,,0
4645,415,,TRANSFER_IN,1909.58,GBP,2025-07-28 00:00:00,19,ONLINE,175.0,0
4646,217,187.0,CREDIT,366.81,EUR,2025-05-23 00:00:00,31,MOBILE,,0
4647,537,181.0,TRANSFER_OUT,123.17,GBP,2025-07-15 00:00:00,47,BRANCH,213.0,0
4648,599,,DEBIT,500.86,GBP,2025-05-15 00:00:00,23,ATM,,0
4649,532,159.0,CREDIT,252.17,EUR,2025-04-19 00:00:00,48,MOBILE,,0
4650,144,14.0,CASH_DEPOSIT,18.01,EUR,2025-04-25 00:00:00,5,BRANCH,,0
4651,110,20.0,TRANSFER_OUT,1685.69,GBP,2025-07-02 00:00:00,39,MOBILE,554.0,0
4652,4,164.0,TRANSFER_IN,1969.29,GBP,2025-07-09 00:00:00,15,ONLINE,99.0,0
4653,229,115.0,DEBIT,1343.93,GBP,2025-04-12 00:00:00,11,BRANCH,,0
4654,376,8.0,TRANSFER_OUT,1713.36,EUR,2025-01-04 00:00:00,21,MOBILE,365.0,0
4655,330,130.0,CASH_DEPOSIT,264.69,GBP,2025-03-09 00:00:00,36,ONLINE,,0
4656,684,131.0,DEBIT,1337.16,GBP,2025-05-25 00:00:00,42,MOBILE,,0
4657,530,,DEBIT,1612.91,GBP,2025-08-22 00:00:00,35,BRANCH,,0
4658,504,142.0,CREDIT,1923.25,GBP,2025-07-08 00:00:00,23,MOBILE,,0
4659,476,96.0,TRANSFER_OUT,1541.44,GBP,2025-08-15 00:00:00,16,MOBILE,762.0,0
4660,35,5.0,TRANSFER_OUT,824.88,GBP,2025-05-07 00:00:00,4,ATM,219.0,0
4661,784,,DEBIT,204.24,GBP,2025-01-18 00:00:00,46,ATM,,0
4662,714,27.0,CASH_DEPOSIT,668.12,GBP,2025-01-07 00:00:00,39,MOBILE,,0
4663,502,30.0,CREDIT,514.99,GBP,2025-05-05 00:00:00,32,ONLINE,,0
4664,478,56.0,TRANSFER_OUT,1146.61,GBP,2025-01-08 00:00:00,27,ONLINE,552.0,0
4665,595,14.0,DEBIT,577.16,EUR,2025-01-12 00:00:00,31,MOBILE,,0
4666,99,70.0,TRANSFER_OUT,1947.68,GBP,2025-03-18 00:00:00,28,BRANCH,490.0,0
4667,250,83.0,DEBIT,1536.7,EUR,2025-05-28 00:00:00,43,ONLINE,,0
4668,344,57.0,TRANSFER_OUT,1615.1,EUR,2025-02-03 00:00:00,2,ATM,163.0,0
4669,766,160.0,TRANSFER_IN,955.99,GBP,2025-06-04 00:00:00,2,MOBILE,322.0,0
4670,713,,TRANSFER_IN,27.29,EUR,2025-05-26 00:00:00,39,ATM,553.0,0
4671,766,83.0,TRANSFER_OUT,656.65,GBP,2025-07-10 00:00:00,45,ONLINE,747.0,0
4672,458,48.0,DEBIT,1939.62,GBP,2025-08-26 00:00:00,41,BRANCH,,0
4673,87,,TRANSFER_IN,1846.87,GBP,2025-04-18 00:00:00,31,BRANCH,10.0,0
4674,578,13.0,DEBIT,1460.04,GBP,2025-07-24 00:00:00,21,MOBILE,,0
4675,37,,DEBIT,147.75,EUR,2025-03-19 00:00:00,3,BRANCH,,0
4676,756,14.0,TRANSFER_OUT,1262.01,GBP,2025-01-19 00:00:00,17,BRANCH,444.0,0
4677,368,66.0,DEBIT,1952.66,GBP,2025-08-16 00:00:00,19,ONLINE,,0
4678,24,106.0,TRANSFER_IN,1699.26,GBP,2025-04-29 00:00:00,25,MOBILE,303.0,0
4679,750,,TRANSFER_OUT,705.26,GBP,2025-01-05 00:00:00,19,MOBILE,289.0,0
4680,406,81.0,TRANSFER_OUT,846.99,GBP,2025-02-19 00:00:00,34,ONLINE,714.0,0
4681,482,190.0,DEBIT,182.91,GBP,2025-02-13 00:00:00,43,ONLINE,,0
4682,394,175.0,CASH_WITHDRAWAL,748.87,GBP,2025-01-31 00:00:00,24,BRANCH,,0
4683,617,62.0,DEBIT,679.71,GBP,2025-08-11 00:00:00,5,ATM,,0
4684,263,111.0,CASH_WITHDRAWAL,552.67,USD,2025-08-08 00:00:00,50,ATM,,0
4685,194,,DEBIT,1253.56,GBP,2025-08-17 00:00:00,15,MOBILE,,0
4686,718,150.0,TRANSFER_OUT,806.99,GBP,2025-04-03 00:00:00,20,ATM,103.0,0
4687,424,75.0,TRANSFER_IN,762.55,GBP,2025-04-04 00:00:00,49,MOBILE,258.0,0
4688,700,171.0,CASH_DEPOSIT,459.72,GBP,2025-07-17 00:00:00,5,ONLINE,,0
4689,248,,CASH_WITHDRAWAL,258.36,USD,2025-07-16 00:00:00,32,MOBILE,,0
4690,800,192.0,CASH_WITHDRAWAL,652.61,GBP,2025-07-03 00:00:00,18,BRANCH,,0
4691,543,,CASH_DEPOSIT,1984.94,GBP,2025-01-02 00:00:00,37,BRANCH,,0
4692,394,195.0,CASH_DEPOSIT,513.86,GBP,2025-08-14 00:00:00,38,MOBILE,,0
4693,660,144.0,CASH_WITHDRAWAL,1686.79,GBP,2025-05-24 00:00:00,2,ATM,,0
4694,770,102.0,CASH_WITHDRAWAL,1279.01,GBP,2025-04-18 00:00:00,17,ATM,,0
4695,211,12.0,TRANSFER_IN,500.22,USD,2025-01-29 00:00:00,37,ONLINE,551.0,0
4696,466,33.0,CASH_DEPOSIT,1145.44,GBP,2025-04-22 00:00:00,30,ATM,,0
4697,436,103.0,DEBIT,1385.68,GBP,2025-01-31 00:00:00,39,MOBILE,,0
4698,374,65.0,CREDIT,688.31,GBP,2025-06-06 00:00:00,14,ONLINE,,0
4699,460,149.0,TRANSFER_OUT,1691.7,GBP,2025-05-16 00:00:00,23,ATM,771.0,0
4700,459,30.0,DEBIT,1258.56,GBP,2025-04-22 00:00:00,47,MOBILE,,0
4701,752,172.0,TRANSFER_OUT,972.45,GBP,2025-08-08 00:00:00,18,ATM,489.0,0
4702,493,,DEBIT,547.03,GBP,2025-04-26 00:00:00,30,ONLINE,,0
4703,139,,CASH_WITHDRAWAL,41.45,GBP,2025-04-05 00:00:00,19,BRANCH,,0
4704,633,164.0,CASH_DEPOSIT,1385.48,USD,2025-04-28 00:00:00,21,MOBILE,,0
4705,380,162.0,CREDIT,983.77,USD,2025-08-28 00:00:00,48,BRANCH,,0
4706,366,87.0,CASH_WITHDRAWAL,1339.86,GBP,2025-08-30 00:00:00,49,ATM,,0
4707,216,87.0,CASH_WITHDRAWAL,546.62,GBP,2025-07-01 00:00:00,22,ONLINE,,0
4708,579,,CREDIT,1561.79,GBP,2025-02-11 00:00:00,31,ATM,,0
4709,134,181.0,CASH_WITHDRAWAL,1550.41,GBP,2025-05-27 00:00:00,21,ATM,,0
4710,62,,CASH_DEPOSIT,1164.23,GBP,2025-08-29 00:00:00,11,ATM,,0
4711,413,105.0,TRANSFER_OUT,1622.86,GBP,2025-07-21 00:00:00,41,MOBILE,797.0,0
4712,476,79.0,TRANSFER_IN,1084.21,GBP,2025-07-17 00:00:00,39,BRANCH,202.0,0
4713,709,15.0,TRANSFER_OUT,1208.3,GBP,2025-01-27 00:00:00,28,BRANCH,230.0,0
4714,490,200.0,TRANSFER_OUT,1363.12,GBP,2025-03-13 00:00:00,32,ONLINE,431.0,0
4715,295,17.0,CASH_DEPOSIT,227.83,GBP,2025-06-24 00:00:00,28,BRANCH,,0
4716,23,,CASH_WITHDRAWAL,944.12,GBP,2025-06-05 00:00:00,12,BRANCH,,0
4717,37,156.0,DEBIT,700.62,GBP,2025-05-16 00:00:00,4,ATM,,0
4718,640,54.0,DEBIT,959.11,GBP,2025-05-15 00:00:00,5,MOBILE,,0
4719,221,192.0,TRANSFER_IN,1650.53,GBP,2025-02-06 00:00:00,14,ATM,307.0,0
4720,238,111.0,CASH_DEPOSIT,1721.61,GBP,2025-07-19 00:00:00,18,BRANCH,,0
4721,101,24.0,CASH_WITHDRAWAL,761.77,GBP,2025-04-01 00:00:00,40,ONLINE,,0
4722,121,45.0,CASH_DEPOSIT,1694.86,GBP,2025-03-09 00:00:00,3,MOBILE,,0
4723,70,,CASH_DEPOSIT,315.6,GBP,2025-06-03 00:00:00,7,BRANCH,,0
4724,446,,CASH_DEPOSIT,701.01,EUR,2025-01-08 00:00:00,13,MOBILE,,0
4725,577,,CASH_WITHDRAWAL,1962.84,USD,2025-04-21 00:00:00,44,ATM,,0
4726,662,40.0,CREDIT,1150.05,EUR,2025-05-23 00:00:00,44,MOBILE,,0
4727,739,174.0,CASH_WITHDRAWAL,1770.85,GBP,2025-02-10 00:00:00,34,BRANCH,,0
4728,395,185.0,TRANSFER_OUT,486.44,GBP,2025-06-11 00:00:00,50,BRANCH,55.0,0
4729,753,188.0,CREDIT,1749.03,GBP,2025-02-04 00:00:00,44,ONLINE,,0
4730,465,20.0,TRANSFER_OUT,320.98,GBP,2025-08-04 00:00:00,22,BRANCH,203.0,0
4731,162,159.0,CASH_DEPOSIT,295.65,USD,2025-06-22 00:00:00,50,MOBILE,,0
4732,708,102.0,CASH_DEPOSIT,1438.8,GBP,2025-05-05 00:00:00,38,MOBILE,,0
4733,752,171.0,CASH_DEPOSIT,1140.94,GBP,2025-06-02 00:00:00,6,MOBILE,,0
4734,540,,TRANSFER_OUT,335.65,GBP,2025-03-07 00:00:00,32,ATM,632.0,0
4735,86,5.0,TRANSFER_OUT,761.9,EUR,2025-06-02 00:00:00,25,ATM,322.0,0
4736,188,,TRANSFER_IN,205.16,GBP,2025-02-26 00:00:00,5,ONLINE,145.0,0
4737,19,68.0,DEBIT,1410.21,GBP,2025-07-26 00:00:00,7,ONLINE,,0
4738,138,72.0,CREDIT,1574.49,GBP,2025-01-15 00:00:00,12,ATM,,0
4739,374,26.0,TRANSFER_IN,1242.55,GBP,2025-04-02 00:00:00,21,ONLINE,81.0,0
4740,597,54.0,DEBIT,1325.14,GBP,2025-01-30 00:00:00,47,BRANCH,,0
4741,524,102.0,TRANSFER_OUT,1687.47,EUR,2025-07-28 00:00:00,15,ATM,59.0,0
4742,712,179.0,CASH_WITHDRAWAL,135.88,GBP,2025-04-29 00:00:00,18,MOBILE,,0
4743,95,,TRANSFER_OUT,722.12,USD,2025-03-01 00:00:00,1,MOBILE,107.0,0
4744,723,,TRANSFER_OUT,430.15,GBP,2025-08-02 00:00:00,39,ATM,649.0,0
4745,675,2.0,DEBIT,1322.76,EUR,2025-04-16 00:00:00,11,ONLINE,,0
4746,565,41.0,CREDIT,1898.85,GBP,2025-03-08 00:00:00,1,ONLINE,,0
4747,426,135.0,TRANSFER_OUT,672.61,GBP,2025-06-01 00:00:00,28,ATM,55.0,0
4748,176,,TRANSFER_IN,1711.07,USD,2025-03-05 00:00:00,22,ONLINE,284.0,0
4749,483,143.0,CASH_WITHDRAWAL,1707.57,EUR,2025-03-19 00:00:00,22,ONLINE,,0
4750,85,,CASH_WITHDRAWAL,488.63,GBP,2025-01-29 00:00:00,37,BRANCH,,0
4751,626,,CASH_WITHDRAWAL,815.86,GBP,2025-02-08 00:00:00,31,ATM,,0
4752,615,180.0,TRANSFER_IN,1594.4,USD,2025-05-05 00:00:00,39,ATM,428.0,0
4753,51,,TRANSFER_IN,1825.97,GBP,2025-03-27 00:00:00,25,MOBILE,325.0,0
4754,484,70.0,CREDIT,363.03,GBP,2025-03-08 00:00:00,49,ONLINE,,0
4755,397,68.0,CASH_WITHDRAWAL,1493.59,GBP,2025-07-13 00:00:00,8,ATM,,0
4756,346,,DEBIT,1478.77,GBP,2025-07-18 00:00:00,32,ONLINE,,0
4757,119,143.0,DEBIT,768.45,GBP,2025-05-23 00:00:00,2,ONLINE,,0
4758,582,85.0,TRANSFER_IN,1821.42,GBP,2025-02-13 00:00:00,26,ATM,756.0,0
4759,562,84.0,DEBIT,528.99,GBP,2025-01-24 00:00:00,20,BRANCH,,0
4760,765,67.0,CREDIT,1498.7,GBP,2025-06-11 00:00:00,2,ONLINE,,0
4761,717,12.0,DEBIT,660.17,GBP,2025-04-23 00:00:00,43,ATM,,0
4762,790,,TRANSFER_OUT,1022.15,USD,2025-01-12 00:00:00,19,MOBILE,261.0,0
4763,65,145.0,CASH_WITHDRAWAL,1012.29,GBP,2025-08-12 00:00:00,1,ATM,,0
4764,392,21.0,TRANSFER_OUT,1308.5,GBP,2025-05-17 00:00:00,5,BRANCH,226.0,0
4765,437,121.0,CREDIT,1345.03,GBP,2025-07-11 00:00:00,42,ATM,,0
4766,401,27.0,CASH_WITHDRAWAL,99.51,GBP,2025-08-10 00:00:00,30,ONLINE,,0
4767,331,127.0,TRANSFER_OUT,32.74,GBP,2025-08-11 00:00:00,30,BRANCH,776.0,0
4768,114,138.0,DEBIT,15.86,GBP,2025-05-02 00:00:00,36,BRANCH,,0
4769,184,95.0,TRANSFER_IN,915.82,GBP,2025-06-10 00:00:00,28,ATM,494.0,0
4770,47,125.0,CREDIT,1377.68,GBP,2025-02-10 00:00:00,12,MOBILE,,0
4771,307,31.0,TRANSFER_IN,414.58,EUR,2025-01-29 00:00:00,24,MOBILE,464.0,0
4772,181,160.0,TRANSFER_OUT,1071.8,GBP,2025-08-01 00:00:00,30,BRANCH,705.0,0
4773,56,,CASH_WITHDRAWAL,1154.58,GBP,2025-07-17 00:00:00,3,BRANCH,,0
4774,608,69.0,TRANSFER_IN,1377.71,GBP,2025-07-17 00:00:00,26,ONLINE,93.0,0
4775,181,43.0,TRANSFER_IN,1511.91,GBP,2025-01-16 00:00:00,35,MOBILE,425.0,0
4776,99,144.0,CASH_DEPOSIT,81.41,GBP,2025-07-30 00:00:00,43,ONLINE,,0
4777,72,,CASH_WITHDRAWAL,340.96,GBP,2025-06-17 00:00:00,26,MOBILE,,0
4778,469,96.0,TRANSFER_IN,1240.01,EUR,2025-03-23 00:00:00,8,ATM,449.0,0
4779,388,112.0,CASH_WITHDRAWAL,829.63,USD,2025-08-13 00:00:00,23,ATM,,0
4780,765,14.0,CREDIT,1562.19,GBP,2025-08-09 00:00:00,25,ATM,,0
4781,193,,DEBIT,1239.56,GBP,2025-08-12 00:00:00,18,BRANCH,,0
4782,48,,DEBIT,777.48,GBP,2025-06-06 00:00:00,29,ATM,,0
4783,210,,CASH_WITHDRAWAL,1724.88,GBP,2025-01-25 00:00:00,35,MOBILE,,0
4784,652,,DEBIT,1510.57,EUR,2025-04-22 00:00:00,25,BRANCH,,0
4785,553,74.0,CREDIT,1704.04,GBP,2025-07-22 00:00:00,37,MOBILE,,0
4786,28,71.0,TRANSFER_OUT,128.65,GBP,2025-03-22 00:00:00,42,ATM,2.0,0
4787,726,179.0,CASH_WITHDRAWAL,995.52,GBP,2025-03-12 00:00:00,37,MOBILE,,0
4788,482,2.0,TRANSFER_IN,568.89,EUR,2025-06-12 00:00:00,21,MOBILE,60.0,0
4789,270,33.0,TRANSFER_OUT,1311.43,GBP,2025-02-10 00:00:00,30,ATM,270.0,0
4790,378,49.0,DEBIT,1372.83,GBP,2025-03-24 00:00:00,41,ONLINE,,0
4791,122,,CASH_DEPOSIT,1855.58,GBP,2025-05-06 00:00:00,22,BRANCH,,0
4792,494,139.0,CASH_DEPOSIT,1550.72,GBP,2025-02-16 00:00:00,32,BRANCH,,0
4793,25,131.0,CREDIT,1005.24,GBP,2025-04-24 00:00:00,11,BRANCH,,0
4794,323,4.0,TRANSFER_IN,1388.47,USD,2025-01-19 00:00:00,21,BRANCH,58.0,0
4795,120,41.0,TRANSFER_IN,938.89,GBP,2025-04-23 00:00:00,36,ATM,689.0,0
4796,780,,TRANSFER_IN,31.85,GBP,2025-02-23 00:00:00,40,ONLINE,544.0,0
4797,651,132.0,DEBIT,720.92,GBP,2025-03-16 00:00:00,7,MOBILE,,0
4798,23,,DEBIT,987.76,GBP,2025-01-11 00:00:00,18,BRANCH,,0
4799,70,149.0,CASH_DEPOSIT,1828.83,GBP,2025-07-25 00:00:00,50,MOBILE,,0
4800,485,160.0,CREDIT,1570.26,GBP,2025-05-27 00:00:00,38,BRANCH,,0
4801,459,120.0,CASH_DEPOSIT,410.11,GBP,2025-02-08 00:00:00,44,BRANCH,,0
4802,183,,CASH_DEPOSIT,101.63,USD,2025-04-16 00:00:00,13,ATM,,0
4803,47,39.0,TRANSFER_IN,1659.73,GBP,2025-02-22 00:00:00,31,MOBILE,625.0,0
4804,305,36.0,CASH_WITHDRAWAL,629.31,EUR,2025-05-26 00:00:00,15,ATM,,0
4805,399,49.0,TRANSFER_OUT,598.47,USD,2025-06-23 00:00:00,45,MOBILE,87.0,0
4806,674,190.0,TRANSFER_IN,1387.5,GBP,2025-07-22 00:00:00,18,BRANCH,431.0,0
4807,566,95.0,DEBIT,1509.52,GBP,2025-01-28 00:00:00,19,ATM,,0
4808,719,168.0,DEBIT,1070.55,GBP,2025-05-29 00:00:00,31,ATM,,0
4809,800,173.0,DEBIT,261.81,GBP,2025-02-09 00:00:00,14,MOBILE,,0
4810,228,135.0,CASH_WITHDRAWAL,1519.01,GBP,2025-05-26 00:00:00,25,ONLINE,,0
4811,787,7.0,CASH_DEPOSIT,1453.93,GBP,2025-05-07 00:00:00,2,BRANCH,,0
4812,6,80.0,CREDIT,1550.69,GBP,2025-04-22 00:00:00,25,ATM,,0
4813,528,11.0,TRANSFER_OUT,1306.37,GBP,2025-07-08 00:00:00,11,ATM,323.0,0
4814,489,156.0,TRANSFER_OUT,1904.97,GBP,2025-05-09 00:00:00,2,BRANCH,211.0,0
4815,498,15.0,CASH_DEPOSIT,1550.39,EUR,2025-02-21 00:00:00,13,ONLINE,,0
4816,578,24.0,CASH_DEPOSIT,1595.3,GBP,2025-02-13 00:00:00,19,ATM,,0
4817,512,176.0,TRANSFER_OUT,727.06,GBP,2025-08-25 00:00:00,26,MOBILE,107.0,0
4818,4,170.0,CASH_WITHDRAWAL,1753.14,GBP,2025-08-19 00:00:00,27,MOBILE,,0
4819,414,176.0,CREDIT,1013.45,GBP,2025-08-14 00:00:00,28,ATM,,0
4820,12,199.0,TRANSFER_OUT,1707.77,GBP,2025-08-21 00:00:00,34,ONLINE,164.0,0
4821,499,80.0,CASH_WITHDRAWAL,1731.85,GBP,2025-05-20 00:00:00,44,BRANCH,,0
4822,387,6.0,TRANSFER_OUT,1094.13,GBP,2025-04-26 00:00:00,39,MOBILE,161.0,0
4823,647,171.0,CASH_DEPOSIT,1221.24,GBP,2025-06-04 00:00:00,29,ONLINE,,0
4824,223,143.0,DEBIT,1064.69,GBP,2025-07-05 00:00:00,1,BRANCH,,0
4825,743,136.0,TRANSFER_OUT,1104.21,GBP,2025-07-29 00:00:00,18,MOBILE,198.0,0
4826,262,82.0,CASH_DEPOSIT,757.41,GBP,2025-08-23 00:00:00,48,MOBILE,,0
4827,397,26.0,CREDIT,145.14,EUR,2025-04-19 00:00:00,46,ATM,,0
4828,766,77.0,DEBIT,643.75,GBP,2025-08-15 00:00:00,37,ATM,,0
4829,651,57.0,CASH_WITHDRAWAL,53.47,GBP,2025-05-23 00:00:00,1,MOBILE,,0
4830,456,165.0,TRANSFER_IN,1413.55,GBP,2025-04-23 00:00:00,7,MOBILE,429.0,0
4831,753,,CASH_DEPOSIT,1057.37,GBP,2025-08-18 00:00:00,6,BRANCH,,0
4832,328,163.0,DEBIT,473.7,GBP,2025-02-21 00:00:00,46,ONLINE,,0
4833,291,,DEBIT,1682.26,GBP,2025-04-10 00:00:00,9,BRANCH,,0
4834,493,71.0,CASH_WITHDRAWAL,507.8,GBP,2025-01-29 00:00:00,32,MOBILE,,0
4835,461,10.0,TRANSFER_IN,1300.31,GBP,2025-04-15 00:00:00,28,MOBILE,33.0,0
4836,541,4.0,TRANSFER_OUT,1044.1,GBP,2025-04-13 00:00:00,17,ONLINE,783.0,0
4837,118,115.0,TRANSFER_IN,815.53,GBP,2025-01-30 00:00:00,39,ATM,524.0,0
4838,679,110.0,TRANSFER_IN,1264.1,GBP,2025-03-29 00:00:00,43,BRANCH,154.0,0
4839,270,109.0,TRANSFER_OUT,911.56,GBP,2025-05-27 00:00:00,39,ONLINE,475.0,0
4840,166,184.0,TRANSFER_OUT,947.0,GBP,2025-04-21 00:00:00,43,ONLINE,102.0,0
4841,322,,TRANSFER_IN,212.91,GBP,2025-04-23 00:00:00,46,MOBILE,571.0,0
4842,417,135.0,CREDIT,1978.1,GBP,2025-07-25 00:00:00,13,ATM,,0
4843,142,166.0,TRANSFER_IN,849.3,GBP,2025-04-18 00:00:00,12,ATM,442.0,0
4844,89,93.0,TRANSFER_OUT,748.99,GBP,2025-05-22 00:00:00,4,BRANCH,206.0,0
4845,503,21.0,CASH_WITHDRAWAL,614.29,GBP,2025-02-11 00:00:00,27,MOBILE,,0
4846,493,94.0,DEBIT,1296.82,GBP,2025-07-06 00:00:00,5,MOBILE,,0
4847,439,74.0,TRANSFER_OUT,1275.21,GBP,2025-07-24 00:00:00,28,ONLINE,292.0,0
4848,620,146.0,DEBIT,17.68,GBP,2025-04-21 00:00:00,26,BRANCH,,0
4849,682,83.0,TRANSFER_IN,682.94,GBP,2025-07-04 00:00:00,16,ONLINE,56.0,0
4850,99,133.0,TRANSFER_IN,1709.15,GBP,2025-07-08 00:00:00,32,BRANCH,778.0,0
4851,667,2.0,CASH_WITHDRAWAL,633.01,GBP,2025-02-03 00:00:00,22,ATM,,0
4852,703,,CREDIT,117.72,GBP,2025-02-20 00:00:00,11,ONLINE,,0
4853,422,,TRANSFER_IN,1642.81,EUR,2025-01-12 00:00:00,48,ATM,61.0,0
4854,643,171.0,TRANSFER_OUT,1503.26,GBP,2025-01-31 00:00:00,32,ONLINE,219.0,0
4855,686,,DEBIT,1280.46,GBP,2025-09-01 00:00:00,2,ATM,,0
4856,277,118.0,TRANSFER_OUT,1816.77,GBP,2025-03-21 00:00:00,37,BRANCH,782.0,0
4857,688,36.0,TRANSFER_OUT,1349.04,EUR,2025-08-05 00:00:00,21,MOBILE,292.0,0
4858,512,,CASH_WITHDRAWAL,1700.3,GBP,2025-04-16 00:00:00,1,MOBILE,,0
4859,521,147.0,TRANSFER_IN,388.53,GBP,2025-08-20 00:00:00,36,ATM,352.0,0
4860,368,144.0,TRANSFER_OUT,1846.46,GBP,2025-07-09 00:00:00,12,ONLINE,267.0,0
4861,742,89.0,TRANSFER_IN,331.48,GBP,2025-05-16 00:00:00,48,MOBILE,782.0,0
4862,234,26.0,TRANSFER_OUT,1847.64,GBP,2025-03-01 00:00:00,2,MOBILE,643.0,0
4863,138,127.0,TRANSFER_OUT,1411.29,GBP,2025-07-18 00:00:00,19,MOBILE,234.0,0
4864,795,38.0,CASH_DEPOSIT,1405.94,GBP,2025-04-27 00:00:00,34,ATM,,0
4865,511,188.0,TRANSFER_IN,1756.92,GBP,2025-08-08 00:00:00,31,ATM,133.0,0
4866,269,196.0,TRANSFER_OUT,1440.15,USD,2025-02-08 00:00:00,48,MOBILE,678.0,0
4867,793,145.0,DEBIT,823.09,GBP,2025-07-22 00:00:00,43,ONLINE,,0
4868,23,147.0,TRANSFER_OUT,1120.28,GBP,2025-02-14 00:00:00,40,MOBILE,593.0,0
4869,584,98.0,CASH_WITHDRAWAL,523.05,GBP,2025-05-09 00:00:00,9,ATM,,0
4870,365,155.0,TRANSFER_OUT,1939.37,GBP,2025-08-24 00:00:00,50,MOBILE,292.0,0
4871,529,1.0,TRANSFER_IN,1288.29,GBP,2025-05-27 00:00:00,37,ONLINE,371.0,0
4872,786,,CASH_DEPOSIT,1488.04,GBP,2025-06-23 00:00:00,23,ATM,,0
4873,359,,CASH_WITHDRAWAL,299.04,GBP,2025-03-15 00:00:00,14,BRANCH,,0
4874,282,120.0,CASH_WITHDRAWAL,58.52,GBP,2025-04-17 00:00:00,42,MOBILE,,0
4875,73,,CREDIT,1183.89,GBP,2025-03-16 00:00:00,16,BRANCH,,0
4876,461,168.0,TRANSFER_IN,1714.48,GBP,2025-07-10 00:00:00,31,MOBILE,708.0,0
4877,746,,CREDIT,1048.48,GBP,2025-01-26 00:00:00,5,MOBILE,,0
4878,403,39.0,DEBIT,1944.39,GBP,2025-03-23 00:00:00,17,BRANCH,,0
4879,787,142.0,CASH_DEPOSIT,1169.33,GBP,2025-06-12 00:00:00,30,ONLINE,,0
4880,500,8.0,TRANSFER_OUT,55.15,GBP,2025-06-15 00:00:00,47,ONLINE,654.0,0
4881,412,,TRANSFER_OUT,1339.12,GBP,2025-04-14 00:00:00,12,BRANCH,731.0,0
4882,673,,CREDIT,264.35,GBP,2025-02-09 00:00:00,1,ATM,,0
4883,621,66.0,CASH_WITHDRAWAL,984.72,GBP,2025-06-09 00:00:00,48,MOBILE,,0
4884,452,133.0,TRANSFER_OUT,991.79,GBP,2025-06-29 00:00:00,42,MOBILE,636.0,0
4885,604,50.0,TRANSFER_OUT,1133.6,GBP,2025-05-13 00:00:00,20,BRANCH,284.0,0
4886,275,174.0,CASH_DEPOSIT,1092.97,GBP,2025-05-10 00:00:00,24,ATM,,0
4887,736,,CREDIT,1056.98,GBP,2025-02-07 00:00:00,48,ONLINE,,0
4888,104,91.0,DEBIT,634.78,GBP,2025-03-22 00:00:00,11,ATM,,0
4889,291,140.0,CASH_WITHDRAWAL,1987.83,USD,2025-06-14 00:00:00,22,MOBILE,,0
4890,198,,DEBIT,1952.16,GBP,2025-08-29 00:00:00,50,MOBILE,,0
4891,73,55.0,CASH_WITHDRAWAL,601.02,GBP,2025-08-18 00:00:00,25,ONLINE,,0
4892,632,,CASH_WITHDRAWAL,194.06,GBP,2025-04-03 00:00:00,41,ONLINE,,0
4893,146,6.0,DEBIT,1572.86,GBP,2025-05-16 00:00:00,28,BRANCH,,0
4894,679,145.0,TRANSFER_IN,1776.17,GBP,2025-06-21 00:00:00,49,ATM,58.0,0
4895,787,31.0,CASH_WITHDRAWAL,254.85,GBP,2025-05-12 00:00:00,42,ONLINE,,0
4896,666,50.0,DEBIT,1230.06,GBP,2025-08-19 00:00:00,14,ATM,,0
4897,393,,CREDIT,345.36,GBP,2025-06-12 00:00:00,37,MOBILE,,0
4898,726,,TRANSFER_OUT,577.53,GBP,2025-04-09 00:00:00,50,MOBILE,184.0,0
4899,405,,CASH_WITHDRAWAL,1223.99,GBP,2025-01-23 00:00:00,5,BRANCH,,0
4900,168,195.0,CREDIT,1080.42,GBP,2025-06-18 00:00:00,2,ATM,,0
4901,333,50.0,CASH_WITHDRAWAL,198.57,USD,2025-03-06 00:00:00,42,BRANCH,,0
4902,118,145.0,TRANSFER_OUT,1321.22,GBP,2025-06-23 00:00:00,37,ATM,181.0,0
4903,649,52.0,CASH_DEPOSIT,559.52,EUR,2025-07-16 00:00:00,32,ATM,,0
4904,681,91.0,TRANSFER_OUT,1708.18,GBP,2025-06-12 00:00:00,27,BRANCH,6.0,0
4905,663,83.0,CASH_WITHDRAWAL,224.07,GBP,2025-03-31 00:00:00,6,ONLINE,,0
4906,32,,DEBIT,1307.8,GBP,2025-02-03 00:00:00,2,ATM,,0
4907,364,71.0,TRANSFER_IN,1658.2,GBP,2025-04-20 00:00:00,5,ATM,413.0,0
4908,746,97.0,DEBIT,1937.42,GBP,2025-01-14 00:00:00,46,BRANCH,,0
4909,241,1.0,DEBIT,7.01,GBP,2025-06-17 00:00:00,24,BRANCH,,0
4910,465,78.0,TRANSFER_OUT,743.43,GBP,2025-08-05 00:00:00,50,ATM,372.0,0
4911,764,50.0,CASH_WITHDRAWAL,282.84,GBP,2025-05-03 00:00:00,20,ONLINE,,0
4912,783,1.0,TRANSFER_OUT,1041.71,GBP,2025-07-22 00:00:00,49,MOBILE,248.0,0
4913,250,77.0,TRANSFER_OUT,1522.71,GBP,2025-03-21 00:00:00,45,ATM,652.0,0
4914,24,,DEBIT,1676.2,USD,2025-02-26 00:00:00,30,MOBILE,,0
4915,13,199.0,TRANSFER_IN,334.01,GBP,2025-09-01 00:00:00,32,ONLINE,651.0,0
4916,428,52.0,DEBIT,1869.43,GBP,2025-04-07 00:00:00,8,BRANCH,,0
4917,58,13.0,TRANSFER_OUT,799.17,GBP,2025-01-14 00:00:00,15,ATM,471.0,0
4918,60,16.0,TRANSFER_IN,241.23,GBP,2025-08-04 00:00:00,37,ATM,454.0,0
4919,624,52.0,DEBIT,1190.87,USD,2025-04-24 00:00:00,3,ATM,,0
4920,690,119.0,TRANSFER_IN,1233.7,GBP,2025-08-09 00:00:00,10,MOBILE,620.0,0
4921,524,132.0,CASH_WITHDRAWAL,1503.16,GBP,2025-03-21 00:00:00,46,ATM,,0
4922,464,,CASH_DEPOSIT,1019.34,GBP,2025-03-07 00:00:00,50,MOBILE,,0
4923,467,104.0,CASH_DEPOSIT,1482.92,GBP,2025-04-21 00:00:00,12,ATM,,0
4924,260,,CREDIT,1877.93,GBP,2025-08-12 00:00:00,50,ONLINE,,0
4925,584,17.0,TRANSFER_IN,518.4,GBP,2025-06-01 00:00:00,23,ONLINE,119.0,0
4926,200,,CREDIT,772.37,EUR,2025-01-17 00:00:00,21,ATM,,0
4927,457,134.0,DEBIT,557.66,GBP,2025-08-21 00:00:00,35,MOBILE,,0
4928,301,104.0,TRANSFER_IN,1876.71,GBP,2025-08-02 00:00:00,8,MOBILE,461.0,0
4929,82,84.0,DEBIT,1137.96,GBP,2025-02-12 00:00:00,43,MOBILE,,0
4930,677,146.0,TRANSFER_OUT,1279.18,GBP,2025-05-18 00:00:00,6,MOBILE,121.0,0
4931,670,,DEBIT,732.33,GBP,2025-01-20 00:00:00,46,MOBILE,,0
4932,391,,DEBIT,57.53,EUR,2025-03-19 00:00:00,28,BRANCH,,0
4933,289,16.0,TRANSFER_IN,1366.3,GBP,2025-03-26 00:00:00,7,MOBILE,632.0,0
4934,262,,TRANSFER_OUT,1121.65,EUR,2025-06-09 00:00:00,44,MOBILE,445.0,0
4935,548,6.0,CASH_DEPOSIT,1003.56,EUR,2025-06-13 00:00:00,28,ONLINE,,0
4936,299,21.0,TRANSFER_OUT,1793.48,GBP,2025-07-04 00:00:00,25,ONLINE,106.0,0
4937,489,176.0,CREDIT,1671.34,GBP,2025-01-01 00:00:00,27,ATM,,0
4938,52,8.0,TRANSFER_IN,1482.06,GBP,2025-03-30 00:00:00,36,MOBILE,287.0,0
4939,695,160.0,CASH_WITHDRAWAL,961.84,GBP,2025-05-31 00:00:00,45,BRANCH,,0
4940,719,73.0,DEBIT,71.8,GBP,2025-01-22 00:00:00,24,ONLINE,,0
4941,765,106.0,DEBIT,897.41,GBP,2025-06-05 00:00:00,28,MOBILE,,0
4942,792,80.0,CASH_DEPOSIT,610.98,USD,2025-03-09 00:00:00,42,ONLINE,,0
4943,625,89.0,CASH_DEPOSIT,1864.75,GBP,2025-04-03 00:00:00,5,ONLINE,,0
4944,85,104.0,CREDIT,428.44,EUR,2025-02-07 00:00:00,29,ATM,,0
4945,715,15.0,CASH_DEPOSIT,658.11,GBP,2025-06-23 00:00:00,11,ATM,,0
4946,519,158.0,CASH_WITHDRAWAL,1488.36,GBP,2025-03-09 00:00:00,13,BRANCH,,0
4947,263,47.0,DEBIT,485.88,GBP,2025-01-31 00:00:00,8,BRANCH,,0
4948,664,,TRANSFER_OUT,813.77,GBP,2025-01-26 00:00:00,44,BRANCH,106.0,0
4949,216,196.0,TRANSFER_IN,1965.43,GBP,2025-03-05 00:00:00,11,MOBILE,482.0,0
4950,371,195.0,CREDIT,1221.54,GBP,2025-04-29 00:00:00,21,MOBILE,,0
4951,328,184.0,CREDIT,298.68,GBP,2025-06-28 00:00:00,10,ONLINE,,0
4952,757,90.0,CASH_WITHDRAWAL,967.69,GBP,2025-04-21 00:00:00,21,ATM,,0
4953,170,126.0,CREDIT,1773.53,GBP,2025-01-04 00:00:00,27,BRANCH,,0
4954,708,84.0,CASH_WITHDRAWAL,1048.79,USD,2025-07-20 00:00:00,34,MOBILE,,0
4955,628,,DEBIT,954.33,GBP,2025-02-10 00:00:00,34,ATM,,0
4956,192,89.0,CASH_DEPOSIT,884.17,GBP,2025-02-18 00:00:00,47,ATM,,0
4957,24,193.0,CREDIT,1261.92,GBP,2025-05-10 00:00:00,30,MOBILE,,0
4958,390,16.0,TRANSFER_IN,707.36,GBP,2025-06-23 00:00:00,9,ATM,148.0,0
4959,774,181.0,CASH_WITHDRAWAL,169.98,GBP,2025-04-28 00:00:00,24,ONLINE,,0
4960,66,51.0,CREDIT,1273.64,GBP,2025-01-07 00:00:00,50,MOBILE,,0
4961,308,74.0,TRANSFER_OUT,956.21,GBP,2025-04-08 00:00:00,45,ATM,217.0,0
4962,754,61.0,TRANSFER_OUT,1975.26,GBP,2025-05-01 00:00:00,1,ONLINE,707.0,0
4963,341,48.0,CASH_DEPOSIT,1870.39,GBP,2025-01-20 00:00:00,12,MOBILE,,0
4964,671,58.0,CASH_WITHDRAWAL,1738.42,GBP,2025-07-31 00:00:00,22,ATM,,0
4965,705,50.0,CASH_WITHDRAWAL,976.01,GBP,2025-03-11 00:00:00,19,BRANCH,,0
4966,117,84.0,TRANSFER_OUT,313.6,GBP,2025-01-04 00:00:00,35,MOBILE,288.0,0
4967,791,66.0,CASH_WITHDRAWAL,541.31,USD,2025-02-01 00:00:00,14,ONLINE,,0
4968,459,174.0,TRANSFER_OUT,93.51,GBP,2025-05-26 00:00:00,38,MOBILE,620.0,0
4969,614,20.0,DEBIT,1902.58,GBP,2025-05-16 00:00:00,13,MOBILE,,0
4970,632,98.0,CREDIT,1948.84,GBP,2025-07-07 00:00:00,25,ONLINE,,0
4971,314,125.0,CASH_DEPOSIT,749.65,GBP,2025-07-24 00:00:00,7,ONLINE,,0
4972,252,49.0,CASH_WITHDRAWAL,29.87,GBP,2025-03-27 00:00:00,42,ATM,,0
4973,181,9.0,CASH_WITHDRAWAL,1164.63,GBP,2025-01-19 00:00:00,9,MOBILE,,0
4974,327,136.0,CASH_DEPOSIT,1230.83,GBP,2025-07-30 00:00:00,1,ATM,,0
4975,781,18.0,DEBIT,1769.37,GBP,2025-01-26 00:00:00,19,MOBILE,,0
4976,210,7.0,CREDIT,1561.01,GBP,2025-01-08 00:00:00,33,BRANCH,,0
4977,572,74.0,TRANSFER_IN,1565.2,GBP,2025-07-25 00:00:00,32,MOBILE,799.0,0
4978,116,,CREDIT,865.91,GBP,2025-07-01 00:00:00,32,ATM,,0
4979,427,144.0,CREDIT,1552.67,GBP,2025-05-31 00:00:00,5,ONLINE,,0
4980,312,77.0,CASH_WITHDRAWAL,485.18,GBP,2025-05-01 00:00:00,37,ATM,,0
4981,338,,TRANSFER_OUT,1027.66,GBP,2025-02-15 00:00:00,8,ONLINE,570.0,0
4982,778,,DEBIT,1622.42,GBP,2025-05-01 00:00:00,18,ATM,,0
4983,171,183.0,CASH_WITHDRAWAL,1781.98,GBP,2025-02-10 00:00:00,25,BRANCH,,0
4984,634,80.0,TRANSFER_OUT,19.7,GBP,2025-06-25 00:00:00,14,ONLINE,137.0,0
4985,74,30.0,TRANSFER_OUT,1574.17,GBP,2025-02-15 00:00:00,46,MOBILE,144.0,0
4986,506,,CASH_DEPOSIT,1091.17,GBP,2025-01-21 00:00:00,35,BRANCH,,0
4987,626,,DEBIT,831.94,GBP,2025-03-08 00:00:00,8,ATM,,0
4988,353,117.0,CREDIT,1754.25,GBP,2025-08-16 00:00:00,37,ONLINE,,0
4989,10,58.0,DEBIT,1868.7,GBP,2025-08-19 00:00:00,5,ATM,,0
4990,617,47.0,TRANSFER_IN,133.55,GBP,2025-06-13 00:00:00,11,MOBILE,200.0,0
4991,557,20.0,CREDIT,1326.7,EUR,2025-01-08 00:00:00,37,ONLINE,,0
4992,612,20.0,TRANSFER_IN,779.39,GBP,2025-08-10 00:00:00,46,MOBILE,413.0,0
4993,37,,TRANSFER_OUT,289.94,GBP,2025-01-10 00:00:00,41,BRANCH,374.0,0
4994,50,147.0,CASH_DEPOSIT,19.37,GBP,2025-08-18 00:00:00,14,BRANCH,,0
4995,235,53.0,TRANSFER_IN,59.31,EUR,2025-04-18 00:00:00,9,BRANCH,70.0,0
4996,37,148.0,TRANSFER_IN,758.84,GBP,2025-03-04 00:00:00,3,BRANCH,682.0,0
4997,77,,TRANSFER_IN,205.49,GBP,2025-02-02 00:00:00,2,ATM,454.0,0
4998,208,151.0,CREDIT,590.37,GBP,2025-03-21 00:00:00,6,MOBILE,,0
4999,347,175.0,TRANSFER_OUT,832.67,GBP,2025-05-25 00:00:00,4,MOBILE,394.0,0
5000,231,133.0,TRANSFER_IN,963.63,GBP,2025-06-04 00:00:00,7,BRANCH,517.0,0
5002,20,,CASH_DEPOSIT,9324.52,GBP,2025-04-07 06:00:00,46,BRANCH,,1
5003,20,,CASH_DEPOSIT,9279.07,GBP,2025-04-08 10:00:00,16,BRANCH,,1
5004,20,,CASH_DEPOSIT,9583.55,GBP,2025-04-07 18:00:00,26,BRANCH,,1
5005,20,,CASH_DEPOSIT,9326.45,GBP,2025-04-09 06:00:00,2,BRANCH,,1
5006,20,,CASH_DEPOSIT,9202.63,GBP,2025-04-07 17:00:00,50,BRANCH,,1
5007,20,,CASH_DEPOSIT,9569.81,GBP,2025-04-08 00:00:00,24,BRANCH,,1
5008,20,,CASH_DEPOSIT,9459.78,GBP,2025-04-08 20:00:00,47,BRANCH,,1
5009,720,,CASH_DEPOSIT,9349.66,GBP,2025-07-05 00:00:00,19,BRANCH,,1
5010,720,,CASH_DEPOSIT,9578.55,GBP,2025-07-03 04:00:00,7,BRANCH,,1
5011,720,,CASH_DEPOSIT,9451.8,GBP,2025-07-05 01:00:00,42,BRANCH,,1
5012,720,,CASH_DEPOSIT,9823.37,GBP,2025-07-03 02:00:00,9,BRANCH,,1
5013,720,,CASH_DEPOSIT,9192.25,GBP,2025-07-03 01:00:00,7,BRANCH,,1
5014,720,,CASH_DEPOSIT,9337.77,GBP,2025-07-03 23:00:00,7,BRANCH,,1
5015,12,,CASH_DEPOSIT,9365.37,GBP,2025-06-03 02:00:00,39,BRANCH,,1
5016,12,,CASH_DEPOSIT,9100.88,GBP,2025-06-04 08:00:00,50,BRANCH,,1
5017,12,,CASH_DEPOSIT,9314.15,GBP,2025-06-04 06:00:00,22,BRANCH,,1
5018,12,,CASH_DEPOSIT,9107.99,GBP,2025-06-05 00:00:00,38,BRANCH,,1
5019,29,,CASH_DEPOSIT,9350.89,GBP,2025-08-27 10:00:00,30,BRANCH,,1
5020,29,,CASH_DEPOSIT,9425.84,GBP,2025-08-25 23:00:00,2,BRANCH,,1
5021,29,,CASH_DEPOSIT,9252.51,GBP,2025-08-25 07:00:00,26,BRANCH,,1
5022,29,,CASH_DEPOSIT,9582.75,GBP,2025-08-26 19:00:00,10,BRANCH,,1
5023,29,,CASH_DEPOSIT,9606.28,GBP,2025-08-27 11:00:00,33,BRANCH,,1
5024,566,,CASH_DEPOSIT,9892.44,GBP,2025-06-11 23:00:00,39,BRANCH,,1
5025,566,,CASH_DEPOSIT,9606.48,GBP,2025-06-10 23:00:00,28,BRANCH,,1
5026,566,,CASH_DEPOSIT,9484.14,GBP,2025-06-12 00:00:00,41,BRANCH,,1
5027,566,,CASH_DEPOSIT,9502.29,GBP,2025-06-12 01:00:00,41,BRANCH,,1
5028,566,,CASH_DEPOSIT,9449.13,GBP,2025-06-10 11:00:00,1,BRANCH,,1
5029,566,,CASH_DEPOSIT,9127.96,GBP,2025-06-10 01:00:00,17,BRANCH,,1
5030,306,,CASH_DEPOSIT,9072.3,GBP,2025-08-05 02:00:00,15,BRANCH,,1
5031,306,,CASH_DEPOSIT,9345.11,GBP,2025-08-06 20:00:00,22,BRANCH,,1
5032,306,,CASH_DEPOSIT,9204.73,GBP,2025-08-06 08:00:00,25,BRANCH,,1
5033,306,,CASH_DEPOSIT,9676.87,GBP,2025-08-05 06:00:00,17,BRANCH,,1
5034,306,,CASH_DEPOSIT,9262.32,GBP,2025-08-05 10:00:00,47,BRANCH,,1
5035,306,,CASH_DEPOSIT,9867.44,GBP,2025-08-07 08:00:00,48,BRANCH,,1
5036,306,,CASH_DEPOSIT,9422.11,GBP,2025-08-06 20:00:00,38,BRANCH,,1
5037,105,,CASH_DEPOSIT,9303.4,GBP,2025-04-23 05:00:00,19,BRANCH,,1
5038,105,,CASH_DEPOSIT,9327.0,GBP,2025-04-24 00:00:00,23,BRANCH,,1
5039,105,,CASH_DEPOSIT,9013.79,GBP,2025-04-24 12:00:00,4,BRANCH,,1
5040,105,,CASH_DEPOSIT,9044.77,GBP,2025-04-24 17:00:00,40,BRANCH,,1
5041,105,,CASH_DEPOSIT,9807.96,GBP,2025-04-24 04:00:00,47,BRANCH,,1
5042,105,,CASH_DEPOSIT,9524.46,GBP,2025-04-23 20:00:00,31,BRANCH,,1
5043,402,,CASH_DEPOSIT,9382.25,GBP,2025-02-22 11:00:00,17,BRANCH,,1
5044,402,,CASH_DEPOSIT,9121.71,GBP,2025-02-21 05:00:00,45,BRANCH,,1
5045,402,,CASH_DEPOSIT,9125.1,GBP,2025-02-20 17:00:00,14,BRANCH,,1
5046,402,,CASH_DEPOSIT,9371.55,GBP,2025-02-20 06:00:00,3,BRANCH,,1
5047,402,,CASH_DEPOSIT,9858.54,GBP,2025-02-21 16:00:00,2,BRANCH,,1
5048,402,,CASH_DEPOSIT,9508.94,GBP,2025-02-20 11:00:00,17,BRANCH,,1
5049,146,,CASH_DEPOSIT,9580.48,GBP,2025-03-24 08:00:00,17,BRANCH,,1
5050,146,,CASH_DEPOSIT,9638.79,GBP,2025-03-25 19:00:00,20,BRANCH,,1
5051,146,,CASH_DEPOSIT,9397.76,GBP,2025-03-24 10:00:00,13,BRANCH,,1
5052,146,,CASH_DEPOSIT,9376.51,GBP,2025-03-25 05:00:00,19,BRANCH,,1
5053,699,,CASH_DEPOSIT,9053.32,GBP,2025-01-30 04:00:00,1,BRANCH,,1
5054,699,,CASH_DEPOSIT,9150.67,GBP,2025-01-30 00:00:00,11,BRANCH,,1
5055,699,,CASH_DEPOSIT,9302.06,GBP,2025-01-31 11:00:00,13,BRANCH,,1
5056,699,,CASH_DEPOSIT,9594.67,GBP,2025-01-29 06:00:00,13,BRANCH,,1
5057,699,,CASH_DEPOSIT,9229.15,GBP,2025-01-29 06:00:00,29,BRANCH,,1
5058,699,,CASH_DEPOSIT,9379.14,GBP,2025-01-29 12:00:00,35,BRANCH,,1
5059,699,,CASH_DEPOSIT,9025.35,GBP,2025-01-30 13:00:00,23,BRANCH,,1
5060,307,142,DEBIT,207.95,GBP,2025-04-25 18:45:00,18,ONLINE,,1
5061,307,55,CREDIT,250.53,GBP,2025-04-25 20:56:00,14,ONLINE,,1
5062,307,150,CREDIT,61.84,GBP,2025-04-25 18:32:00,11,BRANCH,,1
5063,307,16,CREDIT,245.33,GBP,2025-04-25 03:43:00,9,BRANCH,,1
5064,307,97,CREDIT,223.91,GBP,2025-04-25 13:57:00,31,ATM,,1
5065,307,44,CREDIT,299.75,GBP,2025-04-25 12:08:00,25,ONLINE,,1
5066,307,191,DEBIT,299.79,GBP,2025-04-25 12:02:00,4,BRANCH,,1
5067,307,145,DEBIT,161.52,GBP,2025-04-25 19:34:00,38,BRANCH,,1
5068,307,149,DEBIT,260.83,GBP,2025-04-25 00:31:00,38,ATM,,1
5069,307,89,CREDIT,103.91,GBP,2025-04-25 04:55:00,34,ONLINE,,1
5070,307,40,CREDIT,162.9,GBP,2025-04-25 18:02:00,44,BRANCH,,1
5071,307,173,CREDIT,113.43,GBP,2025-04-25 08:24:00,12,BRANCH,,1
5072,307,196,DEBIT,424.8,GBP,2025-04-25 04:01:00,35,ONLINE,,1
5073,307,53,DEBIT,400.53,GBP,2025-04-25 06:20:00,34,BRANCH,,1
5074,307,57,DEBIT,137.64,GBP,2025-04-25 14:46:00,32,MOBILE,,1
5075,307,135,CREDIT,415.33,GBP,2025-04-25 07:44:00,36,ONLINE,,1
5076,71,152,DEBIT,336.81,GBP,2025-01-27 15:50:00,26,ONLINE,,1
5077,71,189,DEBIT,311.75,GBP,2025-01-27 22:04:00,8,BRANCH,,1
5078,71,149,CREDIT,55.72,GBP,2025-01-27 16:42:00,7,ONLINE,,1
5079,71,195,CREDIT,320.84,GBP,2025-01-27 16:33:00,19,BRANCH,,1
5080,71,112,DEBIT,471.29,GBP,2025-01-27 09:28:00,2,BRANCH,,1
5081,71,121,DEBIT,161.26,GBP,2025-01-27 15:31:00,28,BRANCH,,1
5082,71,191,CREDIT,160.56,GBP,2025-01-27 21:37:00,21,ATM,,1
5083,71,154,CREDIT,272.9,GBP,2025-01-27 20:45:00,21,MOBILE,,1
5084,71,105,DEBIT,303.44,GBP,2025-01-27 06:08:00,48,MOBILE,,1
5085,71,68,DEBIT,372.2,GBP,2025-01-27 07:27:00,11,ATM,,1
5086,71,163,DEBIT,390.22,GBP,2025-01-27 06:30:00,44,ONLINE,,1
5087,71,83,DEBIT,196.91,GBP,2025-01-27 13:50:00,49,BRANCH,,1
5088,71,49,DEBIT,78.3,GBP,2025-01-27 07:58:00,20,ATM,,1
5089,71,39,CREDIT,228.73,GBP,2025-01-27 22:15:00,15,ATM,,1
5090,71,165,CREDIT,414.8,GBP,2025-01-27 18:40:00,6,ONLINE,,1
5091,71,150,DEBIT,469.67,GBP,2025-01-27 21:24:00,6,ATM,,1
5092,71,69,DEBIT,406.6,GBP,2025-01-27 05:27:00,44,MOBILE,,1
5093,71,65,DEBIT,242.49,GBP,2025-01-27 08:12:00,29,ATM,,1
5094,71,56,DEBIT,162.22,GBP,2025-01-27 01:32:00,5,BRANCH,,1
5095,71,89,CREDIT,136.75,GBP,2025-01-27 02:33:00,13,ONLINE,,1
5096,71,106,DEBIT,412.16,GBP,2025-01-27 19:10:00,10,ONLINE,,1
5097,71,98,DEBIT,98.89,GBP,2025-01-27 09:47:00,30,ONLINE,,1
5098,71,138,CREDIT,250.36,GBP,2025-01-27 08:42:00,30,MOBILE,,1
5099,71,72,CREDIT,379.84,GBP,2025-01-27 10:39:00,8,BRANCH,,1
5100,71,116,DEBIT,407.08,GBP,2025-01-27 14:15:00,20,ONLINE,,1
5101,71,137,CREDIT,343.36,GBP,2025-01-27 13:31:00,33,MOBILE,,1
5102,71,164,DEBIT,232.04,GBP,2025-01-27 07:53:00,31,ONLINE,,1
5103,71,155,CREDIT,295.45,GBP,2025-01-27 22:05:00,34,MOBILE,,1
5104,504,171,CREDIT,70.41,GBP,2025-05-21 10:10:00,36,ATM,,1
5105,504,96,CREDIT,278.2,GBP,2025-05-21 03:33:00,26,ONLINE,,1
5106,504,68,DEBIT,283.59,GBP,2025-05-21 01:36:00,44,ONLINE,,1
5107,504,73,CREDIT,387.97,GBP,2025-05-21 22:54:00,9,ATM,,1
5108,504,135,DEBIT,412.89,GBP,2025-05-21 06:18:00,36,ATM,,1
5109,504,178,CREDIT,79.52,GBP,2025-05-21 07:00:00,17,ONLINE,,1
5110,504,56,CREDIT,467.38,GBP,2025-05-21 18:36:00,30,MOBILE,,1
5111,504,177,DEBIT,85.19,GBP,2025-05-21 19:15:00,13,ONLINE,,1
5112,504,39,DEBIT,135.49,GBP,2025-05-21 04:33:00,49,ONLINE,,1
5113,504,59,DEBIT,187.49,GBP,2025-05-21 00:13:00,42,MOBILE,,1
5114,504,21,CREDIT,174.73,GBP,2025-05-21 03:49:00,42,BRANCH,,1
5115,504,48,CREDIT,270.54,GBP,2025-05-21 08:42:00,38,MOBILE,,1
5116,504,25,DEBIT,302.39,GBP,2025-05-21 13:53:00,36,MOBILE,,1
5117,504,34,DEBIT,466.63,GBP,2025-05-21 16:12:00,42,ATM,,1
5118,504,143,DEBIT,414.42,GBP,2025-05-21 19:03:00,7,BRANCH,,1
5119,504,149,DEBIT,205.41,GBP,2025-05-21 07:05:00,43,BRANCH,,1
5120,504,9,DEBIT,359.77,GBP,2025-05-21 18:15:00,16,ONLINE,,1
5121,504,105,DEBIT,140.04,GBP,2025-05-21 16:36:00,5,MOBILE,,1
5122,504,186,CREDIT,159.96,GBP,2025-05-21 10:36:00,5,ATM,,1
5123,504,127,CREDIT,231.65,GBP,2025-05-21 05:16:00,33,ONLINE,,1
5124,504,176,CREDIT,262.43,GBP,2025-05-21 14:07:00,45,ONLINE,,1
5125,379,23,CREDIT,362.68,GBP,2025-01-01 08:28:00,38,ATM,,1
5126,379,131,DEBIT,291.66,GBP,2025-01-01 05:55:00,34,ATM,,1
5127,379,166,CREDIT,324.31,GBP,2025-01-01 07:33:00,39,MOBILE,,1
5128,379,143,DEBIT,473.8,GBP,2025-01-01 01:58:00,50,MOBILE,,1
5129,379,25,CREDIT,404.22,GBP,2025-01-01 22:03:00,34,ATM,,1
5130,379,82,DEBIT,307.48,GBP,2025-01-01 08:31:00,38,ATM,,1
5131,379,199,DEBIT,315.53,GBP,2025-01-01 05:04:00,16,ONLINE,,1
5132,379,131,CREDIT,247.4,GBP,2025-01-01 21:35:00,20,ONLINE,,1
5133,379,111,DEBIT,436.92,GBP,2025-01-01 02:55:00,22,MOBILE,,1
5134,379,142,DEBIT,497.03,GBP,2025-01-01 13:16:00,32,ONLINE,,1
5135,379,126,DEBIT,355.63,GBP,2025-01-01 09:32:00,25,ONLINE,,1
5136,379,144,DEBIT,174.63,GBP,2025-01-01 02:38:00,10,BRANCH,,1
5137,379,10,DEBIT,182.68,GBP,2025-01-01 03:35:00,11,ATM,,1
5138,379,79,CREDIT,107.67,GBP,2025-01-01 18:43:00,29,ATM,,1
5139,379,166,CREDIT,133.62,GBP,2025-01-01 15:18:00,35,ONLINE,,1
5140,379,116,CREDIT,265.84,GBP,2025-01-01 07:33:00,9,ATM,,1
5141,379,49,CREDIT,61.4,GBP,2025-01-01 14:11:00,49,ONLINE,,1
5142,379,146,DEBIT,367.65,GBP,2025-01-01 13:54:00,36,ATM,,1
5143,379,20,CREDIT,211.88,GBP,2025-01-01 16:11:00,19,BRANCH,,1
5144,379,182,DEBIT,339.99,GBP,2025-01-01 14:10:00,26,MOBILE,,1
5145,379,200,DEBIT,264.03,GBP,2025-01-01 12:40:00,27,BRANCH,,1
5146,379,116,CREDIT,209.1,GBP,2025-01-01 11:41:00,31,ATM,,1
5147,379,36,CREDIT,450.14,GBP,2025-01-01 12:21:00,37,BRANCH,,1
5148,379,138,DEBIT,277.3,GBP,2025-01-01 14:07:00,5,ATM,,1
5149,379,43,DEBIT,181.24,GBP,2025-01-01 18:28:00,37,ATM,,1
5150,273,2,DEBIT,108.74,GBP,2025-01-10 09:06:00,21,BRANCH,,1
5151,273,164,DEBIT,424.67,GBP,2025-01-10 13:18:00,32,MOBILE,,1
5152,273,45,CREDIT,104.24,GBP,2025-01-10 16:21:00,34,ONLINE,,1
5153,273,1,DEBIT,460.91,GBP,2025-01-10 03:42:00,47,ATM,,1
5154,273,42,CREDIT,374.35,GBP,2025-01-10 07:06:00,49,ONLINE,,1
5155,273,8,CREDIT,150.26,GBP,2025-01-10 17:20:00,47,MOBILE,,1
5156,273,41,CREDIT,270.88,GBP,2025-01-10 03:04:00,41,ONLINE,,1
5157,273,82,DEBIT,280.63,GBP,2025-01-10 12:48:00,21,ONLINE,,1
5158,273,152,CREDIT,285.8,GBP,2025-01-10 03:28:00,40,ONLINE,,1
5159,273,160,DEBIT,439.98,GBP,2025-01-10 17:08:00,14,ONLINE,,1
5160,273,9,DEBIT,155.71,GBP,2025-01-10 21:14:00,20,ATM,,1
5161,273,47,CREDIT,407.45,GBP,2025-01-10 20:04:00,19,ONLINE,,1
5162,273,115,CREDIT,79.68,GBP,2025-01-10 13:46:00,24,BRANCH,,1
5163,273,97,DEBIT,193.7,GBP,2025-01-10 10:17:00,34,MOBILE,,1
5164,273,171,CREDIT,299.86,GBP,2025-01-10 00:22:00,44,ONLINE,,1
5165,273,87,CREDIT,402.9,GBP,2025-01-10 13:27:00,4,ATM,,1
5166,273,73,DEBIT,144.58,GBP,2025-01-10 21:21:00,49,ONLINE,,1
5167,273,8,CREDIT,307.51,GBP,2025-01-10 00:13:00,50,ATM,,1
5168,273,18,CREDIT,422.62,GBP,2025-01-10 13:55:00,44,MOBILE,,1
5169,273,104,DEBIT,492.54,GBP,2025-01-10 15:02:00,25,MOBILE,,1
5170,273,154,CREDIT,181.98,GBP,2025-01-10 12:47:00,25,ONLINE,,1
5171,273,59,CREDIT,279.62,GBP,2025-01-10 10:00:00,14,ATM,,1
5172,273,68,CREDIT,197.66,GBP,2025-01-10 11:20:00,24,ONLINE,,1
5173,273,199,DEBIT,223.03,GBP,2025-01-10 06:30:00,18,ATM,,1
5174,696,41,CREDIT,137.46,GBP,2025-01-06 17:54:00,35,ATM,,1
5175,696,13,DEBIT,314.77,GBP,2025-01-06 12:52:00,47,ATM,,1
5176,696,10,CREDIT,391.01,GBP,2025-01-06 17:39:00,36,ONLINE,,1
5177,696,108,DEBIT,180.11,GBP,2025-01-06 00:40:00,13,BRANCH,,1
5178,696,27,DEBIT,286.9,GBP,2025-01-06 08:52:00,22,ATM,,1
5179,696,116,DEBIT,104.42,GBP,2025-01-06 19:14:00,16,MOBILE,,1
5180,696,6,CREDIT,121.17,GBP,2025-01-06 20:43:00,14,BRANCH,,1
5181,696,42,DEBIT,146.95,GBP,2025-01-06 02:23:00,44,MOBILE,,1
5182,696,113,DEBIT,173.61,GBP,2025-01-06 11:02:00,22,ONLINE,,1
5183,696,100,CREDIT,263.96,GBP,2025-01-06 11:41:00,26,MOBILE,,1
5184,696,165,DEBIT,472.34,GBP,2025-01-06 01:57:00,25,ATM,,1
5185,696,114,DEBIT,206.81,GBP,2025-01-06 17:59:00,13,BRANCH,,1
5186,696,26,DEBIT,99.12,GBP,2025-01-06 01:47:00,19,ATM,,1
5187,696,125,CREDIT,268.56,GBP,2025-01-06 16:29:00,25,MOBILE,,1
5188,696,154,CREDIT,384.52,GBP,2025-01-06 04:31:00,18,ATM,,1
5189,696,108,CREDIT,148.15,GBP,2025-01-06 02:42:00,38,BRANCH,,1
5190,696,31,DEBIT,197.8,GBP,2025-01-06 15:24:00,38,ONLINE,,1
5191,696,68,DEBIT,426.87,GBP,2025-01-06 10:26:00,22,MOBILE,,1
5192,696,72,CREDIT,292.14,GBP,2025-01-06 21:19:00,45,MOBILE,,1
5193,696,97,CREDIT,301.92,GBP,2025-01-06 18:02:00,9,ATM,,1
5194,696,173,CREDIT,307.14,GBP,2025-01-06 04:07:00,16,ATM,,1
5195,696,110,CREDIT,269.11,GBP,2025-01-06 18:38:00,34,ONLINE,,1
5196,696,109,DEBIT,283.71,GBP,2025-01-06 16:20:00,34,ONLINE,,1
5197,696,139,DEBIT,494.11,GBP,2025-01-06 10:08:00,8,BRANCH,,1
5198,696,157,DEBIT,312.84,GBP,2025-01-06 21:16:00,19,BRANCH,,1
5199,696,72,DEBIT,405.48,GBP,2025-01-06 08:53:00,30,ATM,,1
5200,33,88,DEBIT,111.97,GBP,2025-01-14 10:14:00,18,ATM,,1
5201,33,155,CREDIT,302.32,GBP,2025-01-14 02:10:00,4,BRANCH,,1
5202,33,141,CREDIT,257.03,GBP,2025-01-14 22:09:00,11,BRANCH,,1
5203,33,24,DEBIT,457.17,GBP,2025-01-14 15:34:00,21,ONLINE,,1
5204,33,62,CREDIT,469.21,GBP,2025-01-14 13:01:00,1,MOBILE,,1
5205,33,81,CREDIT,491.71,GBP,2025-01-14 01:03:00,15,ONLINE,,1
5206,33,167,CREDIT,354.18,GBP,2025-01-14 00:38:00,36,ATM,,1
5207,33,121,CREDIT,266.14,GBP,2025-01-14 00:00:00,47,ONLINE,,1
5208,33,173,DEBIT,97.84,GBP,2025-01-14 19:39:00,42,MOBILE,,1
5209,33,157,CREDIT,493.31,GBP,2025-01-14 13:26:00,29,BRANCH,,1
5210,33,24,CREDIT,397.94,GBP,2025-01-14 13:27:00,16,ATM,,1
5211,33,105,CREDIT,80.17,GBP,2025-01-14 13:45:00,12,ATM,,1
5212,33,18,CREDIT,380.67,GBP,2025-01-14 18:00:00,27,MOBILE,,1
5213,33,54,DEBIT,407.99,GBP,2025-01-14 19:10:00,26,MOBILE,,1
5214,33,191,CREDIT,54.66,GBP,2025-01-14 06:45:00,10,MOBILE,,1
5215,33,108,CREDIT,186.37,GBP,2025-01-14 20:59:00,34,ONLINE,,1
5216,33,94,CREDIT,324.52,GBP,2025-01-14 13:44:00,26,ATM,,1
5217,33,101,CREDIT,253.63,GBP,2025-01-14 10:40:00,15,BRANCH,,1
5218,33,145,CREDIT,483.7,GBP,2025-01-14 08:28:00,17,BRANCH,,1
5219,33,120,CREDIT,96.43,GBP,2025-01-14 03:43:00,42,MOBILE,,1
5220,33,9,DEBIT,71.78,GBP,2025-01-14 18:27:00,42,MOBILE,,1
5221,33,66,DEBIT,438.82,GBP,2025-01-14 21:01:00,16,ONLINE,,1
5222,33,42,DEBIT,462.71,GBP,2025-01-14 23:00:00,38,BRANCH,,1
5223,33,7,CREDIT,160.74,GBP,2025-01-14 13:09:00,21,BRANCH,,1
5224,33,108,DEBIT,229.72,GBP,2025-01-14 14:33:00,40,ONLINE,,1
5225,33,56,DEBIT,467.32,GBP,2025-01-14 20:31:00,11,ONLINE,,1
5226,33,77,DEBIT,403.54,GBP,2025-01-14 10:47:00,9,BRANCH,,1
5227,33,164,CREDIT,451.55,GBP,2025-01-14 04:11:00,21,BRANCH,,1
5228,33,38,CREDIT,281.31,GBP,2025-01-14 09:06:00,45,ATM,,1
5229,99,45,CREDIT,489.23,GBP,2025-05-13 03:10:00,42,ATM,,1
5230,99,51,DEBIT,416.38,GBP,2025-05-13 19:28:00,48,MOBILE,,1
5231,99,158,CREDIT,157.56,GBP,2025-05-13 11:13:00,28,MOBILE,,1
5232,99,66,CREDIT,58.97,GBP,2025-05-13 18:49:00,18,ATM,,1
5233,99,107,DEBIT,227.18,GBP,2025-05-13 12:54:00,6,BRANCH,,1
5234,99,17,DEBIT,73.87,GBP,2025-05-13 14:08:00,19,MOBILE,,1
5235,99,163,CREDIT,85.02,GBP,2025-05-13 10:28:00,5,MOBILE,,1
5236,99,95,DEBIT,350.76,GBP,2025-05-13 21:47:00,27,MOBILE,,1
5237,99,180,CREDIT,165.03,GBP,2025-05-13 14:36:00,24,BRANCH,,1
5238,99,169,DEBIT,243.27,GBP,2025-05-13 02:10:00,9,MOBILE,,1
5239,99,189,CREDIT,392.38,GBP,2025-05-13 18:29:00,18,ATM,,1
5240,99,78,DEBIT,353.94,GBP,2025-05-13 14:52:00,17,ONLINE,,1
5241,99,45,DEBIT,442.71,GBP,2025-05-13 17:30:00,40,BRANCH,,1
5242,99,87,CREDIT,355.84,GBP,2025-05-13 11:23:00,14,MOBILE,,1
5243,99,137,CREDIT,204.28,GBP,2025-05-13 14:40:00,9,ONLINE,,1
5244,99,195,DEBIT,273.43,GBP,2025-05-13 17:26:00,6,BRANCH,,1
5245,99,19,DEBIT,485.98,GBP,2025-05-13 15:31:00,22,BRANCH,,1
5246,99,70,DEBIT,398.58,GBP,2025-05-13 15:48:00,44,BRANCH,,1
5247,99,172,CREDIT,58.31,GBP,2025-05-13 18:17:00,9,ONLINE,,1
5248,99,197,CREDIT,391.2,GBP,2025-05-13 22:55:00,21,ATM,,1
5249,99,16,CREDIT,370.59,GBP,2025-05-13 02:39:00,9,ONLINE,,1
5250,99,28,DEBIT,347.84,GBP,2025-05-13 22:00:00,28,BRANCH,,1
5251,99,164,CREDIT,397.08,GBP,2025-05-13 15:30:00,14,MOBILE,,1
5252,99,31,CREDIT,197.69,GBP,2025-05-13 00:02:00,15,BRANCH,,1
5253,99,153,CREDIT,220.36,GBP,2025-05-13 07:46:00,49,BRANCH,,1
5254,99,5,CREDIT,451.42,GBP,2025-05-13 04:21:00,36,BRANCH,,1
5255,99,43,DEBIT,352.74,GBP,2025-05-13 02:05:00,38,ONLINE,,1
5256,99,144,CREDIT,308.75,GBP,2025-05-13 01:37:00,31,MOBILE,,1
5257,398,10,DEBIT,358.04,GBP,2025-01-04 19:51:00,2,BRANCH,,1
5258,398,48,DEBIT,335.31,GBP,2025-01-04 21:35:00,14,ATM,,1
5259,398,94,CREDIT,113.98,GBP,2025-01-04 11:17:00,44,BRANCH,,1
5260,398,130,CREDIT,472.71,GBP,2025-01-04 13:03:00,10,ATM,,1
5261,398,114,DEBIT,217.16,GBP,2025-01-04 11:46:00,47,MOBILE,,1
5262,398,198,CREDIT,317.43,GBP,2025-01-04 20:33:00,38,MOBILE,,1
5263,398,90,DEBIT,82.24,GBP,2025-01-04 19:44:00,44,BRANCH,,1
5264,398,136,DEBIT,392.84,GBP,2025-01-04 18:40:00,29,ONLINE,,1
5265,398,124,DEBIT,355.48,GBP,2025-01-04 19:18:00,22,MOBILE,,1
5266,398,4,DEBIT,321.8,GBP,2025-01-04 17:41:00,13,ATM,,1
5267,398,151,CREDIT,416.13,GBP,2025-01-04 21:32:00,42,ATM,,1
5268,398,188,DEBIT,390.14,GBP,2025-01-04 21:40:00,45,ATM,,1
5269,398,41,CREDIT,389.16,GBP,2025-01-04 11:39:00,27,ATM,,1
5270,398,41,CREDIT,338.15,GBP,2025-01-04 00:07:00,14,ONLINE,,1
5271,398,115,CREDIT,472.68,GBP,2025-01-04 21:48:00,33,ATM,,1
5272,398,142,DEBIT,420.14,GBP,2025-01-04 01:49:00,38,MOBILE,,1
5273,398,33,DEBIT,65.55,GBP,2025-01-04 11:39:00,43,BRANCH,,1
5274,398,119,CREDIT,230.18,GBP,2025-01-04 19:58:00,4,MOBILE,,1
5275,398,67,CREDIT,311.46,GBP,2025-01-04 21:35:00,26,ATM,,1
5276,398,43,DEBIT,498.03,GBP,2025-01-04 06:29:00,40,MOBILE,,1
5277,398,69,DEBIT,184.04,GBP,2025-01-04 08:43:00,50,ATM,,1
5278,398,124,DEBIT,155.99,GBP,2025-01-04 03:27:00,37,ONLINE,,1
5279,398,194,DEBIT,104.36,GBP,2025-01-04 06:10:00,4,ATM,,1
5280,398,175,DEBIT,269.73,GBP,2025-01-04 06:08:00,40,ATM,,1
5281,398,33,CREDIT,328.27,GBP,2025-01-04 21:30:00,17,ONLINE,,1
5282,254,124,DEBIT,236.8,GBP,2025-06-13 14:20:00,18,ONLINE,,1
5283,254,89,DEBIT,269.92,GBP,2025-06-13 19:33:00,15,ATM,,1
5284,254,180,DEBIT,203.74,GBP,2025-06-13 12:30:00,9,MOBILE,,1
5285,254,167,DEBIT,97.88,GBP,2025-06-13 06:34:00,1,ONLINE,,1
5286,254,135,DEBIT,381.43,GBP,2025-06-13 02:43:00,41,MOBILE,,1
5287,254,12,DEBIT,90.76,GBP,2025-06-13 05:24:00,37,ATM,,1
5288,254,183,CREDIT,182.84,GBP,2025-06-13 13:04:00,25,MOBILE,,1
5289,254,7,CREDIT,477.23,GBP,2025-06-13 18:46:00,25,MOBILE,,1
5290,254,25,CREDIT,300.3,GBP,2025-06-13 22:38:00,16,ATM,,1
5291,254,98,CREDIT,113.13,GBP,2025-06-13 04:27:00,20,BRANCH,,1
5292,254,13,CREDIT,263.39,GBP,2025-06-13 01:18:00,25,ONLINE,,1
5293,254,126,CREDIT,243.53,GBP,2025-06-13 21:58:00,16,MOBILE,,1
5294,254,31,DEBIT,82.58,GBP,2025-06-13 04:10:00,35,ONLINE,,1
5295,254,129,CREDIT,256.61,GBP,2025-06-13 20:45:00,2,ATM,,1
5296,254,12,DEBIT,329.29,GBP,2025-06-13 18:11:00,47,ONLINE,,1
5297,254,101,CREDIT,255.25,GBP,2025-06-13 11:46:00,50,ATM,,1
5298,254,190,CREDIT,336.97,GBP,2025-06-13 23:08:00,28,BRANCH,,1
5299,254,152,DEBIT,254.54,GBP,2025-06-13 12:26:00,29,MOBILE,,1
5300,254,161,CREDIT,412.5,GBP,2025-06-13 07:40:00,26,BRANCH,,1
5301,254,126,DEBIT,334.95,GBP,2025-06-13 09:32:00,50,ONLINE,,1
5302,254,159,DEBIT,418.25,GBP,2025-06-13 21:05:00,46,ATM,,1
5303,254,103,CREDIT,288.16,GBP,2025-06-13 18:25:00,46,MOBILE,,1
5304,254,2,CREDIT,147.75,GBP,2025-06-13 01:28:00,35,BRANCH,,1
5305,254,55,DEBIT,427.73,GBP,2025-06-13 06:36:00,17,BRANCH,,1
5306,254,7,CREDIT,325.34,GBP,2025-06-13 18:35:00,12,ONLINE,,1
5307,254,197,CREDIT,50.97,GBP,2025-06-13 05:15:00,26,BRANCH,,1
5308,254,52,CREDIT,201.9,GBP,2025-06-13 15:14:00,23,BRANCH,,1
5310,729,163,DEBIT,282.09,GBP,2025-08-07 00:00:00,1,ONLINE,,1
5311,729,50,DEBIT,858.42,GBP,2025-08-07 01:22:00,10,ONLINE,,1
5313,729,130,DEBIT,247.47,GBP,2025-08-08 00:00:00,1,ONLINE,,1
5314,729,122,DEBIT,821.36,GBP,2025-08-08 00:52:00,10,ONLINE,,1
5316,92,176,DEBIT,323.38,GBP,2025-02-14 00:00:00,2,ONLINE,,1
5317,92,8,DEBIT,589.67,GBP,2025-02-14 00:44:00,11,ONLINE,,1
5319,92,14,DEBIT,804.49,GBP,2025-02-15 00:00:00,2,ONLINE,,1
5320,92,192,DEBIT,926.22,GBP,2025-02-15 01:28:00,11,ONLINE,,1
5322,435,4,DEBIT,581.74,GBP,2025-05-22 00:00:00,3,ONLINE,,1
5323,435,177,DEBIT,563.97,GBP,2025-05-22 01:10:00,12,ONLINE,,1
5325,435,178,DEBIT,171.17,GBP,2025-05-23 00:00:00,3,ONLINE,,1
5326,435,43,DEBIT,794.6,GBP,2025-05-23 00:57:00,12,ONLINE,,1
5328,216,78,DEBIT,731.88,GBP,2025-05-09 00:00:00,1,ONLINE,,1
5329,216,60,DEBIT,154.07,GBP,2025-05-09 00:49:00,10,ONLINE,,1
5331,216,175,DEBIT,846.04,GBP,2025-05-10 00:00:00,1,ONLINE,,1
5332,216,119,DEBIT,930.33,GBP,2025-05-10 00:50:00,10,ONLINE,,1
5334,542,35,DEBIT,500.7,GBP,2025-02-02 00:00:00,1,ONLINE,,1
5335,542,180,DEBIT,464.2,GBP,2025-02-02 00:36:00,10,ONLINE,,1
5337,542,1,DEBIT,608.2,GBP,2025-02-03 00:00:00,1,ONLINE,,1
5338,542,25,DEBIT,968.1,GBP,2025-02-03 00:36:00,10,ONLINE,,1
5340,143,117,DEBIT,999.32,GBP,2025-08-06 00:00:00,3,ONLINE,,1
5341,143,110,DEBIT,976.76,GBP,2025-08-06 01:25:00,12,ONLINE,,1
5343,143,95,DEBIT,215.83,GBP,2025-08-07 00:00:00,3,ONLINE,,1
5344,143,86,DEBIT,237.02,GBP,2025-08-07 01:28:00,12,ONLINE,,1
5346,350,168,DEBIT,506.44,GBP,2025-04-18 00:00:00,2,ONLINE,,1
5347,350,19,DEBIT,111.25,GBP,2025-04-18 00:42:00,11,ONLINE,,1
5349,350,2,DEBIT,942.4,GBP,2025-04-19 00:00:00,2,ONLINE,,1
5350,350,137,DEBIT,469.36,GBP,2025-04-19 01:18:00,11,ONLINE,,1
5352,83,108,DEBIT,992.89,GBP,2025-06-15 00:00:00,2,ONLINE,,1
5353,83,79,DEBIT,190.76,GBP,2025-06-15 00:47:00,11,ONLINE,,1
5355,83,61,DEBIT,414.93,GBP,2025-06-16 00:00:00,2,ONLINE,,1
5356,83,156,DEBIT,855.92,GBP,2025-06-16 01:00:00,11,ONLINE,,1
5358,107,86,DEBIT,272.29,GBP,2025-04-20 00:00:00,3,ONLINE,,1
5359,107,120,DEBIT,362.64,GBP,2025-04-20 01:06:00,12,ONLINE,,1
5361,107,88,DEBIT,255.16,GBP,2025-04-21 00:00:00,3,ONLINE,,1
5362,107,118,DEBIT,499.83,GBP,2025-04-21 00:41:00,12,ONLINE,,1
5364,483,146,DEBIT,676.07,GBP,2025-04-08 00:00:00,3,ONLINE,,1
5365,483,126,DEBIT,745.7,GBP,2025-04-08 01:07:00,12,ONLINE,,1
5367,483,193,DEBIT,298.99,GBP,2025-04-09 00:00:00,3,ONLINE,,1
5368,483,147,DEBIT,436.53,GBP,2025-04-09 01:21:00,12,ONLINE,,1
